区域,省份,城市,商圈名称,商圈记录粒度,代表商场,代表地址,商场点评摘要,商场样本数,地址完整率,点评覆盖率,高端定位样本数,大众定位样本数,街区型样本数,日均客流量_万人次,单店月租金估计_万元,商铺面积估计_平方米,商圈客流租金来源,商业密度代理_商场样本数,消费能力代理_收入社零综合,交通可达性代理_公共交通客运,餐饮集聚代理_连锁门店数,年轻客群代理_pct,成本压力代理_租金,政策支持代理,问题一可用指标数,地址样本数,点评样本数,年末人口数,社会消费品零售总额,限额以上餐饮法人企业数,限额以上餐饮营业收入,连锁餐饮企业数,连锁门店数,连锁餐饮营业收入,公交汽车客运总量,轨道交通客运总量,出租汽车数量,城镇人口比重,乡村人口比重,出生率,死亡率,自然增长率,平均家庭户规模,人均社零额_元,人均限上餐饮收入_元,万人公交客运量,万人轨道交通客运量,万人出租车数量,城镇居民人均可支配收入_元,收入同比增长_pct,收入数据来源,城市商铺租金排名,城市平均商铺租金_元每月每平米,商铺租金同比文本,商铺租金涨跌幅_pct,核心商圈租金_元每月每平米,核心商圈空置率_pct,核心商圈租金来源,核心商圈租金时间,首店政策数量,首店政策文件,首店奖励标准,有首店政策,18_30岁人口占比_pct,15_59岁人口占比_pct,平均年龄_岁,年轻人口数据来源,年轻人口补充指标,年轻人口补充值,年轻人口补充来源,核心商圈明细租金_元每月每平米,核心商圈明细来源,指标粒度说明,建议评分方向
华东区,江苏,南京,新街口,重点商圈客流表补充,,,,0,,,0,0,0,17.5,,,估算,0,15.0321,0.0,,18.0,554.65,1,6,0,0,,,,,,,,,,,,,,,,,,,,,,86320.0,3.9,南京市统计局2025年公报,8.0,33.23,-1.94%,-1.94,554.65,9.6,戴德梁行2025年南京报告,2025年第四季度,2,《关于促进首发经济发展的若干措施》(宁政办规字〔2025〕2号)；南京市消费新业态新模式新场景试点,单店最高20万元，单个商业载体累计最高200万元；单项政策最高补贴比例30%，最高30万元,1,18.0,68.27,,第七次人口普查,,,,,,该行为重点商圈客流表补充；客流为商圈明细，人口、收入、社零、交通、餐饮、政策多为城市级代理。,正向: 客流、收入社零、公共交通客运、餐饮集聚、年轻客群、政策支持；逆向或成本约束: 租金/空置率。
西南区,四川,成都,春熙路步行街,商圈/商场聚合,新世纪百货,,,1,0.0,0.0,0,0,1,12.5,8.65,625.0,58同城/安居客,1,12.351,0.0,,20.0,5750.0,1,6,0,0,,,,,,,,,,,,,,,,,,,,,,59509.0,4.4,成都市统计局2025年公报,24.0,24.33,-2.84%,-2.84,585.0,8.68,戴德梁行2025年成都报告,2025年第四季度,2,成都市消费新业态新模式新场景试点；成都首发首店支持政策,中央财政补助：超大特大城市合计4亿元；对亚洲级及以上首店给予补贴,1,20.0,68.74,,第七次人口普查,成都14-35岁青年人口,690万,成都市统计年鉴,5750.0,戴德梁行/安居客,该行为重点商圈客流表补充；客流为商圈明细，人口、收入、社零、交通、餐饮、政策多为城市级代理。,正向: 客流、收入社零、公共交通客运、餐饮集聚、年轻客群、政策支持；逆向或成本约束: 租金/空置率。
华东区,浙江,杭州,湖滨商圈,重点商圈客流表补充,,,,0,,,0,0,0,10.0,,,估算,0,15.0641,0.0,,12.8,41.39,1,6,0,0,,,,,,,,,,,,,,,,,,,,,,86640.0,3.9,国家统计局杭州调查队2025年公报,5.0,41.39,+5.62%,5.62,,,戴德梁行2025年报告,2025年上半年,2,"《杭州市大力提振消费打造""赛会之城·购物天堂""三年行动计划(2025-2027年)》；杭州市首发经济支持政策",目标管理，2027年社会消费品零售总额力争突破9000亿元；具体奖励标准待细化,1,12.8,65.7,,第七次人口普查,,,,,,该行为重点商圈客流表补充；客流为商圈明细，人口、收入、社零、交通、餐饮、政策多为城市级代理。,正向: 客流、收入社零、公共交通客运、餐饮集聚、年轻客群、政策支持；逆向或成本约束: 租金/空置率。
华东区,江苏,南京,夫子庙,重点商圈客流表补充,,,,0,,,0,0,0,7.5,,,估算,0,15.0321,0.0,,18.0,554.65,1,6,0,0,,,,,,,,,,,,,,,,,,,,,,86320.0,3.9,南京市统计局2025年公报,8.0,33.23,-1.94%,-1.94,554.65,9.6,戴德梁行2025年南京报告,2025年第四季度,2,《关于促进首发经济发展的若干措施》(宁政办规字〔2025〕2号)；南京市消费新业态新模式新场景试点,单店最高20万元，单个商业载体累计最高200万元；单项政策最高补贴比例30%，最高30万元,1,18.0,68.27,,第七次人口普查,,,,,,该行为重点商圈客流表补充；客流为商圈明细，人口、收入、社零、交通、餐饮、政策多为城市级代理。,正向: 客流、收入社零、公共交通客运、餐饮集聚、年轻客群、政策支持；逆向或成本约束: 租金/空置率。
西南区,四川,成都,太古里,重点商圈客流表补充,,,,0,,,0,0,0,6.5,,,估算,0,12.351,0.0,,20.0,585.0,1,6,0,0,,,,,,,,,,,,,,,,,,,,,,59509.0,4.4,成都市统计局2025年公报,24.0,24.33,-2.84%,-2.84,585.0,8.68,戴德梁行2025年成都报告,2025年第四季度,2,成都市消费新业态新模式新场景试点；成都首发首店支持政策,中央财政补助：超大特大城市合计4亿元；对亚洲级及以上首店给予补贴,1,20.0,68.74,,第七次人口普查,成都14-35岁青年人口,690万,成都市统计年鉴,,,该行为重点商圈客流表补充；客流为商圈明细，人口、收入、社零、交通、餐饮、政策多为城市级代理。,正向: 客流、收入社零、公共交通客运、餐饮集聚、年轻客群、政策支持；逆向或成本约束: 租金/空置率。
华东区,浙江,杭州,武林商圈,重点商圈客流表补充,,,,0,,,0,0,0,6.5,,,估算,0,15.0641,0.0,,12.8,41.39,1,6,0,0,,,,,,,,,,,,,,,,,,,,,,86640.0,3.9,国家统计局杭州调查队2025年公报,5.0,41.39,+5.62%,5.62,,,戴德梁行2025年报告,2025年上半年,2,"《杭州市大力提振消费打造""赛会之城·购物天堂""三年行动计划(2025-2027年)》；杭州市首发经济支持政策",目标管理，2027年社会消费品零售总额力争突破9000亿元；具体奖励标准待细化,1,12.8,65.7,,第七次人口普查,,,,,,该行为重点商圈客流表补充；客流为商圈明细，人口、收入、社零、交通、餐饮、政策多为城市级代理。,正向: 客流、收入社零、公共交通客运、餐饮集聚、年轻客群、政策支持；逆向或成本约束: 租金/空置率。
华东区,上海,上海,“名店运动城”新世界,商圈/商场聚合,“名店运动城”新世界,南京西路 2-68 号新世界 6 楼,新世界店是中国华东首家规模最大，集运动与休闲消费于一身的一站式时尚专业商场，它引领国内消费者进入了一个崭新的消费时代。,1,1.0,1.0,0,0,0,,,,,1,15.5988,194.81,14184.0,,66.34,0,6,1,1,2480.0,15872.3,2914.0,1357.4,141.0,14184.0,668.0,106515.0,376608.0,30861.0,89.85,10.15,4.75,6.28,-1.53,2.2,64001.21,5473.39,42.95,151.86,12.44,91987.0,4.1,上海市统计局,2.0,66.34,+13.47%,13.47,,9.5,戴德梁行2025年报告,2025年上半年,0,,,0,,,,,,,,,,商场样本/点评为商圈聚合；人口、收入、社零、交通、餐饮、政策多为城市级代理；客流/核心租金仅部分重点商圈有明细。,正向: 商场样本数、收入社零、公共交通客运、餐饮集聚、年轻客群、政策支持；逆向或成本约束: 租金/空置率。
华东区,上海,上海,上海华联商厦,商圈/商场聚合,上海华联商厦,华联-上海市南京东路635号,以经营穿着用品为主的品牌服饰主题商厦。,1,1.0,1.0,0,0,0,,,,,1,15.5988,194.81,14184.0,,66.34,0,6,1,1,2480.0,15872.3,2914.0,1357.4,141.0,14184.0,668.0,106515.0,376608.0,30861.0,89.85,10.15,4.75,6.28,-1.53,2.2,64001.21,5473.39,42.95,151.86,12.44,91987.0,4.1,上海市统计局,2.0,66.34,+13.47%,13.47,,9.5,戴德梁行2025年报告,2025年上半年,0,,,0,,,,,,,,,,商场样本/点评为商圈聚合；人口、收入、社零、交通、餐饮、政策多为城市级代理；客流/核心租金仅部分重点商圈有明细。,正向: 商场样本数、收入社零、公共交通客运、餐饮集聚、年轻客群、政策支持；逆向或成本约束: 租金/空置率。
华东区,上海,上海,上海友谊商店,商圈/商场聚合,上海友谊商店,上海市长寿路1188号,友谊商店凭借自己独特的品牌优势、营销特点和“中西合璧、古今共处”的商品差异化定位战略，以卓越的品质，精良的服务成就了友谊品牌的辉煌历史。,1,1.0,1.0,0,0,0,,,,,1,15.5988,194.81,14184.0,,66.34,0,6,1,1,2480.0,15872.3,2914.0,1357.4,141.0,14184.0,668.0,106515.0,376608.0,30861.0,89.85,10.15,4.75,6.28,-1.53,2.2,64001.21,5473.39,42.95,151.86,12.44,91987.0,4.1,上海市统计局,2.0,66.34,+13.47%,13.47,,9.5,戴德梁行2025年报告,2025年上半年,0,,,0,,,,,,,,,,商场样本/点评为商圈聚合；人口、收入、社零、交通、餐饮、政策多为城市级代理；客流/核心租金仅部分重点商圈有明细。,正向: 商场样本数、收入社零、公共交通客运、餐饮集聚、年轻客群、政策支持；逆向或成本约束: 租金/空置率。
华东区,上海,上海,上海第一八佰伴有限公司,商圈/商场聚合,上海第一八佰伴有限公司,上海市浦东张扬路501号,社区百货为主，现逐渐向高端发展！,1,1.0,1.0,1,1,0,,,,,1,15.5988,194.81,14184.0,,66.34,0,6,1,1,2480.0,15872.3,2914.0,1357.4,141.0,14184.0,668.0,106515.0,376608.0,30861.0,89.85,10.15,4.75,6.28,-1.53,2.2,64001.21,5473.39,42.95,151.86,12.44,91987.0,4.1,上海市统计局,2.0,66.34,+13.47%,13.47,,9.5,戴德梁行2025年报告,2025年上半年,0,,,0,,,,,,,,,,商场样本/点评为商圈聚合；人口、收入、社零、交通、餐饮、政策多为城市级代理；客流/核心租金仅部分重点商圈有明细。,正向: 商场样本数、收入社零、公共交通客运、餐饮集聚、年轻客群、政策支持；逆向或成本约束: 租金/空置率。
华东区,上海,上海,上海第一百货商店,商圈/商场聚合,上海第一百货商店,上海市南京东路830号,中高档综合百货！,1,1.0,1.0,1,0,0,,,,,1,15.5988,194.81,14184.0,,66.34,0,6,1,1,2480.0,15872.3,2914.0,1357.4,141.0,14184.0,668.0,106515.0,376608.0,30861.0,89.85,10.15,4.75,6.28,-1.53,2.2,64001.21,5473.39,42.95,151.86,12.44,91987.0,4.1,上海市统计局,2.0,66.34,+13.47%,13.47,,9.5,戴德梁行2025年报告,2025年上半年,0,,,0,,,,,,,,,,商场样本/点评为商圈聚合；人口、收入、社零、交通、餐饮、政策多为城市级代理；客流/核心租金仅部分重点商圈有明细。,正向: 商场样本数、收入社零、公共交通客运、餐饮集聚、年轻客群、政策支持；逆向或成本约束: 租金/空置率。
华东区,上海,上海,上海第九百货,商圈/商场聚合,上海第九百货,,,1,0.0,0.0,0,0,0,,,,,1,15.5988,194.81,14184.0,,66.34,0,6,0,0,2480.0,15872.3,2914.0,1357.4,141.0,14184.0,668.0,106515.0,376608.0,30861.0,89.85,10.15,4.75,6.28,-1.53,2.2,64001.21,5473.39,42.95,151.86,12.44,91987.0,4.1,上海市统计局,2.0,66.34,+13.47%,13.47,,9.5,戴德梁行2025年报告,2025年上半年,0,,,0,,,,,,,,,,商场样本/点评为商圈聚合；人口、收入、社零、交通、餐饮、政策多为城市级代理；客流/核心租金仅部分重点商圈有明细。,正向: 商场样本数、收入社零、公共交通客运、餐饮集聚、年轻客群、政策支持；逆向或成本约束: 租金/空置率。
华东区,上海,上海,上海第六百货,商圈/商场聚合,上海第六百货,上海市肇嘉滨路1068号,综合性商业零售企业！,1,1.0,1.0,0,0,0,,,,,1,15.5988,194.81,14184.0,,66.34,0,6,1,1,2480.0,15872.3,2914.0,1357.4,141.0,14184.0,668.0,106515.0,376608.0,30861.0,89.85,10.15,4.75,6.28,-1.53,2.2,64001.21,5473.39,42.95,151.86,12.44,91987.0,4.1,上海市统计局,2.0,66.34,+13.47%,13.47,,9.5,戴德梁行2025年报告,2025年上半年,0,,,0,,,,,,,,,,商场样本/点评为商圈聚合；人口、收入、社零、交通、餐饮、政策多为城市级代理；客流/核心租金仅部分重点商圈有明细。,正向: 商场样本数、收入社零、公共交通客运、餐饮集聚、年轻客群、政策支持；逆向或成本约束: 租金/空置率。
华东区,上海,上海,上海连卡佛,商圈/商场聚合,上海连卡佛,上海时代广场的东翼/上海市淮海中路99号,国际的时装精品店，专营高级优质时装、配饰及潮流精品。,1,1.0,1.0,0,0,0,,,,,1,15.5988,194.81,14184.0,,66.34,0,6,1,1,2480.0,15872.3,2914.0,1357.4,141.0,14184.0,668.0,106515.0,376608.0,30861.0,89.85,10.15,4.75,6.28,-1.53,2.2,64001.21,5473.39,42.95,151.86,12.44,91987.0,4.1,上海市统计局,2.0,66.34,+13.47%,13.47,,9.5,戴德梁行2025年报告,2025年上半年,0,,,0,,,,,,,,,,商场样本/点评为商圈聚合；人口、收入、社零、交通、餐饮、政策多为城市级代理；客流/核心租金仅部分重点商圈有明细。,正向: 商场样本数、收入社零、公共交通客运、餐饮集聚、年轻客群、政策支持；逆向或成本约束: 租金/空置率。
华东区,上海,上海,久光百货,商圈/商场聚合,久光百货,静安区南京西路1618号,集商业零售、餐饮、超市、休闲于一体的城市型“销品茂”。,1,1.0,1.0,0,0,0,,,,,1,15.5988,194.81,14184.0,,66.34,0,6,1,1,2480.0,15872.3,2914.0,1357.4,141.0,14184.0,668.0,106515.0,376608.0,30861.0,89.85,10.15,4.75,6.28,-1.53,2.2,64001.21,5473.39,42.95,151.86,12.44,91987.0,4.1,上海市统计局,2.0,66.34,+13.47%,13.47,,9.5,戴德梁行2025年报告,2025年上半年,0,,,0,,,,,,,,,,商场样本/点评为商圈聚合；人口、收入、社零、交通、餐饮、政策多为城市级代理；客流/核心租金仅部分重点商圈有明细。,正向: 商场样本数、收入社零、公共交通客运、餐饮集聚、年轻客群、政策支持；逆向或成本约束: 租金/空置率。
华东区,上海,上海,华亭伊势丹,商圈/商场聚合,华亭伊势丹,上海市淮海中路527号,是一家档次比较高的百货公司，二楼为女装区！,1,1.0,1.0,0,0,0,,,,,1,15.5988,194.81,14184.0,,66.34,0,6,1,1,2480.0,15872.3,2914.0,1357.4,141.0,14184.0,668.0,106515.0,376608.0,30861.0,89.85,10.15,4.75,6.28,-1.53,2.2,64001.21,5473.39,42.95,151.86,12.44,91987.0,4.1,上海市统计局,2.0,66.34,+13.47%,13.47,,9.5,戴德梁行2025年报告,2025年上半年,0,,,0,,,,,,,,,,商场样本/点评为商圈聚合；人口、收入、社零、交通、餐饮、政策多为城市级代理；客流/核心租金仅部分重点商圈有明细。,正向: 商场样本数、收入社零、公共交通客运、餐饮集聚、年轻客群、政策支持；逆向或成本约束: 租金/空置率。
华东区,上海,上海,华润时代广场,商圈/商场聚合,华润时代广场,上海浦东张杨路500号(地铁东昌路站3号出口),许多国际大牌进驻！,1,1.0,1.0,0,0,0,,,,,1,15.5988,194.81,14184.0,,66.34,0,6,1,1,2480.0,15872.3,2914.0,1357.4,141.0,14184.0,668.0,106515.0,376608.0,30861.0,89.85,10.15,4.75,6.28,-1.53,2.2,64001.21,5473.39,42.95,151.86,12.44,91987.0,4.1,上海市统计局,2.0,66.34,+13.47%,13.47,,9.5,戴德梁行2025年报告,2025年上半年,0,,,0,,,,,,,,,,商场样本/点评为商圈聚合；人口、收入、社零、交通、餐饮、政策多为城市级代理；客流/核心租金仅部分重点商圈有明细。,正向: 商场样本数、收入社零、公共交通客运、餐饮集聚、年轻客群、政策支持；逆向或成本约束: 租金/空置率。
华东区,上海,上海,华狮中心商场,商圈/商场聚合,华狮中心商场,淮海中路688号,一个以女性为主题的购物中心， 为18至35岁女性提供多样的、非一线品牌的时尚服饰及餐饮及其他服务的购物中心。,1,1.0,1.0,0,0,0,,,,,1,15.5988,194.81,14184.0,,66.34,0,6,1,1,2480.0,15872.3,2914.0,1357.4,141.0,14184.0,668.0,106515.0,376608.0,30861.0,89.85,10.15,4.75,6.28,-1.53,2.2,64001.21,5473.39,42.95,151.86,12.44,91987.0,4.1,上海市统计局,2.0,66.34,+13.47%,13.47,,9.5,戴德梁行2025年报告,2025年上半年,0,,,0,,,,,,,,,,商场样本/点评为商圈聚合；人口、收入、社零、交通、餐饮、政策多为城市级代理；客流/核心租金仅部分重点商圈有明细。,正向: 商场样本数、收入社零、公共交通客运、餐饮集聚、年轻客群、政策支持；逆向或成本约束: 租金/空置率。
华东区,上海,上海,天兴百货,商圈/商场聚合,天兴百货,四川北路2118号,以经销中档男女服饰为主的主题百货公司，目前拥有的时尚品牌专卖有 ONLY. ESPRIT. 艾格. 百图.巧帛.KAKO贝拉维拉.佐丹奴.班尼路等。,1,1.0,1.0,0,1,0,,,,,1,15.5988,194.81,14184.0,,66.34,0,6,1,1,2480.0,15872.3,2914.0,1357.4,141.0,14184.0,668.0,106515.0,376608.0,30861.0,89.85,10.15,4.75,6.28,-1.53,2.2,64001.21,5473.39,42.95,151.86,12.44,91987.0,4.1,上海市统计局,2.0,66.34,+13.47%,13.47,,9.5,戴德梁行2025年报告,2025年上半年,0,,,0,,,,,,,,,,商场样本/点评为商圈聚合；人口、收入、社零、交通、餐饮、政策多为城市级代理；客流/核心租金仅部分重点商圈有明细。,正向: 商场样本数、收入社零、公共交通客运、餐饮集聚、年轻客群、政策支持；逆向或成本约束: 租金/空置率。
华东区,上海,上海,太平洋百货,商圈/商场聚合,太平洋百货,淮海店-淮海中路333号,是集购物、餐饮、休闲于一体的大型综合性场所。,1,1.0,1.0,0,0,0,,,,,1,15.5988,194.81,14184.0,,66.34,0,6,1,1,2480.0,15872.3,2914.0,1357.4,141.0,14184.0,668.0,106515.0,376608.0,30861.0,89.85,10.15,4.75,6.28,-1.53,2.2,64001.21,5473.39,42.95,151.86,12.44,91987.0,4.1,上海市统计局,2.0,66.34,+13.47%,13.47,,9.5,戴德梁行2025年报告,2025年上半年,0,,,0,,,,,,,,,,商场样本/点评为商圈聚合；人口、收入、社零、交通、餐饮、政策多为城市级代理；客流/核心租金仅部分重点商圈有明细。,正向: 商场样本数、收入社零、公共交通客运、餐饮集聚、年轻客群、政策支持；逆向或成本约束: 租金/空置率。
华东区,上海,上海,巴黎春天淮海店,商圈/商场聚合,巴黎春天淮海店,虹口店-虹口区四川北路1688号,四川北路是上海著名的三大最繁华商业街之一，也是远近闻名的文化名人街。,1,1.0,1.0,0,0,0,,,,,1,15.5988,194.81,14184.0,,66.34,0,6,1,1,2480.0,15872.3,2914.0,1357.4,141.0,14184.0,668.0,106515.0,376608.0,30861.0,89.85,10.15,4.75,6.28,-1.53,2.2,64001.21,5473.39,42.95,151.86,12.44,91987.0,4.1,上海市统计局,2.0,66.34,+13.47%,13.47,,9.5,戴德梁行2025年报告,2025年上半年,0,,,0,,,,,,,,,,商场样本/点评为商圈聚合；人口、收入、社零、交通、餐饮、政策多为城市级代理；客流/核心租金仅部分重点商圈有明细。,正向: 商场样本数、收入社零、公共交通客运、餐饮集聚、年轻客群、政策支持；逆向或成本约束: 租金/空置率。
华东区,上海,上海,徐家汇购物广场,商圈/商场聚合,徐家汇购物广场,,,1,0.0,0.0,0,0,0,,,,,1,15.5988,194.81,14184.0,,66.34,0,6,0,0,2480.0,15872.3,2914.0,1357.4,141.0,14184.0,668.0,106515.0,376608.0,30861.0,89.85,10.15,4.75,6.28,-1.53,2.2,64001.21,5473.39,42.95,151.86,12.44,91987.0,4.1,上海市统计局,2.0,66.34,+13.47%,13.47,,9.5,戴德梁行2025年报告,2025年上半年,0,,,0,,,,,,,,,,商场样本/点评为商圈聚合；人口、收入、社零、交通、餐饮、政策多为城市级代理；客流/核心租金仅部分重点商圈有明细。,正向: 商场样本数、收入社零、公共交通客运、餐饮集聚、年轻客群、政策支持；逆向或成本约束: 租金/空置率。
华东区,上海,上海,新宁购物中心,商圈/商场聚合,新宁购物中心,长宁区长宁路823号,位于上海市长宁区长宁路，面向中山公园，紧邻愚园路和定西路区级商业街。,1,1.0,1.0,0,0,0,,,,,1,15.5988,194.81,14184.0,,66.34,0,6,1,1,2480.0,15872.3,2914.0,1357.4,141.0,14184.0,668.0,106515.0,376608.0,30861.0,89.85,10.15,4.75,6.28,-1.53,2.2,64001.21,5473.39,42.95,151.86,12.44,91987.0,4.1,上海市统计局,2.0,66.34,+13.47%,13.47,,9.5,戴德梁行2025年报告,2025年上半年,0,,,0,,,,,,,,,,商场样本/点评为商圈聚合；人口、收入、社零、交通、餐饮、政策多为城市级代理；客流/核心租金仅部分重点商圈有明细。,正向: 商场样本数、收入社零、公共交通客运、餐饮集聚、年轻客群、政策支持；逆向或成本约束: 租金/空置率。
华东区,上海,上海,梅龙镇广场（伊势丹）,商圈/商场聚合,梅龙镇广场（伊势丹）,上海市南京西路1038号,坐落于上海繁华的南京西路江宁路口，与中信泰富和恒隆形成静安“金三角”。,1,1.0,1.0,0,0,0,,,,,1,15.5988,194.81,14184.0,,66.34,0,6,1,1,2480.0,15872.3,2914.0,1357.4,141.0,14184.0,668.0,106515.0,376608.0,30861.0,89.85,10.15,4.75,6.28,-1.53,2.2,64001.21,5473.39,42.95,151.86,12.44,91987.0,4.1,上海市统计局,2.0,66.34,+13.47%,13.47,,9.5,戴德梁行2025年报告,2025年上半年,0,,,0,,,,,,,,,,商场样本/点评为商圈聚合；人口、收入、社零、交通、餐饮、政策多为城市级代理；客流/核心租金仅部分重点商圈有明细。,正向: 商场样本数、收入社零、公共交通客运、餐饮集聚、年轻客群、政策支持；逆向或成本约束: 租金/空置率。
华东区,上海,上海,汇金百货,商圈/商场聚合,汇金百货,肇嘉浜路1000号,集零售、餐饮、休闲、娱乐于一体，并以高品位、高质量的商品为经营主体。,1,1.0,1.0,0,0,0,,,,,1,15.5988,194.81,14184.0,,66.34,0,6,1,1,2480.0,15872.3,2914.0,1357.4,141.0,14184.0,668.0,106515.0,376608.0,30861.0,89.85,10.15,4.75,6.28,-1.53,2.2,64001.21,5473.39,42.95,151.86,12.44,91987.0,4.1,上海市统计局,2.0,66.34,+13.47%,13.47,,9.5,戴德梁行2025年报告,2025年上半年,0,,,0,,,,,,,,,,商场样本/点评为商圈聚合；人口、收入、社零、交通、餐饮、政策多为城市级代理；客流/核心租金仅部分重点商圈有明细。,正向: 商场样本数、收入社零、公共交通客运、餐饮集聚、年轻客群、政策支持；逆向或成本约束: 租金/空置率。
华东区,上海,上海,港汇广场,商圈/商场聚合,港汇广场,上海市虹桥路1号/华山路口,集购物、娱乐、休闲、旅游为一体的大型现代化商业企业。,1,1.0,1.0,0,0,0,,,,,1,15.5988,194.81,14184.0,,66.34,0,6,1,1,2480.0,15872.3,2914.0,1357.4,141.0,14184.0,668.0,106515.0,376608.0,30861.0,89.85,10.15,4.75,6.28,-1.53,2.2,64001.21,5473.39,42.95,151.86,12.44,91987.0,4.1,上海市统计局,2.0,66.34,+13.47%,13.47,,9.5,戴德梁行2025年报告,2025年上半年,0,,,0,,,,,,,,,,商场样本/点评为商圈聚合；人口、收入、社零、交通、餐饮、政策多为城市级代理；客流/核心租金仅部分重点商圈有明细。,正向: 商场样本数、收入社零、公共交通客运、餐饮集聚、年轻客群、政策支持；逆向或成本约束: 租金/空置率。
华东区,上海,上海,百盛购物中心,商圈/商场聚合,百盛购物中心,淮海店-淮海中路918号陕西路口,汇聚时尚和流行，集购物、娱乐、休闲等多层次全方位的服务，是淮海路上最具人气的商业广场。,1,1.0,1.0,0,0,0,,,,,1,15.5988,194.81,14184.0,,66.34,0,6,1,1,2480.0,15872.3,2914.0,1357.4,141.0,14184.0,668.0,106515.0,376608.0,30861.0,89.85,10.15,4.75,6.28,-1.53,2.2,64001.21,5473.39,42.95,151.86,12.44,91987.0,4.1,上海市统计局,2.0,66.34,+13.47%,13.47,,9.5,戴德梁行2025年报告,2025年上半年,0,,,0,,,,,,,,,,商场样本/点评为商圈聚合；人口、收入、社零、交通、餐饮、政策多为城市级代理；客流/核心租金仅部分重点商圈有明细。,正向: 商场样本数、收入社零、公共交通客运、餐饮集聚、年轻客群、政策支持；逆向或成本约束: 租金/空置率。
华东区,上海,上海,百联世茂国际广场,商圈/商场聚合,百联世茂国际广场,南京东路829号,定位于高档活力，三楼为精品女装、咖啡厅；四楼为流行女装。,1,1.0,1.0,1,0,0,,,,,1,15.5988,194.81,14184.0,,66.34,0,6,1,1,2480.0,15872.3,2914.0,1357.4,141.0,14184.0,668.0,106515.0,376608.0,30861.0,89.85,10.15,4.75,6.28,-1.53,2.2,64001.21,5473.39,42.95,151.86,12.44,91987.0,4.1,上海市统计局,2.0,66.34,+13.47%,13.47,,9.5,戴德梁行2025年报告,2025年上半年,0,,,0,,,,,,,,,,商场样本/点评为商圈聚合；人口、收入、社零、交通、餐饮、政策多为城市级代理；客流/核心租金仅部分重点商圈有明细。,正向: 商场样本数、收入社零、公共交通客运、餐饮集聚、年轻客群、政策支持；逆向或成本约束: 租金/空置率。
华东区,上海,上海,百联中环购物广场,商圈/商场聚合,百联中环购物广场,普陀区真光路1326号,集购物、餐饮、休闲、娱乐为一体的超大型、现代化消费场所。,1,1.0,1.0,0,0,0,,,,,1,15.5988,194.81,14184.0,,66.34,0,6,1,1,2480.0,15872.3,2914.0,1357.4,141.0,14184.0,668.0,106515.0,376608.0,30861.0,89.85,10.15,4.75,6.28,-1.53,2.2,64001.21,5473.39,42.95,151.86,12.44,91987.0,4.1,上海市统计局,2.0,66.34,+13.47%,13.47,,9.5,戴德梁行2025年报告,2025年上半年,0,,,0,,,,,,,,,,商场样本/点评为商圈聚合；人口、收入、社零、交通、餐饮、政策多为城市级代理；客流/核心租金仅部分重点商圈有明细。,正向: 商场样本数、收入社零、公共交通客运、餐饮集聚、年轻客群、政策支持；逆向或成本约束: 租金/空置率。
华东区,上海,上海,百联南方购物中心,商圈/商场聚合,百联南方购物中心,海市沪闵路7388号（地铁莲花路站）,百联南方购物中心在的布局上以家乐福超市、友谊百货、好美家建材超市三家龙头店为主力店，满足了工薪阶层、居民日常消费、家庭装潢的需要。,1,1.0,1.0,0,1,0,,,,,1,15.5988,194.81,14184.0,,66.34,0,6,1,1,2480.0,15872.3,2914.0,1357.4,141.0,14184.0,668.0,106515.0,376608.0,30861.0,89.85,10.15,4.75,6.28,-1.53,2.2,64001.21,5473.39,42.95,151.86,12.44,91987.0,4.1,上海市统计局,2.0,66.34,+13.47%,13.47,,9.5,戴德梁行2025年报告,2025年上半年,0,,,0,,,,,,,,,,商场样本/点评为商圈聚合；人口、收入、社零、交通、餐饮、政策多为城市级代理；客流/核心租金仅部分重点商圈有明细。,正向: 商场样本数、收入社零、公共交通客运、餐饮集聚、年轻客群、政策支持；逆向或成本约束: 租金/空置率。
华东区,上海,上海,虹桥上海城购物中心,商圈/商场聚合,虹桥上海城购物中心,长宁区遵义路 100号,虹桥上海城购物中心将以引领时尚、流行、健康、舒适的新概念，引领新生活新理念，为上海市民带来一流的精致商品和一流的完美服务。,1,1.0,1.0,0,0,0,,,,,1,15.5988,194.81,14184.0,,66.34,0,6,1,1,2480.0,15872.3,2914.0,1357.4,141.0,14184.0,668.0,106515.0,376608.0,30861.0,89.85,10.15,4.75,6.28,-1.53,2.2,64001.21,5473.39,42.95,151.86,12.44,91987.0,4.1,上海市统计局,2.0,66.34,+13.47%,13.47,,9.5,戴德梁行2025年报告,2025年上半年,0,,,0,,,,,,,,,,商场样本/点评为商圈聚合；人口、收入、社零、交通、餐饮、政策多为城市级代理；客流/核心租金仅部分重点商圈有明细。,正向: 商场样本数、收入社零、公共交通客运、餐饮集聚、年轻客群、政策支持；逆向或成本约束: 租金/空置率。
华东区,上海,上海,虹桥友谊商城,商圈/商场聚合,虹桥友谊商城,上海市遵义南路6号,集购物、餐饮、休闲、娱乐为一体的大型涉外购物中心，并以“白领商厦”为经营定位，形成了自己独特的营销风格和消费人群。,1,1.0,1.0,1,0,0,,,,,1,15.5988,194.81,14184.0,,66.34,0,6,1,1,2480.0,15872.3,2914.0,1357.4,141.0,14184.0,668.0,106515.0,376608.0,30861.0,89.85,10.15,4.75,6.28,-1.53,2.2,64001.21,5473.39,42.95,151.86,12.44,91987.0,4.1,上海市统计局,2.0,66.34,+13.47%,13.47,,9.5,戴德梁行2025年报告,2025年上半年,0,,,0,,,,,,,,,,商场样本/点评为商圈聚合；人口、收入、社零、交通、餐饮、政策多为城市级代理；客流/核心租金仅部分重点商圈有明细。,正向: 商场样本数、收入社零、公共交通客运、餐饮集聚、年轻客群、政策支持；逆向或成本约束: 租金/空置率。
华东区,上海,上海,香港新世界百货,商圈/商场聚合,香港新世界百货,闵行区七莘路3755号,七莘路为该区最主要商业街道，邻近有乐购大卖场、家乐福、来福士广场等大型商场。交通四通八达，人流量大，消费潜力无限。,1,1.0,1.0,0,0,0,,,,,1,15.5988,194.81,14184.0,,66.34,0,6,1,1,2480.0,15872.3,2914.0,1357.4,141.0,14184.0,668.0,106515.0,376608.0,30861.0,89.85,10.15,4.75,6.28,-1.53,2.2,64001.21,5473.39,42.95,151.86,12.44,91987.0,4.1,上海市统计局,2.0,66.34,+13.47%,13.47,,9.5,戴德梁行2025年报告,2025年上半年,0,,,0,,,,,,,,,,商场样本/点评为商圈聚合；人口、收入、社零、交通、餐饮、政策多为城市级代理；客流/核心租金仅部分重点商圈有明细。,正向: 商场样本数、收入社零、公共交通客运、餐饮集聚、年轻客群、政策支持；逆向或成本约束: 租金/空置率。
华北区,北京,北京,百盛购物中心,商圈/商场聚合,百盛购物中心,北京复兴门内大街101号百盛大厦9层；长安街,定位在青春时尚路线，目标人群为就近商务人士！,2,1.0,0.5,0,0,0,,,,,2,15.3645,247.76,9870.0,,2130.0,0,6,2,1,2183.0,14092.4,3493.0,1158.1,117.0,9870.0,1550.0,178947.0,361916.0,65846.0,88.22,11.78,6.09,6.08,0.01,2.21,64555.2,5305.08,81.97,165.79,30.16,89090.0,4.3,北京市统计局,1.0,71.24,+13.46%,13.46,2130.0,10.5,戴德梁行2025年报告,2025年上半年,0,,,0,,,,,,,,,,商场样本/点评为商圈聚合；人口、收入、社零、交通、餐饮、政策多为城市级代理；客流/核心租金仅部分重点商圈有明细。,正向: 商场样本数、收入社零、公共交通客运、餐饮集聚、年轻客群、政策支持；逆向或成本约束: 租金/空置率。
华北区,北京,北京,北京中友百货,商圈/商场聚合,北京中友百货,西城区西单北大街176号华南大厦,定位与大众时尚的消费群体,1,1.0,1.0,0,1,0,,,,,1,15.3645,247.76,9870.0,,2130.0,0,6,1,1,2183.0,14092.4,3493.0,1158.1,117.0,9870.0,1550.0,178947.0,361916.0,65846.0,88.22,11.78,6.09,6.08,0.01,2.21,64555.2,5305.08,81.97,165.79,30.16,89090.0,4.3,北京市统计局,1.0,71.24,+13.46%,13.46,2130.0,10.5,戴德梁行2025年报告,2025年上半年,0,,,0,,,,,,,,,,商场样本/点评为商圈聚合；人口、收入、社零、交通、餐饮、政策多为城市级代理；客流/核心租金仅部分重点商圈有明细。,正向: 商场样本数、收入社零、公共交通客运、餐饮集聚、年轻客群、政策支持；逆向或成本约束: 租金/空置率。
华北区,北京,北京,北京太平洋百货,商圈/商场聚合,北京太平洋百货,朝阳区工体北路甲2号,定位在青春时尚型。,1,1.0,1.0,0,0,0,,,,,1,15.3645,247.76,9870.0,,2130.0,0,6,1,1,2183.0,14092.4,3493.0,1158.1,117.0,9870.0,1550.0,178947.0,361916.0,65846.0,88.22,11.78,6.09,6.08,0.01,2.21,64555.2,5305.08,81.97,165.79,30.16,89090.0,4.3,北京市统计局,1.0,71.24,+13.46%,13.46,2130.0,10.5,戴德梁行2025年报告,2025年上半年,0,,,0,,,,,,,,,,商场样本/点评为商圈聚合；人口、收入、社零、交通、餐饮、政策多为城市级代理；客流/核心租金仅部分重点商圈有明细。,正向: 商场样本数、收入社零、公共交通客运、餐饮集聚、年轻客群、政策支持；逆向或成本约束: 租金/空置率。
华北区,北京,北京,北京市百货大楼,商圈/商场聚合,北京市百货大楼,,,1,0.0,0.0,0,0,0,,,,,1,15.3645,247.76,9870.0,,2130.0,0,6,0,0,2183.0,14092.4,3493.0,1158.1,117.0,9870.0,1550.0,178947.0,361916.0,65846.0,88.22,11.78,6.09,6.08,0.01,2.21,64555.2,5305.08,81.97,165.79,30.16,89090.0,4.3,北京市统计局,1.0,71.24,+13.46%,13.46,2130.0,10.5,戴德梁行2025年报告,2025年上半年,0,,,0,,,,,,,,,,商场样本/点评为商圈聚合；人口、收入、社零、交通、餐饮、政策多为城市级代理；客流/核心租金仅部分重点商圈有明细。,正向: 商场样本数、收入社零、公共交通客运、餐饮集聚、年轻客群、政策支持；逆向或成本约束: 租金/空置率。
华北区,北京,北京,北京市西单购物中心,商圈/商场聚合,北京市西单购物中心,北京市西城区西单北大街１３２号,大众时尚，消费人群以年轻人为主！,1,1.0,1.0,0,1,0,,,,,1,15.3645,247.76,9870.0,,2130.0,0,6,1,1,2183.0,14092.4,3493.0,1158.1,117.0,9870.0,1550.0,178947.0,361916.0,65846.0,88.22,11.78,6.09,6.08,0.01,2.21,64555.2,5305.08,81.97,165.79,30.16,89090.0,4.3,北京市统计局,1.0,71.24,+13.46%,13.46,2130.0,10.5,戴德梁行2025年报告,2025年上半年,0,,,0,,,,,,,,,,商场样本/点评为商圈聚合；人口、收入、社零、交通、餐饮、政策多为城市级代理；客流/核心租金仅部分重点商圈有明细。,正向: 商场样本数、收入社零、公共交通客运、餐饮集聚、年轻客群、政策支持；逆向或成本约束: 租金/空置率。
华北区,北京,北京,北京新世界商场,商圈/商场聚合,北京新世界商场,北京崇文门外大街,主打“打折牌”和“青春牌”！,1,1.0,1.0,0,0,0,,,,,1,15.3645,247.76,9870.0,,2130.0,0,6,1,1,2183.0,14092.4,3493.0,1158.1,117.0,9870.0,1550.0,178947.0,361916.0,65846.0,88.22,11.78,6.09,6.08,0.01,2.21,64555.2,5305.08,81.97,165.79,30.16,89090.0,4.3,北京市统计局,1.0,71.24,+13.46%,13.46,2130.0,10.5,戴德梁行2025年报告,2025年上半年,0,,,0,,,,,,,,,,商场样本/点评为商圈聚合；人口、收入、社零、交通、餐饮、政策多为城市级代理；客流/核心租金仅部分重点商圈有明细。,正向: 商场样本数、收入社零、公共交通客运、餐饮集聚、年轻客群、政策支持；逆向或成本约束: 租金/空置率。
华北区,北京,北京,北京王府井女子百货,商圈/商场聚合,北京王府井女子百货,,,1,0.0,0.0,0,0,0,,,,,1,15.3645,247.76,9870.0,,2130.0,0,6,0,0,2183.0,14092.4,3493.0,1158.1,117.0,9870.0,1550.0,178947.0,361916.0,65846.0,88.22,11.78,6.09,6.08,0.01,2.21,64555.2,5305.08,81.97,165.79,30.16,89090.0,4.3,北京市统计局,1.0,71.24,+13.46%,13.46,2130.0,10.5,戴德梁行2025年报告,2025年上半年,0,,,0,,,,,,,,2130.0,戴德梁行,商场样本/点评为商圈聚合；人口、收入、社零、交通、餐饮、政策多为城市级代理；客流/核心租金仅部分重点商圈有明细。,正向: 商场样本数、收入社零、公共交通客运、餐饮集聚、年轻客群、政策支持；逆向或成本约束: 租金/空置率。
华北区,北京,北京,北京王府井百货,商圈/商场聚合,北京王府井百货,北京市东城区王府井大街255号,大众路线，面向工薪消费，但往往只出形象不出销售。,1,1.0,1.0,0,1,0,,,,,1,15.3645,247.76,9870.0,,2130.0,0,6,1,1,2183.0,14092.4,3493.0,1158.1,117.0,9870.0,1550.0,178947.0,361916.0,65846.0,88.22,11.78,6.09,6.08,0.01,2.21,64555.2,5305.08,81.97,165.79,30.16,89090.0,4.3,北京市统计局,1.0,71.24,+13.46%,13.46,2130.0,10.5,戴德梁行2025年报告,2025年上半年,0,,,0,,,,,,,,2130.0,戴德梁行,商场样本/点评为商圈聚合；人口、收入、社零、交通、餐饮、政策多为城市级代理；客流/核心租金仅部分重点商圈有明细。,正向: 商场样本数、收入社零、公共交通客运、餐饮集聚、年轻客群、政策支持；逆向或成本约束: 租金/空置率。
华北区,北京,北京,北京翠微大厦,商圈/商场聚合,北京翠微大厦,北京市海淀区复兴路33号,以中档消费人群为主，同时进驻大众品牌。,1,1.0,1.0,0,1,0,,,,,1,15.3645,247.76,9870.0,,2130.0,0,6,1,1,2183.0,14092.4,3493.0,1158.1,117.0,9870.0,1550.0,178947.0,361916.0,65846.0,88.22,11.78,6.09,6.08,0.01,2.21,64555.2,5305.08,81.97,165.79,30.16,89090.0,4.3,北京市统计局,1.0,71.24,+13.46%,13.46,2130.0,10.5,戴德梁行2025年报告,2025年上半年,0,,,0,,,,,,,,,,商场样本/点评为商圈聚合；人口、收入、社零、交通、餐饮、政策多为城市级代理；客流/核心租金仅部分重点商圈有明细。,正向: 商场样本数、收入社零、公共交通客运、餐饮集聚、年轻客群、政策支持；逆向或成本约束: 租金/空置率。
华北区,北京,北京,华联商厦,商圈/商场聚合,华联商厦,西城区阜外大街1号,定位在少淑装，人气较旺！,1,1.0,1.0,0,0,0,,,,,1,15.3645,247.76,9870.0,,2130.0,0,6,1,1,2183.0,14092.4,3493.0,1158.1,117.0,9870.0,1550.0,178947.0,361916.0,65846.0,88.22,11.78,6.09,6.08,0.01,2.21,64555.2,5305.08,81.97,165.79,30.16,89090.0,4.3,北京市统计局,1.0,71.24,+13.46%,13.46,2130.0,10.5,戴德梁行2025年报告,2025年上半年,0,,,0,,,,,,,,,,商场样本/点评为商圈聚合；人口、收入、社零、交通、餐饮、政策多为城市级代理；客流/核心租金仅部分重点商圈有明细。,正向: 商场样本数、收入社零、公共交通客运、餐饮集聚、年轻客群、政策支持；逆向或成本约束: 租金/空置率。
华北区,北京,北京,双安商场,商圈/商场聚合,双安商场,北京市海淀区西北三环路畔,以满足工薪阶层的重点消费、品牌消费的市场定位！,1,1.0,1.0,0,1,0,,,,,1,15.3645,247.76,9870.0,,2130.0,0,6,1,1,2183.0,14092.4,3493.0,1158.1,117.0,9870.0,1550.0,178947.0,361916.0,65846.0,88.22,11.78,6.09,6.08,0.01,2.21,64555.2,5305.08,81.97,165.79,30.16,89090.0,4.3,北京市统计局,1.0,71.24,+13.46%,13.46,2130.0,10.5,戴德梁行2025年报告,2025年上半年,0,,,0,,,,,,,,,,商场样本/点评为商圈聚合；人口、收入、社零、交通、餐饮、政策多为城市级代理；客流/核心租金仅部分重点商圈有明细。,正向: 商场样本数、收入社零、公共交通客运、餐饮集聚、年轻客群、政策支持；逆向或成本约束: 租金/空置率。
华北区,北京,北京,国贸商城,商圈/商场聚合,国贸商城,建国门外大街1号,国际化品牌居多！,1,1.0,1.0,0,0,0,,,,,1,15.3645,247.76,9870.0,,2130.0,0,6,1,1,2183.0,14092.4,3493.0,1158.1,117.0,9870.0,1550.0,178947.0,361916.0,65846.0,88.22,11.78,6.09,6.08,0.01,2.21,64555.2,5305.08,81.97,165.79,30.16,89090.0,4.3,北京市统计局,1.0,71.24,+13.46%,13.46,2130.0,10.5,戴德梁行2025年报告,2025年上半年,0,,,0,,,,,,,,2130.0,戴德梁行,商场样本/点评为商圈聚合；人口、收入、社零、交通、餐饮、政策多为城市级代理；客流/核心租金仅部分重点商圈有明细。,正向: 商场样本数、收入社零、公共交通客运、餐饮集聚、年轻客群、政策支持；逆向或成本约束: 租金/空置率。
华北区,北京,北京,城乡贸易中心,商圈/商场聚合,城乡贸易中心,,,1,0.0,0.0,0,0,0,,,,,1,15.3645,247.76,9870.0,,2130.0,0,6,0,0,2183.0,14092.4,3493.0,1158.1,117.0,9870.0,1550.0,178947.0,361916.0,65846.0,88.22,11.78,6.09,6.08,0.01,2.21,64555.2,5305.08,81.97,165.79,30.16,89090.0,4.3,北京市统计局,1.0,71.24,+13.46%,13.46,2130.0,10.5,戴德梁行2025年报告,2025年上半年,0,,,0,,,,,,,,,,商场样本/点评为商圈聚合；人口、收入、社零、交通、餐饮、政策多为城市级代理；客流/核心租金仅部分重点商圈有明细。,正向: 商场样本数、收入社零、公共交通客运、餐饮集聚、年轻客群、政策支持；逆向或成本约束: 租金/空置率。
华北区,北京,北京,复兴商业城,商圈/商场聚合,复兴商业城,,,1,0.0,0.0,0,0,0,,,,,1,15.3645,247.76,9870.0,,2130.0,0,6,0,0,2183.0,14092.4,3493.0,1158.1,117.0,9870.0,1550.0,178947.0,361916.0,65846.0,88.22,11.78,6.09,6.08,0.01,2.21,64555.2,5305.08,81.97,165.79,30.16,89090.0,4.3,北京市统计局,1.0,71.24,+13.46%,13.46,2130.0,10.5,戴德梁行2025年报告,2025年上半年,0,,,0,,,,,,,,,,商场样本/点评为商圈聚合；人口、收入、社零、交通、餐饮、政策多为城市级代理；客流/核心租金仅部分重点商圈有明细。,正向: 商场样本数、收入社零、公共交通客运、餐饮集聚、年轻客群、政策支持；逆向或成本约束: 租金/空置率。
华北区,北京,北京,当代商城,商圈/商场聚合,当代商城,,,1,0.0,0.0,0,0,0,,,,,1,15.3645,247.76,9870.0,,2130.0,0,6,0,0,2183.0,14092.4,3493.0,1158.1,117.0,9870.0,1550.0,178947.0,361916.0,65846.0,88.22,11.78,6.09,6.08,0.01,2.21,64555.2,5305.08,81.97,165.79,30.16,89090.0,4.3,北京市统计局,1.0,71.24,+13.46%,13.46,2130.0,10.5,戴德梁行2025年报告,2025年上半年,0,,,0,,,,,,,,,,商场样本/点评为商圈聚合；人口、收入、社零、交通、餐饮、政策多为城市级代理；客流/核心租金仅部分重点商圈有明细。,正向: 商场样本数、收入社零、公共交通客运、餐饮集聚、年轻客群、政策支持；逆向或成本约束: 租金/空置率。
华北区,北京,北京,王府井,商圈/商场聚合,北京赛特购物,北京市建国门外大街22号,定位在高端消费群。,1,1.0,1.0,1,0,0,,,,,1,15.3645,247.76,9870.0,,2130.0,0,6,1,1,2183.0,14092.4,3493.0,1158.1,117.0,9870.0,1550.0,178947.0,361916.0,65846.0,88.22,11.78,6.09,6.08,0.01,2.21,64555.2,5305.08,81.97,165.79,30.16,89090.0,4.3,北京市统计局,1.0,71.24,+13.46%,13.46,2130.0,10.5,戴德梁行2025年报告,2025年上半年,0,,,0,,,,,,,,2130.0,戴德梁行,商场样本/点评为商圈聚合；人口、收入、社零、交通、餐饮、政策多为城市级代理；客流/核心租金仅部分重点商圈有明细。,正向: 商场样本数、收入社零、公共交通客运、餐饮集聚、年轻客群、政策支持；逆向或成本约束: 租金/空置率。
华北区,北京,北京,蓝岛大厦,商圈/商场聚合,蓝岛大厦,,,1,0.0,0.0,0,0,0,,,,,1,15.3645,247.76,9870.0,,2130.0,0,6,0,0,2183.0,14092.4,3493.0,1158.1,117.0,9870.0,1550.0,178947.0,361916.0,65846.0,88.22,11.78,6.09,6.08,0.01,2.21,64555.2,5305.08,81.97,165.79,30.16,89090.0,4.3,北京市统计局,1.0,71.24,+13.46%,13.46,2130.0,10.5,戴德梁行2025年报告,2025年上半年,0,,,0,,,,,,,,,,商场样本/点评为商圈聚合；人口、收入、社零、交通、餐饮、政策多为城市级代理；客流/核心租金仅部分重点商圈有明细。,正向: 商场样本数、收入社零、公共交通客运、餐饮集聚、年轻客群、政策支持；逆向或成本约束: 租金/空置率。
华北区,北京,北京,西单,商圈/商场聚合,北京燕莎友谊商城,北京朝阳区亮马桥路52号,定位在高端消费群。,1,1.0,1.0,1,0,0,,,,,1,15.3645,247.76,9870.0,,2130.0,0,6,1,1,2183.0,14092.4,3493.0,1158.1,117.0,9870.0,1550.0,178947.0,361916.0,65846.0,88.22,11.78,6.09,6.08,0.01,2.21,64555.2,5305.08,81.97,165.79,30.16,89090.0,4.3,北京市统计局,1.0,71.24,+13.46%,13.46,2130.0,10.5,戴德梁行2025年报告,2025年上半年,0,,,0,,,,,,,,,,商场样本/点评为商圈聚合；人口、收入、社零、交通、餐饮、政策多为城市级代理；客流/核心租金仅部分重点商圈有明细。,正向: 商场样本数、收入社零、公共交通客运、餐饮集聚、年轻客群、政策支持；逆向或成本约束: 租金/空置率。
华北区,北京,北京,长安商场,商圈/商场聚合,长安商场,长安街,,1,1.0,0.0,0,0,0,,,,,1,15.3645,247.76,9870.0,,2130.0,0,6,1,0,2183.0,14092.4,3493.0,1158.1,117.0,9870.0,1550.0,178947.0,361916.0,65846.0,88.22,11.78,6.09,6.08,0.01,2.21,64555.2,5305.08,81.97,165.79,30.16,89090.0,4.3,北京市统计局,1.0,71.24,+13.46%,13.46,2130.0,10.5,戴德梁行2025年报告,2025年上半年,0,,,0,,,,,,,,,,商场样本/点评为商圈聚合；人口、收入、社零、交通、餐饮、政策多为城市级代理；客流/核心租金仅部分重点商圈有明细。,正向: 商场样本数、收入社零、公共交通客运、餐饮集聚、年轻客群、政策支持；逆向或成本约束: 租金/空置率。
华北区,北京,北京,顺义国泰大厦,商圈/商场聚合,顺义国泰大厦,,,1,0.0,0.0,0,0,0,,,,,1,15.3645,247.76,9870.0,,2130.0,0,6,0,0,2183.0,14092.4,3493.0,1158.1,117.0,9870.0,1550.0,178947.0,361916.0,65846.0,88.22,11.78,6.09,6.08,0.01,2.21,64555.2,5305.08,81.97,165.79,30.16,89090.0,4.3,北京市统计局,1.0,71.24,+13.46%,13.46,2130.0,10.5,戴德梁行2025年报告,2025年上半年,0,,,0,,,,,,,,,,商场样本/点评为商圈聚合；人口、收入、社零、交通、餐饮、政策多为城市级代理；客流/核心租金仅部分重点商圈有明细。,正向: 商场样本数、收入社零、公共交通客运、餐饮集聚、年轻客群、政策支持；逆向或成本约束: 租金/空置率。
华东区,江苏,南京,东方商城,商圈/商场聚合,东方商城,南京市中山南路2号,有南京新街口百货商店股份有限公司出资组建，以经营国际著名品牌商品为主的高档时尚商场。,1,1.0,1.0,1,0,0,,,,,1,15.0321,0.0,,18.0,554.65,1,6,1,1,,,,,,,,,,,,,,,,,,,,,,86320.0,3.9,南京市统计局2025年公报,8.0,33.23,-1.94%,-1.94,554.65,9.6,戴德梁行2025年南京报告,2025年第四季度,2,《关于促进首发经济发展的若干措施》(宁政办规字〔2025〕2号)；南京市消费新业态新模式新场景试点,单店最高20万元，单个商业载体累计最高200万元；单项政策最高补贴比例30%，最高30万元,1,18.0,68.27,,第七次人口普查,,,,,,商场样本/点评为商圈聚合；人口、收入、社零、交通、餐饮、政策多为城市级代理；客流/核心租金仅部分重点商圈有明细。,正向: 商场样本数、收入社零、公共交通客运、餐饮集聚、年轻客群、政策支持；逆向或成本约束: 租金/空置率。
华东区,江苏,南京,中央商场,商圈/商场聚合,中央商场,南京市中山南路79号,是集购物、餐饮、休闲于一体的大型综合性场所。,1,1.0,1.0,0,0,0,,,,,1,15.0321,0.0,,18.0,554.65,1,6,1,1,,,,,,,,,,,,,,,,,,,,,,86320.0,3.9,南京市统计局2025年公报,8.0,33.23,-1.94%,-1.94,554.65,9.6,戴德梁行2025年南京报告,2025年第四季度,2,《关于促进首发经济发展的若干措施》(宁政办规字〔2025〕2号)；南京市消费新业态新模式新场景试点,单店最高20万元，单个商业载体累计最高200万元；单项政策最高补贴比例30%，最高30万元,1,18.0,68.27,,第七次人口普查,,,,,,商场样本/点评为商圈聚合；人口、收入、社零、交通、餐饮、政策多为城市级代理；客流/核心租金仅部分重点商圈有明细。,正向: 商场样本数、收入社零、公共交通客运、餐饮集聚、年轻客群、政策支持；逆向或成本约束: 租金/空置率。
华东区,江苏,南京,南京商厦,商圈/商场聚合,南京商厦,南京市龙蟠路2号,地处城北交通枢纽中心地带，毗邻南京火车站，远眺玄武湖，目前商厦已发展成南京城北地区规模最大的集购物、住宿、餐饮、娱乐于一体的现代化、多功能、综合性大型百货零售企业。,1,1.0,1.0,0,0,0,,,,,1,15.0321,0.0,,18.0,554.65,1,6,1,1,,,,,,,,,,,,,,,,,,,,,,86320.0,3.9,南京市统计局2025年公报,8.0,33.23,-1.94%,-1.94,554.65,9.6,戴德梁行2025年南京报告,2025年第四季度,2,《关于促进首发经济发展的若干措施》(宁政办规字〔2025〕2号)；南京市消费新业态新模式新场景试点,单店最高20万元，单个商业载体累计最高200万元；单项政策最高补贴比例30%，最高30万元,1,18.0,68.27,,第七次人口普查,,,,,,商场样本/点评为商圈聚合；人口、收入、社零、交通、餐饮、政策多为城市级代理；客流/核心租金仅部分重点商圈有明细。,正向: 商场样本数、收入社零、公共交通客运、餐饮集聚、年轻客群、政策支持；逆向或成本约束: 租金/空置率。
华东区,江苏,南京,南京太平洋百货,商圈/商场聚合,南京太平洋百货,南京市中山北路86号,,1,1.0,0.0,0,0,0,,,,,1,15.0321,0.0,,18.0,554.65,1,6,1,0,,,,,,,,,,,,,,,,,,,,,,86320.0,3.9,南京市统计局2025年公报,8.0,33.23,-1.94%,-1.94,554.65,9.6,戴德梁行2025年南京报告,2025年第四季度,2,《关于促进首发经济发展的若干措施》(宁政办规字〔2025〕2号)；南京市消费新业态新模式新场景试点,单店最高20万元，单个商业载体累计最高200万元；单项政策最高补贴比例30%，最高30万元,1,18.0,68.27,,第七次人口普查,,,,,,商场样本/点评为商圈聚合；人口、收入、社零、交通、餐饮、政策多为城市级代理；客流/核心租金仅部分重点商圈有明细。,正向: 商场样本数、收入社零、公共交通客运、餐饮集聚、年轻客群、政策支持；逆向或成本约束: 租金/空置率。
华东区,江苏,南京,南京湖南路商场,商圈/商场聚合,南京湖南路商场,南京市湖南路100号,,1,1.0,0.0,0,0,0,,,,,1,15.0321,0.0,,18.0,554.65,1,6,1,0,,,,,,,,,,,,,,,,,,,,,,86320.0,3.9,南京市统计局2025年公报,8.0,33.23,-1.94%,-1.94,554.65,9.6,戴德梁行2025年南京报告,2025年第四季度,2,《关于促进首发经济发展的若干措施》(宁政办规字〔2025〕2号)；南京市消费新业态新模式新场景试点,单店最高20万元，单个商业载体累计最高200万元；单项政策最高补贴比例30%，最高30万元,1,18.0,68.27,,第七次人口普查,,,,,,商场样本/点评为商圈聚合；人口、收入、社零、交通、餐饮、政策多为城市级代理；客流/核心租金仅部分重点商圈有明细。,正向: 商场样本数、收入社零、公共交通客运、餐饮集聚、年轻客群、政策支持；逆向或成本约束: 租金/空置率。
华东区,江苏,南京,商贸百货,商圈/商场聚合,商贸百货,南京市中山南路49号,,1,1.0,0.0,0,0,0,,,,,1,15.0321,0.0,,18.0,554.65,1,6,1,0,,,,,,,,,,,,,,,,,,,,,,86320.0,3.9,南京市统计局2025年公报,8.0,33.23,-1.94%,-1.94,554.65,9.6,戴德梁行2025年南京报告,2025年第四季度,2,《关于促进首发经济发展的若干措施》(宁政办规字〔2025〕2号)；南京市消费新业态新模式新场景试点,单店最高20万元，单个商业载体累计最高200万元；单项政策最高补贴比例30%，最高30万元,1,18.0,68.27,,第七次人口普查,,,,,,商场样本/点评为商圈聚合；人口、收入、社零、交通、餐饮、政策多为城市级代理；客流/核心租金仅部分重点商圈有明细。,正向: 商场样本数、收入社零、公共交通客运、餐饮集聚、年轻客群、政策支持；逆向或成本约束: 租金/空置率。
华东区,江苏,南京,新世界百货,商圈/商场聚合,新世界百货,玄武区珠江路88号,综合性购物商场·,1,1.0,1.0,0,0,0,,,,,1,15.0321,0.0,,18.0,554.65,1,6,1,1,,,,,,,,,,,,,,,,,,,,,,86320.0,3.9,南京市统计局2025年公报,8.0,33.23,-1.94%,-1.94,554.65,9.6,戴德梁行2025年南京报告,2025年第四季度,2,《关于促进首发经济发展的若干措施》(宁政办规字〔2025〕2号)；南京市消费新业态新模式新场景试点,单店最高20万元，单个商业载体累计最高200万元；单项政策最高补贴比例30%，最高30万元,1,18.0,68.27,,第七次人口普查,,,,,,商场样本/点评为商圈聚合；人口、收入、社零、交通、餐饮、政策多为城市级代理；客流/核心租金仅部分重点商圈有明细。,正向: 商场样本数、收入社零、公共交通客运、餐饮集聚、年轻客群、政策支持；逆向或成本约束: 租金/空置率。
华东区,江苏,南京,新街口百货,商圈/商场聚合,新街口百货,南京市中山南路3号,位于南京市中心最繁华地段新街口广场的东南侧，是一家老字号大型百货零售企业。,1,1.0,1.0,0,0,1,,,,,1,15.0321,0.0,,18.0,2350.0,1,6,1,1,,,,,,,,,,,,,,,,,,,,,,86320.0,3.9,南京市统计局2025年公报,8.0,33.23,-1.94%,-1.94,554.65,9.6,戴德梁行2025年南京报告,2025年第四季度,2,《关于促进首发经济发展的若干措施》(宁政办规字〔2025〕2号)；南京市消费新业态新模式新场景试点,单店最高20万元，单个商业载体累计最高200万元；单项政策最高补贴比例30%，最高30万元,1,18.0,68.27,,第七次人口普查,,,,2350.0,戴德梁行,商场样本/点评为商圈聚合；人口、收入、社零、交通、餐饮、政策多为城市级代理；客流/核心租金仅部分重点商圈有明细。,正向: 商场样本数、收入社零、公共交通客运、餐饮集聚、年轻客群、政策支持；逆向或成本约束: 租金/空置率。
华东区,江苏,南京,苏宁环球购物中心,商圈/商场聚合,苏宁环球购物中心,南京市湖南路18号,,1,1.0,0.0,0,0,0,,,,,1,15.0321,0.0,,18.0,554.65,1,6,1,0,,,,,,,,,,,,,,,,,,,,,,86320.0,3.9,南京市统计局2025年公报,8.0,33.23,-1.94%,-1.94,554.65,9.6,戴德梁行2025年南京报告,2025年第四季度,2,《关于促进首发经济发展的若干措施》(宁政办规字〔2025〕2号)；南京市消费新业态新模式新场景试点,单店最高20万元，单个商业载体累计最高200万元；单项政策最高补贴比例30%，最高30万元,1,18.0,68.27,,第七次人口普查,,,,,,商场样本/点评为商圈聚合；人口、收入、社零、交通、餐饮、政策多为城市级代理；客流/核心租金仅部分重点商圈有明细。,正向: 商场样本数、收入社零、公共交通客运、餐饮集聚、年轻客群、政策支持；逆向或成本约束: 租金/空置率。
华东区,江苏,南京,金陵百货购物中心,商圈/商场聚合,金陵百货购物中心,南京市中山路1号,,1,1.0,0.0,0,0,0,,,,,1,15.0321,0.0,,18.0,554.65,1,6,1,0,,,,,,,,,,,,,,,,,,,,,,86320.0,3.9,南京市统计局2025年公报,8.0,33.23,-1.94%,-1.94,554.65,9.6,戴德梁行2025年南京报告,2025年第四季度,2,《关于促进首发经济发展的若干措施》(宁政办规字〔2025〕2号)；南京市消费新业态新模式新场景试点,单店最高20万元，单个商业载体累计最高200万元；单项政策最高补贴比例30%，最高30万元,1,18.0,68.27,,第七次人口普查,,,,,,商场样本/点评为商圈聚合；人口、收入、社零、交通、餐饮、政策多为城市级代理；客流/核心租金仅部分重点商圈有明细。,正向: 商场样本数、收入社零、公共交通客运、餐饮集聚、年轻客群、政策支持；逆向或成本约束: 租金/空置率。
华东区,江苏,南京,金鹰国际购物中心,商圈/商场聚合,金鹰国际购物中心,汉中路89号金鹰国际商城,高级时尚百货。,1,1.0,1.0,0,0,0,,,,,1,15.0321,0.0,,18.0,554.65,1,6,1,1,,,,,,,,,,,,,,,,,,,,,,86320.0,3.9,南京市统计局2025年公报,8.0,33.23,-1.94%,-1.94,554.65,9.6,戴德梁行2025年南京报告,2025年第四季度,2,《关于促进首发经济发展的若干措施》(宁政办规字〔2025〕2号)；南京市消费新业态新模式新场景试点,单店最高20万元，单个商业载体累计最高200万元；单项政策最高补贴比例30%，最高30万元,1,18.0,68.27,,第七次人口普查,,,,,,商场样本/点评为商圈聚合；人口、收入、社零、交通、餐饮、政策多为城市级代理；客流/核心租金仅部分重点商圈有明细。,正向: 商场样本数、收入社零、公共交通客运、餐饮集聚、年轻客群、政策支持；逆向或成本约束: 租金/空置率。
华北区,天津,天津,天津劝业场百货,商圈/商场聚合,天津劝业场百货,天津市和平区和平路290号,老牌商场，中档为主！生意较差，日渐衰落；老牌商场，中档为主！,2,1.0,1.0,0,2,0,,,,,2,9.7156,79.61,1439.0,,30.9,0,6,2,2,1364.0,4128.3,888.0,197.4,21.0,1439.0,235.0,44594.0,63999.0,31778.0,86.01,13.99,4.99,6.96,-1.97,2.36,30266.13,1447.21,32.69,46.92,23.3,66890.0,3.5,天津市统计局,12.0,30.9,+3.26%,3.26,,,,,0,,,0,,,,,,,,,,商场样本/点评为商圈聚合；人口、收入、社零、交通、餐饮、政策多为城市级代理；客流/核心租金仅部分重点商圈有明细。,正向: 商场样本数、收入社零、公共交通客运、餐饮集聚、年轻客群、政策支持；逆向或成本约束: 租金/空置率。
华北区,天津,天津,滨江道,商圈/商场聚合,伊势丹；百盛购物中心,天津市和平区南京路；和平区滨江道,国际化品牌居多！；地处天津市商业和商务汇集的黄金路段！少淑类，销售最好人气最旺的商场，实行会员制,2,1.0,1.0,0,0,1,,,,,2,9.7156,79.61,1439.0,,30.9,0,6,2,2,1364.0,4128.3,888.0,197.4,21.0,1439.0,235.0,44594.0,63999.0,31778.0,86.01,13.99,4.99,6.96,-1.97,2.36,30266.13,1447.21,32.69,46.92,23.3,66890.0,3.5,天津市统计局,12.0,30.9,+3.26%,3.26,,,,,0,,,0,,,,,,,,,,商场样本/点评为商圈聚合；人口、收入、社零、交通、餐饮、政策多为城市级代理；客流/核心租金仅部分重点商圈有明细。,正向: 商场样本数、收入社零、公共交通客运、餐饮集聚、年轻客群、政策支持；逆向或成本约束: 租金/空置率。
华北区,天津,天津,乐宾百货,商圈/商场聚合,乐宾百货,天津市南京路与滨江道交叉口(南京路128号),出租形式，主要以少淑及淑女还有运动类，整体规模较好。人流较多,1,1.0,1.0,0,0,0,,,,,1,9.7156,79.61,1439.0,,30.9,0,6,1,1,1364.0,4128.3,888.0,197.4,21.0,1439.0,235.0,44594.0,63999.0,31778.0,86.01,13.99,4.99,6.96,-1.97,2.36,30266.13,1447.21,32.69,46.92,23.3,66890.0,3.5,天津市统计局,12.0,30.9,+3.26%,3.26,,,,,0,,,0,,,,,,,,,,商场样本/点评为商圈聚合；人口、收入、社零、交通、餐饮、政策多为城市级代理；客流/核心租金仅部分重点商圈有明细。,正向: 商场样本数、收入社零、公共交通客运、餐饮集聚、年轻客群、政策支持；逆向或成本约束: 租金/空置率。
华北区,天津,天津,华联商厦,商圈/商场聚合,华联商厦,和平区滨江道,生意较差,1,1.0,1.0,0,0,0,,,,,1,9.7156,79.61,1439.0,,30.9,0,6,1,1,1364.0,4128.3,888.0,197.4,21.0,1439.0,235.0,44594.0,63999.0,31778.0,86.01,13.99,4.99,6.96,-1.97,2.36,30266.13,1447.21,32.69,46.92,23.3,66890.0,3.5,天津市统计局,12.0,30.9,+3.26%,3.26,,,,,0,,,0,,,,,,,,,,商场样本/点评为商圈聚合；人口、收入、社零、交通、餐饮、政策多为城市级代理；客流/核心租金仅部分重点商圈有明细。,正向: 商场样本数、收入社零、公共交通客运、餐饮集聚、年轻客群、政策支持；逆向或成本约束: 租金/空置率。
华北区,天津,天津,南京路,商圈/商场聚合,天津津乐汇广场,天津市和平区南京路211号,地处天津市商业和商务汇集的黄金路段！少淑类，销售最好人气最旺的商场,1,1.0,1.0,0,0,0,,,,,1,9.7156,79.61,1439.0,,576.3,0,6,1,1,1364.0,4128.3,888.0,197.4,21.0,1439.0,235.0,44594.0,63999.0,31778.0,86.01,13.99,4.99,6.96,-1.97,2.36,30266.13,1447.21,32.69,46.92,23.3,66890.0,3.5,天津市统计局,12.0,30.9,+3.26%,3.26,,,,,0,,,0,,,,,,,,576.3,戴德梁行,商场样本/点评为商圈聚合；人口、收入、社零、交通、餐饮、政策多为城市级代理；客流/核心租金仅部分重点商圈有明细。,正向: 商场样本数、收入社零、公共交通客运、餐饮集聚、年轻客群、政策支持；逆向或成本约束: 租金/空置率。
华北区,天津,天津,和平路,商圈/商场聚合,友谊新天地,和平区滨江道,地处天津市商业和商务汇集的黄金路段，高端消费,1,1.0,1.0,1,0,0,,,,,1,9.7156,79.61,1439.0,,30.9,0,6,1,1,1364.0,4128.3,888.0,197.4,21.0,1439.0,235.0,44594.0,63999.0,31778.0,86.01,13.99,4.99,6.96,-1.97,2.36,30266.13,1447.21,32.69,46.92,23.3,66890.0,3.5,天津市统计局,12.0,30.9,+3.26%,3.26,,,,,0,,,0,,,,,,,,,,商场样本/点评为商圈聚合；人口、收入、社零、交通、餐饮、政策多为城市级代理；客流/核心租金仅部分重点商圈有明细。,正向: 商场样本数、收入社零、公共交通客运、餐饮集聚、年轻客群、政策支持；逆向或成本约束: 租金/空置率。
华北区,天津,天津,和平路、南京路,商圈/商场聚合,远东百货,和平区滨江道,地处天津市商业和商务汇集的黄金路段，高端消费,1,1.0,1.0,1,0,1,,,,,1,9.7156,79.61,1439.0,,576.3,0,6,1,1,1364.0,4128.3,888.0,197.4,21.0,1439.0,235.0,44594.0,63999.0,31778.0,86.01,13.99,4.99,6.96,-1.97,2.36,30266.13,1447.21,32.69,46.92,23.3,66890.0,3.5,天津市统计局,12.0,30.9,+3.26%,3.26,,,,,0,,,0,,,,,,,,576.3,戴德梁行,商场样本/点评为商圈聚合；人口、收入、社零、交通、餐饮、政策多为城市级代理；客流/核心租金仅部分重点商圈有明细。,正向: 商场样本数、收入社零、公共交通客运、餐饮集聚、年轻客群、政策支持；逆向或成本约束: 租金/空置率。
华北区,天津,天津,天津商场,商圈/商场聚合,天津商场,天津市南开区三马路6号,人气一般，具有很好的知名度。,1,1.0,1.0,0,0,0,,,,,1,9.7156,79.61,1439.0,,30.9,0,6,1,1,1364.0,4128.3,888.0,197.4,21.0,1439.0,235.0,44594.0,63999.0,31778.0,86.01,13.99,4.99,6.96,-1.97,2.36,30266.13,1447.21,32.69,46.92,23.3,66890.0,3.5,天津市统计局,12.0,30.9,+3.26%,3.26,,,,,0,,,0,,,,,,,,,,商场样本/点评为商圈聚合；人口、收入、社零、交通、餐饮、政策多为城市级代理；客流/核心租金仅部分重点商圈有明细。,正向: 商场样本数、收入社零、公共交通客运、餐饮集聚、年轻客群、政策支持；逆向或成本约束: 租金/空置率。
华北区,天津,天津,天津百货大楼,商圈/商场聚合,天津百货大楼,天津市和平区和平路172号,老牌商场，中档为主！比不上新商场,1,1.0,1.0,0,1,0,,,,,1,9.7156,79.61,1439.0,,30.9,0,6,1,1,1364.0,4128.3,888.0,197.4,21.0,1439.0,235.0,44594.0,63999.0,31778.0,86.01,13.99,4.99,6.96,-1.97,2.36,30266.13,1447.21,32.69,46.92,23.3,66890.0,3.5,天津市统计局,12.0,30.9,+3.26%,3.26,,,,,0,,,0,,,,,,,,,,商场样本/点评为商圈聚合；人口、收入、社零、交通、餐饮、政策多为城市级代理；客流/核心租金仅部分重点商圈有明细。,正向: 商场样本数、收入社零、公共交通客运、餐饮集聚、年轻客群、政策支持；逆向或成本约束: 租金/空置率。
华北区,天津,天津,天津金元宝商,商圈/商场聚合,天津金元宝商,天津市塘沽区解放路668号,着意突出中档发展高档，交通便利！,1,1.0,1.0,1,1,0,,,,,1,9.7156,79.61,1439.0,,30.9,0,6,1,1,1364.0,4128.3,888.0,197.4,21.0,1439.0,235.0,44594.0,63999.0,31778.0,86.01,13.99,4.99,6.96,-1.97,2.36,30266.13,1447.21,32.69,46.92,23.3,66890.0,3.5,天津市统计局,12.0,30.9,+3.26%,3.26,,,,,0,,,0,,,,,,,,,,商场样本/点评为商圈聚合；人口、收入、社零、交通、餐饮、政策多为城市级代理；客流/核心租金仅部分重点商圈有明细。,正向: 商场样本数、收入社零、公共交通客运、餐饮集聚、年轻客群、政策支持；逆向或成本约束: 租金/空置率。
华北区,天津,天津,新世界百货,商圈/商场聚合,新世界百货,南开区东马路138号,地处天津市商业和商务汇集的黄金路段！少淑类，销售最好人气最旺的商场，下有地铁站,1,1.0,1.0,0,0,0,,,,,1,9.7156,79.61,1439.0,,30.9,0,6,1,1,1364.0,4128.3,888.0,197.4,21.0,1439.0,235.0,44594.0,63999.0,31778.0,86.01,13.99,4.99,6.96,-1.97,2.36,30266.13,1447.21,32.69,46.92,23.3,66890.0,3.5,天津市统计局,12.0,30.9,+3.26%,3.26,,,,,0,,,0,,,,,,,,,,商场样本/点评为商圈聚合；人口、收入、社零、交通、餐饮、政策多为城市级代理；客流/核心租金仅部分重点商圈有明细。,正向: 商场样本数、收入社零、公共交通客运、餐饮集聚、年轻客群、政策支持；逆向或成本约束: 租金/空置率。
华北区,天津,天津,美美百货,商圈/商场聚合,美美百货,天津市南京路与滨江道交叉口(南京路129号),综合性商场,1,1.0,1.0,0,0,0,,,,,1,9.7156,79.61,1439.0,,30.9,0,6,1,1,1364.0,4128.3,888.0,197.4,21.0,1439.0,235.0,44594.0,63999.0,31778.0,86.01,13.99,4.99,6.96,-1.97,2.36,30266.13,1447.21,32.69,46.92,23.3,66890.0,3.5,天津市统计局,12.0,30.9,+3.26%,3.26,,,,,0,,,0,,,,,,,,,,商场样本/点评为商圈聚合；人口、收入、社零、交通、餐饮、政策多为城市级代理；客流/核心租金仅部分重点商圈有明细。,正向: 商场样本数、收入社零、公共交通客运、餐饮集聚、年轻客群、政策支持；逆向或成本约束: 租金/空置率。
华北区,天津,天津,麦购休闲广场,商圈/商场聚合,麦购休闲广场,和平区滨江道,,1,1.0,0.0,0,0,0,,,,,1,9.7156,79.61,1439.0,,30.9,0,6,1,0,1364.0,4128.3,888.0,197.4,21.0,1439.0,235.0,44594.0,63999.0,31778.0,86.01,13.99,4.99,6.96,-1.97,2.36,30266.13,1447.21,32.69,46.92,23.3,66890.0,3.5,天津市统计局,12.0,30.9,+3.26%,3.26,,,,,0,,,0,,,,,,,,,,商场样本/点评为商圈聚合；人口、收入、社零、交通、餐饮、政策多为城市级代理；客流/核心租金仅部分重点商圈有明细。,正向: 商场样本数、收入社零、公共交通客运、餐饮集聚、年轻客群、政策支持；逆向或成本约束: 租金/空置率。
华东区,浙江,宁波,宁波市北仑商厦,商圈/商场聚合,宁波市北仑商厦,新大路23-33号,,1,1.0,0.0,0,0,0,,,,,1,14.178,0.0,,26.87,29.59,0,6,1,0,,,,,,,,,,,,,,,,,,,,,,77779.0,4.0,宁波市统计局,15.0,29.59,+0.27%,0.27,,,,,0,,,0,26.87,65.0,,第七次人口普查,,,,,,商场样本/点评为商圈聚合；人口、收入、社零、交通、餐饮、政策多为城市级代理；客流/核心租金仅部分重点商圈有明细。,正向: 商场样本数、收入社零、公共交通客运、餐饮集聚、年轻客群、政策支持；逆向或成本约束: 租金/空置率。
华东区,浙江,宁波,宁波市北大百货商场,商圈/商场聚合,宁波市北大百货商场,车桥街154号,,1,1.0,0.0,0,0,0,,,,,1,14.178,0.0,,26.87,29.59,0,6,1,0,,,,,,,,,,,,,,,,,,,,,,77779.0,4.0,宁波市统计局,15.0,29.59,+0.27%,0.27,,,,,0,,,0,26.87,65.0,,第七次人口普查,,,,,,商场样本/点评为商圈聚合；人口、收入、社零、交通、餐饮、政策多为城市级代理；客流/核心租金仅部分重点商圈有明细。,正向: 商场样本数、收入社零、公共交通客运、餐饮集聚、年轻客群、政策支持；逆向或成本约束: 租金/空置率。
华东区,浙江,宁波,宁波新世界百货,商圈/商场聚合,宁波新世界百货,宁波市江东区中山东路269号,,1,1.0,0.0,0,0,0,,,,,1,14.178,0.0,,26.87,29.59,0,6,1,0,,,,,,,,,,,,,,,,,,,,,,77779.0,4.0,宁波市统计局,15.0,29.59,+0.27%,0.27,,,,,0,,,0,26.87,65.0,,第七次人口普查,,,,,,商场样本/点评为商圈聚合；人口、收入、社零、交通、餐饮、政策多为城市级代理；客流/核心租金仅部分重点商圈有明细。,正向: 商场样本数、收入社零、公共交通客运、餐饮集聚、年轻客群、政策支持；逆向或成本约束: 租金/空置率。
华东区,浙江,宁波,新世界汇美百货,商圈/商场聚合,新世界汇美百货,宁波市海曙区中山东路137号,,1,1.0,0.0,0,0,0,,,,,1,14.178,0.0,,26.87,29.59,0,6,1,0,,,,,,,,,,,,,,,,,,,,,,77779.0,4.0,宁波市统计局,15.0,29.59,+0.27%,0.27,,,,,0,,,0,26.87,65.0,,第七次人口普查,,,,,,商场样本/点评为商圈聚合；人口、收入、社零、交通、餐饮、政策多为城市级代理；客流/核心租金仅部分重点商圈有明细。,正向: 商场样本数、收入社零、公共交通客运、餐饮集聚、年轻客群、政策支持；逆向或成本约束: 租金/空置率。
华东区,浙江,宁波,新华联商厦,商圈/商场聚合,新华联商厦,中心中山东路商业街,二楼分别为都会仕女广场,1,1.0,1.0,0,0,0,,,,,1,14.178,0.0,,26.87,29.59,0,6,1,1,,,,,,,,,,,,,,,,,,,,,,77779.0,4.0,宁波市统计局,15.0,29.59,+0.27%,0.27,,,,,0,,,0,26.87,65.0,,第七次人口普查,,,,,,商场样本/点评为商圈聚合；人口、收入、社零、交通、餐饮、政策多为城市级代理；客流/核心租金仅部分重点商圈有明细。,正向: 商场样本数、收入社零、公共交通客运、餐饮集聚、年轻客群、政策支持；逆向或成本约束: 租金/空置率。
华东区,浙江,宁波,新芝购物城,商圈/商场聚合,新芝购物城,新芝路63-69号,,1,1.0,0.0,0,0,0,,,,,1,14.178,0.0,,26.87,29.59,0,6,1,0,,,,,,,,,,,,,,,,,,,,,,77779.0,4.0,宁波市统计局,15.0,29.59,+0.27%,0.27,,,,,0,,,0,26.87,65.0,,第七次人口普查,,,,,,商场样本/点评为商圈聚合；人口、收入、社零、交通、餐饮、政策多为城市级代理；客流/核心租金仅部分重点商圈有明细。,正向: 商场样本数、收入社零、公共交通客运、餐饮集聚、年轻客群、政策支持；逆向或成本约束: 租金/空置率。
中南区,广东,广州,五月花商业广场,商圈/商场聚合,五月花商业广场,北京路 与中山五路,是北京路商圈目前唯一齐集购物、娱乐、饮食和休闲等多种消费形式于一身的大型综合式购物商厦,1,1.0,1.0,0,0,0,,,,,1,14.4592,0.0,,21.0,44.47,0,6,1,1,,,,,,,,,,,,,,,,,,,,,,80591.0,3.6,广州市统计局,4.0,44.47,+1.64%,1.64,,,戴德梁行2025年报告,2025年上半年,0,,,0,21.0,65.0,35.4,第七次人口普查,,,,,,商场样本/点评为商圈聚合；人口、收入、社零、交通、餐饮、政策多为城市级代理；客流/核心租金仅部分重点商圈有明细。,正向: 商场样本数、收入社零、公共交通客运、餐饮集聚、年轻客群、政策支持；逆向或成本约束: 租金/空置率。
中南区,广东,广州,北京路,商圈/商场聚合,光明广场1F,北京路,是一个集购物、饮食、娱乐、旅游、文化为一体的大型购物中心。,1,1.0,1.0,0,0,1,,,,,1,14.4592,0.0,,21.0,44.47,0,6,1,1,,,,,,,,,,,,,,,,,,,,,,80591.0,3.6,广州市统计局,4.0,44.47,+1.64%,1.64,,,戴德梁行2025年报告,2025年上半年,0,,,0,21.0,65.0,35.4,第七次人口普查,,,,,,商场样本/点评为商圈聚合；人口、收入、社零、交通、餐饮、政策多为城市级代理；客流/核心租金仅部分重点商圈有明细。,正向: 商场样本数、收入社零、公共交通客运、餐饮集聚、年轻客群、政策支持；逆向或成本约束: 租金/空置率。
中南区,广东,广州,友谊商店总店,商圈/商场聚合,友谊商店总店,花园酒店旁,,1,1.0,0.0,0,0,0,,,,,1,14.4592,0.0,,21.0,44.47,0,6,1,0,,,,,,,,,,,,,,,,,,,,,,80591.0,3.6,广州市统计局,4.0,44.47,+1.64%,1.64,,,戴德梁行2025年报告,2025年上半年,0,,,0,21.0,65.0,35.4,第七次人口普查,,,,,,商场样本/点评为商圈聚合；人口、收入、社零、交通、餐饮、政策多为城市级代理；客流/核心租金仅部分重点商圈有明细。,正向: 商场样本数、收入社零、公共交通客运、餐饮集聚、年轻客群、政策支持；逆向或成本约束: 租金/空置率。
中南区,广东,广州,友谊商店正佳店,商圈/商场聚合,友谊商店正佳店,天河路228号正佳广场南门,定位为一间中高档次、综合性的百货精品“主力店”。,1,1.0,1.0,1,0,0,,,,,1,14.4592,0.0,,21.0,44.47,0,6,1,1,,,,,,,,,,,,,,,,,,,,,,80591.0,3.6,广州市统计局,4.0,44.47,+1.64%,1.64,,,戴德梁行2025年报告,2025年上半年,0,,,0,21.0,65.0,35.4,第七次人口普查,,,,,,商场样本/点评为商圈聚合；人口、收入、社零、交通、餐饮、政策多为城市级代理；客流/核心租金仅部分重点商圈有明细。,正向: 商场样本数、收入社零、公共交通客运、餐饮集聚、年轻客群、政策支持；逆向或成本约束: 租金/空置率。
中南区,广东,广州,天河城百货,商圈/商场聚合,天河城百货,广州市天河路228号,以体验式主题购物乐园为设计定位的正佳广场，是当今中国最大的完全贯彻“体验式消费”模式、集零售、休闲、娱乐、餐饮、会展、康体、旅游及商务于一体的现代化购物中心。,1,1.0,1.0,0,0,0,,,,,1,14.4592,0.0,,21.0,44.47,0,6,1,1,,,,,,,,,,,,,,,,,,,,,,80591.0,3.6,广州市统计局,4.0,44.47,+1.64%,1.64,,,戴德梁行2025年报告,2025年上半年,0,,,0,21.0,65.0,35.4,第七次人口普查,,,,,,商场样本/点评为商圈聚合；人口、收入、社零、交通、餐饮、政策多为城市级代理；客流/核心租金仅部分重点商圈有明细。,正向: 商场样本数、收入社零、公共交通客运、餐饮集聚、年轻客群、政策支持；逆向或成本约束: 租金/空置率。
中南区,广东,广州,广百百货,商圈/商场聚合,广百百货,北京路店,构成现代百货公司，集购物、饮食于一体，广州单间零售销售第一,1,1.0,1.0,0,0,0,,,,,1,14.4592,0.0,,21.0,44.47,0,6,1,1,,,,,,,,,,,,,,,,,,,,,,80591.0,3.6,广州市统计局,4.0,44.47,+1.64%,1.64,,,戴德梁行2025年报告,2025年上半年,0,,,0,21.0,65.0,35.4,第七次人口普查,,,,,,商场样本/点评为商圈聚合；人口、收入、社零、交通、餐饮、政策多为城市级代理；客流/核心租金仅部分重点商圈有明细。,正向: 商场样本数、收入社零、公共交通客运、餐饮集聚、年轻客群、政策支持；逆向或成本约束: 租金/空置率。
中南区,广东,广州,摩登百货,商圈/商场聚合,摩登百货,天河岗顶店,集购物、饮食于一体,1,1.0,1.0,0,0,0,,,,,1,14.4592,0.0,,21.0,44.47,0,6,1,1,,,,,,,,,,,,,,,,,,,,,,80591.0,3.6,广州市统计局,4.0,44.47,+1.64%,1.64,,,戴德梁行2025年报告,2025年上半年,0,,,0,21.0,65.0,35.4,第七次人口普查,,,,,,商场样本/点评为商圈聚合；人口、收入、社零、交通、餐饮、政策多为城市级代理；客流/核心租金仅部分重点商圈有明细。,正向: 商场样本数、收入社零、公共交通客运、餐饮集聚、年轻客群、政策支持；逆向或成本约束: 租金/空置率。
中南区,广东,广州,新大新东山店,商圈/商场聚合,新大新东山店,东山广场,,1,1.0,0.0,0,0,0,,,,,1,14.4592,0.0,,21.0,44.47,0,6,1,0,,,,,,,,,,,,,,,,,,,,,,80591.0,3.6,广州市统计局,4.0,44.47,+1.64%,1.64,,,戴德梁行2025年报告,2025年上半年,0,,,0,21.0,65.0,35.4,第七次人口普查,,,,,,商场样本/点评为商圈聚合；人口、收入、社零、交通、餐饮、政策多为城市级代理；客流/核心租金仅部分重点商圈有明细。,正向: 商场样本数、收入社零、公共交通客运、餐饮集聚、年轻客群、政策支持；逆向或成本约束: 租金/空置率。
中南区,广东,广州,新大新北京路分店百货,商圈/商场聚合,新大新北京路分店百货,北京路 与中山五路交界处,"以穿戴类为主导，服装为龙头，各类商 品经营组合配套发展]的经营特色和与市场相适应的科学 化、制度化、规范化的管理体制,",1,1.0,1.0,0,0,0,,,,,1,14.4592,0.0,,21.0,44.47,0,6,1,1,,,,,,,,,,,,,,,,,,,,,,80591.0,3.6,广州市统计局,4.0,44.47,+1.64%,1.64,,,戴德梁行2025年报告,2025年上半年,0,,,0,21.0,65.0,35.4,第七次人口普查,,,,,,商场样本/点评为商圈聚合；人口、收入、社零、交通、餐饮、政策多为城市级代理；客流/核心租金仅部分重点商圈有明细。,正向: 商场样本数、收入社零、公共交通客运、餐饮集聚、年轻客群、政策支持；逆向或成本约束: 租金/空置率。
中南区,广东,广州,新大新番禺分店,商圈/商场聚合,新大新番禺分店,,,1,0.0,0.0,0,0,0,,,,,1,14.4592,0.0,,21.0,44.47,0,6,0,0,,,,,,,,,,,,,,,,,,,,,,80591.0,3.6,广州市统计局,4.0,44.47,+1.64%,1.64,,,戴德梁行2025年报告,2025年上半年,0,,,0,21.0,65.0,35.4,第七次人口普查,,,,,,商场样本/点评为商圈聚合；人口、收入、社零、交通、餐饮、政策多为城市级代理；客流/核心租金仅部分重点商圈有明细。,正向: 商场样本数、收入社零、公共交通客运、餐饮集聚、年轻客群、政策支持；逆向或成本约束: 租金/空置率。
中南区,广东,广州,新大新荔湾店,商圈/商场聚合,新大新荔湾店,广州市荔湾路100号,以穿戴类为主导，服装为龙头，各类商品经营组合配套发展”这一鲜明的经营特色，荟萃中外名牌,1,1.0,1.0,0,0,0,,,,,1,14.4592,0.0,,21.0,44.47,0,6,1,1,,,,,,,,,,,,,,,,,,,,,,80591.0,3.6,广州市统计局,4.0,44.47,+1.64%,1.64,,,戴德梁行2025年报告,2025年上半年,0,,,0,21.0,65.0,35.4,第七次人口普查,,,,,,商场样本/点评为商圈聚合；人口、收入、社零、交通、餐饮、政策多为城市级代理；客流/核心租金仅部分重点商圈有明细。,正向: 商场样本数、收入社零、公共交通客运、餐饮集聚、年轻客群、政策支持；逆向或成本约束: 租金/空置率。
中南区,广东,广州,正佳广场,商圈/商场聚合,正佳广场,广州市天河路228号,以体验式主题购物乐园为设计定位的正佳广场，是当今中国最大的完全贯彻“体验式消费”模式、集零售、休闲、娱乐、餐饮、会展、康体、旅游及商务于一体的现代化购物中心。,1,1.0,1.0,0,0,0,,,,,1,14.4592,0.0,,21.0,44.47,0,6,1,1,,,,,,,,,,,,,,,,,,,,,,80591.0,3.6,广州市统计局,4.0,44.47,+1.64%,1.64,,,戴德梁行2025年报告,2025年上半年,0,,,0,21.0,65.0,35.4,第七次人口普查,,,,,,商场样本/点评为商圈聚合；人口、收入、社零、交通、餐饮、政策多为城市级代理；客流/核心租金仅部分重点商圈有明细。,正向: 商场样本数、收入社零、公共交通客运、餐饮集聚、年轻客群、政策支持；逆向或成本约束: 租金/空置率。
中南区,广东,广州,王府井百货,商圈/商场聚合,王府井百货,广州越秀区农林下路40号,集百货零售、餐饮、写字楼及各种现代化服务设施为一体，并备有大型停车场。,1,1.0,1.0,0,0,0,,,,,1,14.4592,0.0,,21.0,44.47,0,6,1,1,,,,,,,,,,,,,,,,,,,,,,80591.0,3.6,广州市统计局,4.0,44.47,+1.64%,1.64,,,戴德梁行2025年报告,2025年上半年,0,,,0,21.0,65.0,35.4,第七次人口普查,,,,,,商场样本/点评为商圈聚合；人口、收入、社零、交通、餐饮、政策多为城市级代理；客流/核心租金仅部分重点商圈有明细。,正向: 商场样本数、收入社零、公共交通客运、餐饮集聚、年轻客群、政策支持；逆向或成本约束: 租金/空置率。
西南区,四川,成都,万达商业广场,商圈/商场聚合,万达商业广场,,,1,0.0,0.0,0,0,0,,,,,1,12.351,0.0,,20.0,585.0,1,6,0,0,,,,,,,,,,,,,,,,,,,,,,59509.0,4.4,成都市统计局2025年公报,24.0,24.33,-2.84%,-2.84,585.0,8.68,戴德梁行2025年成都报告,2025年第四季度,2,成都市消费新业态新模式新场景试点；成都首发首店支持政策,中央财政补助：超大特大城市合计4亿元；对亚洲级及以上首店给予补贴,1,20.0,68.74,,第七次人口普查,成都14-35岁青年人口,690万,成都市统计年鉴,,,商场样本/点评为商圈聚合；人口、收入、社零、交通、餐饮、政策多为城市级代理；客流/核心租金仅部分重点商圈有明细。,正向: 商场样本数、收入社零、公共交通客运、餐饮集聚、年轻客群、政策支持；逆向或成本约束: 租金/空置率。
西南区,四川,成都,乐宾百货,商圈/商场聚合,乐宾百货,,,1,0.0,0.0,0,0,0,,,,,1,12.351,0.0,,20.0,585.0,1,6,0,0,,,,,,,,,,,,,,,,,,,,,,59509.0,4.4,成都市统计局2025年公报,24.0,24.33,-2.84%,-2.84,585.0,8.68,戴德梁行2025年成都报告,2025年第四季度,2,成都市消费新业态新模式新场景试点；成都首发首店支持政策,中央财政补助：超大特大城市合计4亿元；对亚洲级及以上首店给予补贴,1,20.0,68.74,,第七次人口普查,成都14-35岁青年人口,690万,成都市统计年鉴,,,商场样本/点评为商圈聚合；人口、收入、社零、交通、餐饮、政策多为城市级代理；客流/核心租金仅部分重点商圈有明细。,正向: 商场样本数、收入社零、公共交通客运、餐饮集聚、年轻客群、政策支持；逆向或成本约束: 租金/空置率。
西南区,四川,成都,九龙批发市场,商圈/商场聚合,盐市口华胜,锦江区梨花街9号盐市口广场5号,,1,1.0,0.0,0,0,0,,,,,1,12.351,0.0,,20.0,585.0,1,6,1,0,,,,,,,,,,,,,,,,,,,,,,59509.0,4.4,成都市统计局2025年公报,24.0,24.33,-2.84%,-2.84,585.0,8.68,戴德梁行2025年成都报告,2025年第四季度,2,成都市消费新业态新模式新场景试点；成都首发首店支持政策,中央财政补助：超大特大城市合计4亿元；对亚洲级及以上首店给予补贴,1,20.0,68.74,,第七次人口普查,成都14-35岁青年人口,690万,成都市统计年鉴,,,商场样本/点评为商圈聚合；人口、收入、社零、交通、餐饮、政策多为城市级代理；客流/核心租金仅部分重点商圈有明细。,正向: 商场样本数、收入社零、公共交通客运、餐饮集聚、年轻客群、政策支持；逆向或成本约束: 租金/空置率。
西南区,四川,成都,人民商场（被茂业百货收购）,商圈/商场聚合,人民商场（被茂业百货收购）,盐市口,,1,1.0,0.0,0,0,0,,,,,1,12.351,0.0,,20.0,585.0,1,6,1,0,,,,,,,,,,,,,,,,,,,,,,59509.0,4.4,成都市统计局2025年公报,24.0,24.33,-2.84%,-2.84,585.0,8.68,戴德梁行2025年成都报告,2025年第四季度,2,成都市消费新业态新模式新场景试点；成都首发首店支持政策,中央财政补助：超大特大城市合计4亿元；对亚洲级及以上首店给予补贴,1,20.0,68.74,,第七次人口普查,成都14-35岁青年人口,690万,成都市统计年鉴,,,商场样本/点评为商圈聚合；人口、收入、社零、交通、餐饮、政策多为城市级代理；客流/核心租金仅部分重点商圈有明细。,正向: 商场样本数、收入社零、公共交通客运、餐饮集聚、年轻客群、政策支持；逆向或成本约束: 租金/空置率。
西南区,四川,成都,仁和春天,商圈/商场聚合,仁和春天,,,1,0.0,0.0,0,0,0,,,,,1,12.351,0.0,,20.0,585.0,1,6,0,0,,,,,,,,,,,,,,,,,,,,,,59509.0,4.4,成都市统计局2025年公报,24.0,24.33,-2.84%,-2.84,585.0,8.68,戴德梁行2025年成都报告,2025年第四季度,2,成都市消费新业态新模式新场景试点；成都首发首店支持政策,中央财政补助：超大特大城市合计4亿元；对亚洲级及以上首店给予补贴,1,20.0,68.74,,第七次人口普查,成都14-35岁青年人口,690万,成都市统计年鉴,,,商场样本/点评为商圈聚合；人口、收入、社零、交通、餐饮、政策多为城市级代理；客流/核心租金仅部分重点商圈有明细。,正向: 商场样本数、收入社零、公共交通客运、餐饮集聚、年轻客群、政策支持；逆向或成本约束: 租金/空置率。
西南区,四川,成都,伊势丹,商圈/商场聚合,伊势丹,,,1,0.0,0.0,0,0,0,,,,,1,12.351,0.0,,20.0,585.0,1,6,0,0,,,,,,,,,,,,,,,,,,,,,,59509.0,4.4,成都市统计局2025年公报,24.0,24.33,-2.84%,-2.84,585.0,8.68,戴德梁行2025年成都报告,2025年第四季度,2,成都市消费新业态新模式新场景试点；成都首发首店支持政策,中央财政补助：超大特大城市合计4亿元；对亚洲级及以上首店给予补贴,1,20.0,68.74,,第七次人口普查,成都14-35岁青年人口,690万,成都市统计年鉴,,,商场样本/点评为商圈聚合；人口、收入、社零、交通、餐饮、政策多为城市级代理；客流/核心租金仅部分重点商圈有明细。,正向: 商场样本数、收入社零、公共交通客运、餐饮集聚、年轻客群、政策支持；逆向或成本约束: 租金/空置率。
西南区,四川,成都,伊滕盛华堂,商圈/商场聚合,伊滕盛华堂,春熙路,,1,1.0,0.0,0,0,0,,,,,1,12.351,0.0,,20.0,585.0,1,6,1,0,,,,,,,,,,,,,,,,,,,,,,59509.0,4.4,成都市统计局2025年公报,24.0,24.33,-2.84%,-2.84,585.0,8.68,戴德梁行2025年成都报告,2025年第四季度,2,成都市消费新业态新模式新场景试点；成都首发首店支持政策,中央财政补助：超大特大城市合计4亿元；对亚洲级及以上首店给予补贴,1,20.0,68.74,,第七次人口普查,成都14-35岁青年人口,690万,成都市统计年鉴,,,商场样本/点评为商圈聚合；人口、收入、社零、交通、餐饮、政策多为城市级代理；客流/核心租金仅部分重点商圈有明细。,正向: 商场样本数、收入社零、公共交通客运、餐饮集聚、年轻客群、政策支持；逆向或成本约束: 租金/空置率。
西南区,四川,成都,千盛百货,商圈/商场聚合,千盛百货,,,1,0.0,0.0,0,0,0,,,,,1,12.351,0.0,,20.0,585.0,1,6,0,0,,,,,,,,,,,,,,,,,,,,,,59509.0,4.4,成都市统计局2025年公报,24.0,24.33,-2.84%,-2.84,585.0,8.68,戴德梁行2025年成都报告,2025年第四季度,2,成都市消费新业态新模式新场景试点；成都首发首店支持政策,中央财政补助：超大特大城市合计4亿元；对亚洲级及以上首店给予补贴,1,20.0,68.74,,第七次人口普查,成都14-35岁青年人口,690万,成都市统计年鉴,,,商场样本/点评为商圈聚合；人口、收入、社零、交通、餐饮、政策多为城市级代理；客流/核心租金仅部分重点商圈有明细。,正向: 商场样本数、收入社零、公共交通客运、餐饮集聚、年轻客群、政策支持；逆向或成本约束: 租金/空置率。
西南区,四川,成都,华联商厦,商圈/商场聚合,华联商厦,,,1,0.0,0.0,0,0,0,,,,,1,12.351,0.0,,20.0,585.0,1,6,0,0,,,,,,,,,,,,,,,,,,,,,,59509.0,4.4,成都市统计局2025年公报,24.0,24.33,-2.84%,-2.84,585.0,8.68,戴德梁行2025年成都报告,2025年第四季度,2,成都市消费新业态新模式新场景试点；成都首发首店支持政策,中央财政补助：超大特大城市合计4亿元；对亚洲级及以上首店给予补贴,1,20.0,68.74,,第七次人口普查,成都14-35岁青年人口,690万,成都市统计年鉴,,,商场样本/点评为商圈聚合；人口、收入、社零、交通、餐饮、政策多为城市级代理；客流/核心租金仅部分重点商圈有明细。,正向: 商场样本数、收入社零、公共交通客运、餐饮集聚、年轻客群、政策支持；逆向或成本约束: 租金/空置率。
西南区,四川,成都,双楠洋华堂2店,商圈/商场聚合,双楠洋华堂2店,二环路一段逸都路6号华堂商场,,1,1.0,0.0,0,0,0,,,,,1,12.351,0.0,,20.0,585.0,1,6,1,0,,,,,,,,,,,,,,,,,,,,,,59509.0,4.4,成都市统计局2025年公报,24.0,24.33,-2.84%,-2.84,585.0,8.68,戴德梁行2025年成都报告,2025年第四季度,2,成都市消费新业态新模式新场景试点；成都首发首店支持政策,中央财政补助：超大特大城市合计4亿元；对亚洲级及以上首店给予补贴,1,20.0,68.74,,第七次人口普查,成都14-35岁青年人口,690万,成都市统计年鉴,,,商场样本/点评为商圈聚合；人口、收入、社零、交通、餐饮、政策多为城市级代理；客流/核心租金仅部分重点商圈有明细。,正向: 商场样本数、收入社零、公共交通客运、餐饮集聚、年轻客群、政策支持；逆向或成本约束: 租金/空置率。
西南区,四川,成都,太平洋,商圈/商场聚合,太平洋,A类,,1,1.0,0.0,0,0,0,,,,,1,12.351,0.0,,20.0,585.0,1,6,1,0,,,,,,,,,,,,,,,,,,,,,,59509.0,4.4,成都市统计局2025年公报,24.0,24.33,-2.84%,-2.84,585.0,8.68,戴德梁行2025年成都报告,2025年第四季度,2,成都市消费新业态新模式新场景试点；成都首发首店支持政策,中央财政补助：超大特大城市合计4亿元；对亚洲级及以上首店给予补贴,1,20.0,68.74,,第七次人口普查,成都14-35岁青年人口,690万,成都市统计年鉴,,,商场样本/点评为商圈聚合；人口、收入、社零、交通、餐饮、政策多为城市级代理；客流/核心租金仅部分重点商圈有明细。,正向: 商场样本数、收入社零、公共交通客运、餐饮集聚、年轻客群、政策支持；逆向或成本约束: 租金/空置率。
西南区,四川,成都,成都友谊,商圈/商场聚合,成都友谊,成都市科华中路9号,,1,1.0,0.0,0,0,0,,,,,1,12.351,0.0,,20.0,585.0,1,6,1,0,,,,,,,,,,,,,,,,,,,,,,59509.0,4.4,成都市统计局2025年公报,24.0,24.33,-2.84%,-2.84,585.0,8.68,戴德梁行2025年成都报告,2025年第四季度,2,成都市消费新业态新模式新场景试点；成都首发首店支持政策,中央财政补助：超大特大城市合计4亿元；对亚洲级及以上首店给予补贴,1,20.0,68.74,,第七次人口普查,成都14-35岁青年人口,690万,成都市统计年鉴,,,商场样本/点评为商圈聚合；人口、收入、社零、交通、餐饮、政策多为城市级代理；客流/核心租金仅部分重点商圈有明细。,正向: 商场样本数、收入社零、公共交通客运、餐饮集聚、年轻客群、政策支持；逆向或成本约束: 租金/空置率。
西南区,四川,成都,成都好一些县城双流\华阳镇\新都\温江\,商圈/商场聚合,成都好一些县城双流\华阳镇\新都\温江\,,,1,0.0,0.0,0,0,0,,,,,1,12.351,0.0,,20.0,585.0,1,6,0,0,,,,,,,,,,,,,,,,,,,,,,59509.0,4.4,成都市统计局2025年公报,24.0,24.33,-2.84%,-2.84,585.0,8.68,戴德梁行2025年成都报告,2025年第四季度,2,成都市消费新业态新模式新场景试点；成都首发首店支持政策,中央财政补助：超大特大城市合计4亿元；对亚洲级及以上首店给予补贴,1,20.0,68.74,,第七次人口普查,成都14-35岁青年人口,690万,成都市统计年鉴,,,商场样本/点评为商圈聚合；人口、收入、社零、交通、餐饮、政策多为城市级代理；客流/核心租金仅部分重点商圈有明细。,正向: 商场样本数、收入社零、公共交通客运、餐饮集聚、年轻客群、政策支持；逆向或成本约束: 租金/空置率。
西南区,四川,成都,成都百货,商圈/商场聚合,成都百货,成都东御街18号,,1,1.0,0.0,0,0,0,,,,,1,12.351,0.0,,20.0,585.0,1,6,1,0,,,,,,,,,,,,,,,,,,,,,,59509.0,4.4,成都市统计局2025年公报,24.0,24.33,-2.84%,-2.84,585.0,8.68,戴德梁行2025年成都报告,2025年第四季度,2,成都市消费新业态新模式新场景试点；成都首发首店支持政策,中央财政补助：超大特大城市合计4亿元；对亚洲级及以上首店给予补贴,1,20.0,68.74,,第七次人口普查,成都14-35岁青年人口,690万,成都市统计年鉴,,,商场样本/点评为商圈聚合；人口、收入、社零、交通、餐饮、政策多为城市级代理；客流/核心租金仅部分重点商圈有明细。,正向: 商场样本数、收入社零、公共交通客运、餐饮集聚、年轻客群、政策支持；逆向或成本约束: 租金/空置率。
西南区,四川,成都,摩尔百盛,商圈/商场聚合,摩尔百盛,,,1,0.0,0.0,0,0,0,,,,,1,12.351,0.0,,20.0,585.0,1,6,0,0,,,,,,,,,,,,,,,,,,,,,,59509.0,4.4,成都市统计局2025年公报,24.0,24.33,-2.84%,-2.84,585.0,8.68,戴德梁行2025年成都报告,2025年第四季度,2,成都市消费新业态新模式新场景试点；成都首发首店支持政策,中央财政补助：超大特大城市合计4亿元；对亚洲级及以上首店给予补贴,1,20.0,68.74,,第七次人口普查,成都14-35岁青年人口,690万,成都市统计年鉴,,,商场样本/点评为商圈聚合；人口、收入、社零、交通、餐饮、政策多为城市级代理；客流/核心租金仅部分重点商圈有明细。,正向: 商场样本数、收入社零、公共交通客运、餐饮集聚、年轻客群、政策支持；逆向或成本约束: 租金/空置率。
西南区,四川,成都,时代百盛,商圈/商场聚合,时代百盛,,,1,0.0,0.0,0,0,0,,,,,1,12.351,0.0,,20.0,585.0,1,6,0,0,,,,,,,,,,,,,,,,,,,,,,59509.0,4.4,成都市统计局2025年公报,24.0,24.33,-2.84%,-2.84,585.0,8.68,戴德梁行2025年成都报告,2025年第四季度,2,成都市消费新业态新模式新场景试点；成都首发首店支持政策,中央财政补助：超大特大城市合计4亿元；对亚洲级及以上首店给予补贴,1,20.0,68.74,,第七次人口普查,成都14-35岁青年人口,690万,成都市统计年鉴,,,商场样本/点评为商圈聚合；人口、收入、社零、交通、餐饮、政策多为城市级代理；客流/核心租金仅部分重点商圈有明细。,正向: 商场样本数、收入社零、公共交通客运、餐饮集聚、年轻客群、政策支持；逆向或成本约束: 租金/空置率。
西南区,四川,成都,春熙洋华堂1店,商圈/商场聚合,春熙洋华堂1店,大科甲巷8号洋华堂商场,,1,1.0,0.0,0,0,0,,,,,1,12.351,0.0,,20.0,585.0,1,6,1,0,,,,,,,,,,,,,,,,,,,,,,59509.0,4.4,成都市统计局2025年公报,24.0,24.33,-2.84%,-2.84,585.0,8.68,戴德梁行2025年成都报告,2025年第四季度,2,成都市消费新业态新模式新场景试点；成都首发首店支持政策,中央财政补助：超大特大城市合计4亿元；对亚洲级及以上首店给予补贴,1,20.0,68.74,,第七次人口普查,成都14-35岁青年人口,690万,成都市统计年鉴,,,商场样本/点评为商圈聚合；人口、收入、社零、交通、餐饮、政策多为城市级代理；客流/核心租金仅部分重点商圈有明细。,正向: 商场样本数、收入社零、公共交通客运、餐饮集聚、年轻客群、政策支持；逆向或成本约束: 租金/空置率。
西南区,四川,成都,王府井,商圈/商场聚合,王府井,A类,,1,1.0,0.0,0,0,0,,,,,1,12.351,0.0,,20.0,585.0,1,6,1,0,,,,,,,,,,,,,,,,,,,,,,59509.0,4.4,成都市统计局2025年公报,24.0,24.33,-2.84%,-2.84,585.0,8.68,戴德梁行2025年成都报告,2025年第四季度,2,成都市消费新业态新模式新场景试点；成都首发首店支持政策,中央财政补助：超大特大城市合计4亿元；对亚洲级及以上首店给予补贴,1,20.0,68.74,,第七次人口普查,成都14-35岁青年人口,690万,成都市统计年鉴,,,商场样本/点评为商圈聚合；人口、收入、社零、交通、餐饮、政策多为城市级代理；客流/核心租金仅部分重点商圈有明细。,正向: 商场样本数、收入社零、公共交通客运、餐饮集聚、年轻客群、政策支持；逆向或成本约束: 租金/空置率。
华东区,浙江,杭州,中都购物中心,商圈/商场聚合,中都购物中心,余杭区临平北大街1号中都广场,集购物、娱乐、餐饮、观光和休闲等综合高享受的消费场所为一体。,1,1.0,1.0,0,0,0,,,,,1,15.0641,0.0,,12.8,41.39,1,6,1,1,,,,,,,,,,,,,,,,,,,,,,86640.0,3.9,国家统计局杭州调查队2025年公报,5.0,41.39,+5.62%,5.62,,,戴德梁行2025年报告,2025年上半年,2,"《杭州市大力提振消费打造""赛会之城·购物天堂""三年行动计划(2025-2027年)》；杭州市首发经济支持政策",目标管理，2027年社会消费品零售总额力争突破9000亿元；具体奖励标准待细化,1,12.8,65.7,,第七次人口普查,,,,,,商场样本/点评为商圈聚合；人口、收入、社零、交通、餐饮、政策多为城市级代理；客流/核心租金仅部分重点商圈有明细。,正向: 商场样本数、收入社零、公共交通客运、餐饮集聚、年轻客群、政策支持；逆向或成本约束: 租金/空置率。
华东区,浙江,杭州,元华购物中心,商圈/商场聚合,元华购物中心,杭州市延安路179号,综合性商业零售商场，购物环境较好！,1,1.0,1.0,0,0,0,,,,,1,15.0641,0.0,,12.8,41.39,1,6,1,1,,,,,,,,,,,,,,,,,,,,,,86640.0,3.9,国家统计局杭州调查队2025年公报,5.0,41.39,+5.62%,5.62,,,戴德梁行2025年报告,2025年上半年,2,"《杭州市大力提振消费打造""赛会之城·购物天堂""三年行动计划(2025-2027年)》；杭州市首发经济支持政策",目标管理，2027年社会消费品零售总额力争突破9000亿元；具体奖励标准待细化,1,12.8,65.7,,第七次人口普查,,,,,,商场样本/点评为商圈聚合；人口、收入、社零、交通、餐饮、政策多为城市级代理；客流/核心租金仅部分重点商圈有明细。,正向: 商场样本数、收入社零、公共交通客运、餐饮集聚、年轻客群、政策支持；逆向或成本约束: 租金/空置率。
华东区,浙江,杭州,景福百货大楼,商圈/商场聚合,景福百货大楼,杭州市拱墅区湖墅北路71号,综合性商业零售商场！,1,1.0,1.0,0,0,0,,,,,1,15.0641,0.0,,12.8,41.39,1,6,1,1,,,,,,,,,,,,,,,,,,,,,,86640.0,3.9,国家统计局杭州调查队2025年公报,5.0,41.39,+5.62%,5.62,,,戴德梁行2025年报告,2025年上半年,2,"《杭州市大力提振消费打造""赛会之城·购物天堂""三年行动计划(2025-2027年)》；杭州市首发经济支持政策",目标管理，2027年社会消费品零售总额力争突破9000亿元；具体奖励标准待细化,1,12.8,65.7,,第七次人口普查,,,,,,商场样本/点评为商圈聚合；人口、收入、社零、交通、餐饮、政策多为城市级代理；客流/核心租金仅部分重点商圈有明细。,正向: 商场样本数、收入社零、公共交通客运、餐饮集聚、年轻客群、政策支持；逆向或成本约束: 租金/空置率。
华东区,浙江,杭州,杭州利群购物中心,商圈/商场聚合,杭州利群购物中心,余杭区临平镇北大街１３２号,集购物、娱乐、餐饮、观光和休闲等综合高享受的消费场所为一体。三楼为品牌时尚款！,1,1.0,1.0,0,0,0,,,,,1,15.0641,0.0,,12.8,41.39,1,6,1,1,,,,,,,,,,,,,,,,,,,,,,86640.0,3.9,国家统计局杭州调查队2025年公报,5.0,41.39,+5.62%,5.62,,,戴德梁行2025年报告,2025年上半年,2,"《杭州市大力提振消费打造""赛会之城·购物天堂""三年行动计划(2025-2027年)》；杭州市首发经济支持政策",目标管理，2027年社会消费品零售总额力争突破9000亿元；具体奖励标准待细化,1,12.8,65.7,,第七次人口普查,,,,,,商场样本/点评为商圈聚合；人口、收入、社零、交通、餐饮、政策多为城市级代理；客流/核心租金仅部分重点商圈有明细。,正向: 商场样本数、收入社零、公共交通客运、餐饮集聚、年轻客群、政策支持；逆向或成本约束: 租金/空置率。
华东区,浙江,杭州,杭州大厦,商圈/商场聚合,杭州大厦,杭州武林广场21号,杭州大厦购物中心是一家经营高档奢侈品品牌与时尚流行商品的主题精品百货公司，座落于杭州市最繁华地段——武林广场，分A、B两座。二三楼为少淑区！,1,1.0,1.0,1,0,0,,,,,1,15.0641,0.0,,12.8,41.39,1,6,1,1,,,,,,,,,,,,,,,,,,,,,,86640.0,3.9,国家统计局杭州调查队2025年公报,5.0,41.39,+5.62%,5.62,,,戴德梁行2025年报告,2025年上半年,2,"《杭州市大力提振消费打造""赛会之城·购物天堂""三年行动计划(2025-2027年)》；杭州市首发经济支持政策",目标管理，2027年社会消费品零售总额力争突破9000亿元；具体奖励标准待细化,1,12.8,65.7,,第七次人口普查,,,,,,商场样本/点评为商圈聚合；人口、收入、社零、交通、餐饮、政策多为城市级代理；客流/核心租金仅部分重点商圈有明细。,正向: 商场样本数、收入社零、公共交通客运、餐饮集聚、年轻客群、政策支持；逆向或成本约束: 租金/空置率。
华东区,浙江,杭州,杭州解百,商圈/商场聚合,杭州解百,解放路251号,集商场、宾馆、餐饮、娱乐、停车场于一体的购物中心，拥有登喜路、万宝龙、宝姿、LACOSTE等一大批国际知名品牌商品，是一个传递现代都市生活、引领现代时尚消费需求的窗口,1,1.0,1.0,0,0,0,,,,,1,15.0641,0.0,,12.8,41.39,1,6,1,1,,,,,,,,,,,,,,,,,,,,,,86640.0,3.9,国家统计局杭州调查队2025年公报,5.0,41.39,+5.62%,5.62,,,戴德梁行2025年报告,2025年上半年,2,"《杭州市大力提振消费打造""赛会之城·购物天堂""三年行动计划(2025-2027年)》；杭州市首发经济支持政策",目标管理，2027年社会消费品零售总额力争突破9000亿元；具体奖励标准待细化,1,12.8,65.7,,第七次人口普查,,,,,,商场样本/点评为商圈聚合；人口、收入、社零、交通、餐饮、政策多为城市级代理；客流/核心租金仅部分重点商圈有明细。,正向: 商场样本数、收入社零、公共交通客运、餐饮集聚、年轻客群、政策支持；逆向或成本约束: 租金/空置率。
华东区,浙江,杭州,百货大楼,商圈/商场聚合,百货大楼,武林广场东南侧,位于浙江省杭州市最繁华的商业区武林广场东南侧，主要以“国内名优品牌为主体，国际品牌、地方特色品牌为补充”的经营格局。,1,1.0,1.0,0,0,0,,,,,1,15.0641,0.0,,12.8,41.39,1,6,1,1,,,,,,,,,,,,,,,,,,,,,,86640.0,3.9,国家统计局杭州调查队2025年公报,5.0,41.39,+5.62%,5.62,,,戴德梁行2025年报告,2025年上半年,2,"《杭州市大力提振消费打造""赛会之城·购物天堂""三年行动计划(2025-2027年)》；杭州市首发经济支持政策",目标管理，2027年社会消费品零售总额力争突破9000亿元；具体奖励标准待细化,1,12.8,65.7,,第七次人口普查,,,,,,商场样本/点评为商圈聚合；人口、收入、社零、交通、餐饮、政策多为城市级代理；客流/核心租金仅部分重点商圈有明细。,正向: 商场样本数、收入社零、公共交通客运、餐饮集聚、年轻客群、政策支持；逆向或成本约束: 租金/空置率。
华东区,浙江,杭州,美莎百货,商圈/商场聚合,美莎百货,杭州市下城区庆春路229号,定位中高档，现拥有品牌ETAM、百丽、FED、CLRIDE、ONLY、VEROMODA、JACK&JONES、ESPRIT、CK、G2000、马克华菲、TONYJEANS、LEVI'S等,1,1.0,1.0,1,0,0,,,,,1,15.0641,0.0,,12.8,41.39,1,6,1,1,,,,,,,,,,,,,,,,,,,,,,86640.0,3.9,国家统计局杭州调查队2025年公报,5.0,41.39,+5.62%,5.62,,,戴德梁行2025年报告,2025年上半年,2,"《杭州市大力提振消费打造""赛会之城·购物天堂""三年行动计划(2025-2027年)》；杭州市首发经济支持政策",目标管理，2027年社会消费品零售总额力争突破9000亿元；具体奖励标准待细化,1,12.8,65.7,,第七次人口普查,,,,,,商场样本/点评为商圈聚合；人口、收入、社零、交通、餐饮、政策多为城市级代理；客流/核心租金仅部分重点商圈有明细。,正向: 商场样本数、收入社零、公共交通客运、餐饮集聚、年轻客群、政策支持；逆向或成本约束: 租金/空置率。
华东区,浙江,杭州,美莎百货-西湖时代广场,商圈/商场聚合,美莎百货-西湖时代广场,杭州市下城区庆春路227号,品牌折扣店 ，一楼是女装。,1,1.0,1.0,0,0,0,,,,,1,15.0641,0.0,,12.8,41.39,1,6,1,1,,,,,,,,,,,,,,,,,,,,,,86640.0,3.9,国家统计局杭州调查队2025年公报,5.0,41.39,+5.62%,5.62,,,戴德梁行2025年报告,2025年上半年,2,"《杭州市大力提振消费打造""赛会之城·购物天堂""三年行动计划(2025-2027年)》；杭州市首发经济支持政策",目标管理，2027年社会消费品零售总额力争突破9000亿元；具体奖励标准待细化,1,12.8,65.7,,第七次人口普查,,,,,,商场样本/点评为商圈聚合；人口、收入、社零、交通、餐饮、政策多为城市级代理；客流/核心租金仅部分重点商圈有明细。,正向: 商场样本数、收入社零、公共交通客运、餐饮集聚、年轻客群、政策支持；逆向或成本约束: 租金/空置率。
华东区,浙江,杭州,银泰百货,商圈/商场聚合,银泰百货,杭州市延安路530号,"以年轻人和新型家庭为主要客群，致力于中国城市时尚文化建设,树立年轻活力、时尚品味的百货形象，引领流行趋势，为顾客创造高附加值。",1,1.0,1.0,0,0,0,,,,,1,15.0641,0.0,,12.8,41.39,1,6,1,1,,,,,,,,,,,,,,,,,,,,,,86640.0,3.9,国家统计局杭州调查队2025年公报,5.0,41.39,+5.62%,5.62,,,戴德梁行2025年报告,2025年上半年,2,"《杭州市大力提振消费打造""赛会之城·购物天堂""三年行动计划(2025-2027年)》；杭州市首发经济支持政策",目标管理，2027年社会消费品零售总额力争突破9000亿元；具体奖励标准待细化,1,12.8,65.7,,第七次人口普查,,,,,,商场样本/点评为商圈聚合；人口、收入、社零、交通、餐饮、政策多为城市级代理；客流/核心租金仅部分重点商圈有明细。,正向: 商场样本数、收入社零、公共交通客运、餐饮集聚、年轻客群、政策支持；逆向或成本约束: 租金/空置率。
中南区,广东,深圳,万象城-1F,商圈/商场聚合,万象城-1F,宝安南路,深圳最商档的品牌商场:艾格及周末\VSV\曼娅奴\况珈尔,1,1.0,1.0,0,0,0,,,,,1,14.8946,0.0,,45.66,761.6,0,6,1,1,,,,,,,,,,,,,,,,,,,,,,84945.0,3.8,深圳市统计局,3.0,66.25,+10.96%,10.96,761.6,9.1,戴德梁行2025年报告,2025年第二季度,0,,,0,45.66,65.0,32.5,第七次人口普查,深圳14-35岁青年人口占比；深圳平均年龄；深圳18-29岁青年人口,45.66%；32.5岁；124.9万,第七次全国人口普查数据；深圳市统计局；深圳统计年鉴,,,商场样本/点评为商圈聚合；人口、收入、社零、交通、餐饮、政策多为城市级代理；客流/核心租金仅部分重点商圈有明细。,正向: 商场样本数、收入社零、公共交通客运、餐饮集聚、年轻客群、政策支持；逆向或成本约束: 租金/空置率。
中南区,广东,深圳,上下九 北京路,商圈/商场聚合,天虹商场,"华强天虹,华强北路赛格广场40楼",,1,1.0,0.0,0,0,0,,,,,1,14.8946,0.0,,45.66,761.6,0,6,1,0,,,,,,,,,,,,,,,,,,,,,,84945.0,3.8,深圳市统计局,3.0,66.25,+10.96%,10.96,761.6,9.1,戴德梁行2025年报告,2025年第二季度,0,,,0,45.66,65.0,32.5,第七次人口普查,深圳14-35岁青年人口占比；深圳平均年龄；深圳18-29岁青年人口,45.66%；32.5岁；124.9万,第七次全国人口普查数据；深圳市统计局；深圳统计年鉴,,,商场样本/点评为商圈聚合；人口、收入、社零、交通、餐饮、政策多为城市级代理；客流/核心租金仅部分重点商圈有明细。,正向: 商场样本数、收入社零、公共交通客运、餐饮集聚、年轻客群、政策支持；逆向或成本约束: 租金/空置率。
中南区,广东,深圳,中信城市广场,商圈/商场聚合,中信城市广场,,,1,0.0,0.0,0,0,0,,,,,1,14.8946,0.0,,45.66,761.6,0,6,0,0,,,,,,,,,,,,,,,,,,,,,,84945.0,3.8,深圳市统计局,3.0,66.25,+10.96%,10.96,761.6,9.1,戴德梁行2025年报告,2025年第二季度,0,,,0,45.66,65.0,32.5,第七次人口普查,深圳14-35岁青年人口占比；深圳平均年龄；深圳18-29岁青年人口,45.66%；32.5岁；124.9万,第七次全国人口普查数据；深圳市统计局；深圳统计年鉴,,,商场样本/点评为商圈聚合；人口、收入、社零、交通、餐饮、政策多为城市级代理；客流/核心租金仅部分重点商圈有明细。,正向: 商场样本数、收入社零、公共交通客运、餐饮集聚、年轻客群、政策支持；逆向或成本约束: 租金/空置率。
中南区,广东,深圳,丽日购物广场,商圈/商场聚合,丽日购物广场,白石洲(深南大道),"人气还行,但是主要以中低档产品为主",1,1.0,1.0,0,0,0,,,,,1,14.8946,0.0,,45.66,761.6,0,6,1,1,,,,,,,,,,,,,,,,,,,,,,84945.0,3.8,深圳市统计局,3.0,66.25,+10.96%,10.96,761.6,9.1,戴德梁行2025年报告,2025年第二季度,0,,,0,45.66,65.0,32.5,第七次人口普查,深圳14-35岁青年人口占比；深圳平均年龄；深圳18-29岁青年人口,45.66%；32.5岁；124.9万,第七次全国人口普查数据；深圳市统计局；深圳统计年鉴,,,商场样本/点评为商圈聚合；人口、收入、社零、交通、餐饮、政策多为城市级代理；客流/核心租金仅部分重点商圈有明细。,正向: 商场样本数、收入社零、公共交通客运、餐饮集聚、年轻客群、政策支持；逆向或成本约束: 租金/空置率。
中南区,广东,深圳,佳华,商圈/商场聚合,佳华,沙头角,哥莉娅\茗\朵以\凡恩\BJOJO\水盈格,1,1.0,1.0,0,0,0,,,,,1,14.8946,0.0,,45.66,761.6,0,6,1,1,,,,,,,,,,,,,,,,,,,,,,84945.0,3.8,深圳市统计局,3.0,66.25,+10.96%,10.96,761.6,9.1,戴德梁行2025年报告,2025年第二季度,0,,,0,45.66,65.0,32.5,第七次人口普查,深圳14-35岁青年人口占比；深圳平均年龄；深圳18-29岁青年人口,45.66%；32.5岁；124.9万,第七次全国人口普查数据；深圳市统计局；深圳统计年鉴,,,商场样本/点评为商圈聚合；人口、收入、社零、交通、餐饮、政策多为城市级代理；客流/核心租金仅部分重点商圈有明细。,正向: 商场样本数、收入社零、公共交通客运、餐饮集聚、年轻客群、政策支持；逆向或成本约束: 租金/空置率。
中南区,广东,深圳,友谊城百货,商圈/商场聚合,友谊城百货,,,1,0.0,0.0,0,0,0,,,,,1,14.8946,0.0,,45.66,761.6,0,6,0,0,,,,,,,,,,,,,,,,,,,,,,84945.0,3.8,深圳市统计局,3.0,66.25,+10.96%,10.96,761.6,9.1,戴德梁行2025年报告,2025年第二季度,0,,,0,45.66,65.0,32.5,第七次人口普查,深圳14-35岁青年人口占比；深圳平均年龄；深圳18-29岁青年人口,45.66%；32.5岁；124.9万,第七次全国人口普查数据；深圳市统计局；深圳统计年鉴,,,商场样本/点评为商圈聚合；人口、收入、社零、交通、餐饮、政策多为城市级代理；客流/核心租金仅部分重点商圈有明细。,正向: 商场样本数、收入社零、公共交通客运、餐饮集聚、年轻客群、政策支持；逆向或成本约束: 租金/空置率。
中南区,广东,深圳,国贸,商圈/商场聚合,国贸,,已撤场,1,0.0,1.0,0,0,0,,,,,1,14.8946,0.0,,45.66,761.6,0,6,0,1,,,,,,,,,,,,,,,,,,,,,,84945.0,3.8,深圳市统计局,3.0,66.25,+10.96%,10.96,761.6,9.1,戴德梁行2025年报告,2025年第二季度,0,,,0,45.66,65.0,32.5,第七次人口普查,深圳14-35岁青年人口占比；深圳平均年龄；深圳18-29岁青年人口,45.66%；32.5岁；124.9万,第七次全国人口普查数据；深圳市统计局；深圳统计年鉴,,,商场样本/点评为商圈聚合；人口、收入、社零、交通、餐饮、政策多为城市级代理；客流/核心租金仅部分重点商圈有明细。,正向: 商场样本数、收入社零、公共交通客运、餐饮集聚、年轻客群、政策支持；逆向或成本约束: 租金/空置率。
中南区,广东,深圳,大润发,商圈/商场聚合,大润发,龙华和平东路,规模较大，硬件设私较好，集购物、娱乐、饮食及超市于一体,1,1.0,1.0,0,0,0,,,,,1,14.8946,0.0,,45.66,761.6,0,6,1,1,,,,,,,,,,,,,,,,,,,,,,84945.0,3.8,深圳市统计局,3.0,66.25,+10.96%,10.96,761.6,9.1,戴德梁行2025年报告,2025年第二季度,0,,,0,45.66,65.0,32.5,第七次人口普查,深圳14-35岁青年人口占比；深圳平均年龄；深圳18-29岁青年人口,45.66%；32.5岁；124.9万,第七次全国人口普查数据；深圳市统计局；深圳统计年鉴,,,商场样本/点评为商圈聚合；人口、收入、社零、交通、餐饮、政策多为城市级代理；客流/核心租金仅部分重点商圈有明细。,正向: 商场样本数、收入社零、公共交通客运、餐饮集聚、年轻客群、政策支持；逆向或成本约束: 租金/空置率。
中南区,广东,深圳,天安国际名店购于广场,商圈/商场聚合,天安国际名店购于广场,,折扣场,1,0.0,1.0,0,0,0,,,,,1,14.8946,0.0,,45.66,761.6,0,6,0,1,,,,,,,,,,,,,,,,,,,,,,84945.0,3.8,深圳市统计局,3.0,66.25,+10.96%,10.96,761.6,9.1,戴德梁行2025年报告,2025年第二季度,0,,,0,45.66,65.0,32.5,第七次人口普查,深圳14-35岁青年人口占比；深圳平均年龄；深圳18-29岁青年人口,45.66%；32.5岁；124.9万,第七次全国人口普查数据；深圳市统计局；深圳统计年鉴,,,商场样本/点评为商圈聚合；人口、收入、社零、交通、餐饮、政策多为城市级代理；客流/核心租金仅部分重点商圈有明细。,正向: 商场样本数、收入社零、公共交通客运、餐饮集聚、年轻客群、政策支持；逆向或成本约束: 租金/空置率。
中南区,广东,深圳,太阳城百货,商圈/商场聚合,太阳城百货,东门,"人气很旺,属东门商圈",1,1.0,1.0,0,0,0,,,,,1,14.8946,0.0,,45.66,761.6,0,6,1,1,,,,,,,,,,,,,,,,,,,,,,84945.0,3.8,深圳市统计局,3.0,66.25,+10.96%,10.96,761.6,9.1,戴德梁行2025年报告,2025年第二季度,0,,,0,45.66,65.0,32.5,第七次人口普查,深圳14-35岁青年人口占比；深圳平均年龄；深圳18-29岁青年人口,45.66%；32.5岁；124.9万,第七次全国人口普查数据；深圳市统计局；深圳统计年鉴,,,商场样本/点评为商圈聚合；人口、收入、社零、交通、餐饮、政策多为城市级代理；客流/核心租金仅部分重点商圈有明细。,正向: 商场样本数、收入社零、公共交通客运、餐饮集聚、年轻客群、政策支持；逆向或成本约束: 租金/空置率。
中南区,广东,深圳,女人名店,商圈/商场聚合,女人名店,华强北商业圈！,,1,1.0,0.0,0,0,0,,,,,1,14.8946,0.0,,45.66,761.6,0,6,1,0,,,,,,,,,,,,,,,,,,,,,,84945.0,3.8,深圳市统计局,3.0,66.25,+10.96%,10.96,761.6,9.1,戴德梁行2025年报告,2025年第二季度,0,,,0,45.66,65.0,32.5,第七次人口普查,深圳14-35岁青年人口占比；深圳平均年龄；深圳18-29岁青年人口,45.66%；32.5岁；124.9万,第七次全国人口普查数据；深圳市统计局；深圳统计年鉴,,,商场样本/点评为商圈聚合；人口、收入、社零、交通、餐饮、政策多为城市级代理；客流/核心租金仅部分重点商圈有明细。,正向: 商场样本数、收入社零、公共交通客运、餐饮集聚、年轻客群、政策支持；逆向或成本约束: 租金/空置率。
中南区,广东,深圳,小寨街,商圈/商场聚合,华润万佳百货,彩田万佳，,社区店,1,1.0,1.0,0,1,1,,,,,1,14.8946,0.0,,45.66,761.6,0,6,1,1,,,,,,,,,,,,,,,,,,,,,,84945.0,3.8,深圳市统计局,3.0,66.25,+10.96%,10.96,761.6,9.1,戴德梁行2025年报告,2025年第二季度,0,,,0,45.66,65.0,32.5,第七次人口普查,深圳14-35岁青年人口占比；深圳平均年龄；深圳18-29岁青年人口,45.66%；32.5岁；124.9万,第七次全国人口普查数据；深圳市统计局；深圳统计年鉴,,,商场样本/点评为商圈聚合；人口、收入、社零、交通、餐饮、政策多为城市级代理；客流/核心租金仅部分重点商圈有明细。,正向: 商场样本数、收入社零、公共交通客运、餐饮集聚、年轻客群、政策支持；逆向或成本约束: 租金/空置率。
中南区,广东,深圳,岁宝百货,商圈/商场聚合,岁宝百货,莲墉,"社区店,杰西伍\粉蓝\AE\OBO\以纯\播\七彩娇娃\欧纳菲\经典故事\ANYALL\ADD",1,1.0,1.0,0,1,0,,,,,1,14.8946,0.0,,45.66,761.6,0,6,1,1,,,,,,,,,,,,,,,,,,,,,,84945.0,3.8,深圳市统计局,3.0,66.25,+10.96%,10.96,761.6,9.1,戴德梁行2025年报告,2025年第二季度,0,,,0,45.66,65.0,32.5,第七次人口普查,深圳14-35岁青年人口占比；深圳平均年龄；深圳18-29岁青年人口,45.66%；32.5岁；124.9万,第七次全国人口普查数据；深圳市统计局；深圳统计年鉴,,,商场样本/点评为商圈聚合；人口、收入、社零、交通、餐饮、政策多为城市级代理；客流/核心租金仅部分重点商圈有明细。,正向: 商场样本数、收入社零、公共交通客运、餐饮集聚、年轻客群、政策支持；逆向或成本约束: 租金/空置率。
中南区,广东,深圳,康复路,商圈/商场聚合,中心城,市民中心,,1,1.0,0.0,0,0,1,,,,,1,14.8946,0.0,,45.66,761.6,0,6,1,0,,,,,,,,,,,,,,,,,,,,,,84945.0,3.8,深圳市统计局,3.0,66.25,+10.96%,10.96,761.6,9.1,戴德梁行2025年报告,2025年第二季度,0,,,0,45.66,65.0,32.5,第七次人口普查,深圳14-35岁青年人口占比；深圳平均年龄；深圳18-29岁青年人口,45.66%；32.5岁；124.9万,第七次全国人口普查数据；深圳市统计局；深圳统计年鉴,,,商场样本/点评为商圈聚合；人口、收入、社零、交通、餐饮、政策多为城市级代理；客流/核心租金仅部分重点商圈有明细。,正向: 商场样本数、收入社零、公共交通客运、餐饮集聚、年轻客群、政策支持；逆向或成本约束: 租金/空置率。
中南区,广东,深圳,新一佳,商圈/商场聚合,新一佳,信义新一佳(布吉)折扣店,,1,1.0,0.0,0,0,0,,,,,1,14.8946,0.0,,45.66,761.6,0,6,1,0,,,,,,,,,,,,,,,,,,,,,,84945.0,3.8,深圳市统计局,3.0,66.25,+10.96%,10.96,761.6,9.1,戴德梁行2025年报告,2025年第二季度,0,,,0,45.66,65.0,32.5,第七次人口普查,深圳14-35岁青年人口占比；深圳平均年龄；深圳18-29岁青年人口,45.66%；32.5岁；124.9万,第七次全国人口普查数据；深圳市统计局；深圳统计年鉴,,,商场样本/点评为商圈聚合；人口、收入、社零、交通、餐饮、政策多为城市级代理；客流/核心租金仅部分重点商圈有明细。,正向: 商场样本数、收入社零、公共交通客运、餐饮集聚、年轻客群、政策支持；逆向或成本约束: 租金/空置率。
中南区,广东,深圳,新世界百货,商圈/商场聚合,新世界百货,沿河北路黄贝岭商业城E栋三楼,以品牌服饰为主打商品,1,1.0,1.0,0,0,0,,,,,1,14.8946,0.0,,45.66,761.6,0,6,1,1,,,,,,,,,,,,,,,,,,,,,,84945.0,3.8,深圳市统计局,3.0,66.25,+10.96%,10.96,761.6,9.1,戴德梁行2025年报告,2025年第二季度,0,,,0,45.66,65.0,32.5,第七次人口普查,深圳14-35岁青年人口占比；深圳平均年龄；深圳18-29岁青年人口,45.66%；32.5岁；124.9万,第七次全国人口普查数据；深圳市统计局；深圳统计年鉴,,,商场样本/点评为商圈聚合；人口、收入、社零、交通、餐饮、政策多为城市级代理；客流/核心租金仅部分重点商圈有明细。,正向: 商场样本数、收入社零、公共交通客运、餐饮集聚、年轻客群、政策支持；逆向或成本约束: 租金/空置率。
中南区,广东,深圳,星河国际COCO名店,商圈/商场聚合,星河国际COCO名店,,汇聚国际国内众多知名的一线品牌以专卖店经营类似万象城,1,0.0,1.0,0,0,0,,,,,1,14.8946,0.0,,45.66,761.6,0,6,0,1,,,,,,,,,,,,,,,,,,,,,,84945.0,3.8,深圳市统计局,3.0,66.25,+10.96%,10.96,761.6,9.1,戴德梁行2025年报告,2025年第二季度,0,,,0,45.66,65.0,32.5,第七次人口普查,深圳14-35岁青年人口占比；深圳平均年龄；深圳18-29岁青年人口,45.66%；32.5岁；124.9万,第七次全国人口普查数据；深圳市统计局；深圳统计年鉴,,,商场样本/点评为商圈聚合；人口、收入、社零、交通、餐饮、政策多为城市级代理；客流/核心租金仅部分重点商圈有明细。,正向: 商场样本数、收入社零、公共交通客运、餐饮集聚、年轻客群、政策支持；逆向或成本约束: 租金/空置率。
中南区,广东,深圳,曼哈广场,商圈/商场聚合,曼哈广场,华强北商业圈！,,1,1.0,0.0,0,0,0,,,,,1,14.8946,0.0,,45.66,761.6,0,6,1,0,,,,,,,,,,,,,,,,,,,,,,84945.0,3.8,深圳市统计局,3.0,66.25,+10.96%,10.96,761.6,9.1,戴德梁行2025年报告,2025年第二季度,0,,,0,45.66,65.0,32.5,第七次人口普查,深圳14-35岁青年人口占比；深圳平均年龄；深圳18-29岁青年人口,45.66%；32.5岁；124.9万,第七次全国人口普查数据；深圳市统计局；深圳统计年鉴,,,商场样本/点评为商圈聚合；人口、收入、社零、交通、餐饮、政策多为城市级代理；客流/核心租金仅部分重点商圈有明细。,正向: 商场样本数、收入社零、公共交通客运、餐饮集聚、年轻客群、政策支持；逆向或成本约束: 租金/空置率。
中南区,广东,深圳,海雅百货,商圈/商场聚合,海雅百货,南山海雅,"人流量一般,生意很好",1,1.0,1.0,0,0,0,,,,,1,14.8946,0.0,,45.66,761.6,0,6,1,1,,,,,,,,,,,,,,,,,,,,,,84945.0,3.8,深圳市统计局,3.0,66.25,+10.96%,10.96,761.6,9.1,戴德梁行2025年报告,2025年第二季度,0,,,0,45.66,65.0,32.5,第七次人口普查,深圳14-35岁青年人口占比；深圳平均年龄；深圳18-29岁青年人口,45.66%；32.5岁；124.9万,第七次全国人口普查数据；深圳市统计局；深圳统计年鉴,,,商场样本/点评为商圈聚合；人口、收入、社零、交通、餐饮、政策多为城市级代理；客流/核心租金仅部分重点商圈有明细。,正向: 商场样本数、收入社零、公共交通客运、餐饮集聚、年轻客群、政策支持；逆向或成本约束: 租金/空置率。
中南区,广东,深圳,深房百货,商圈/商场聚合,深房百货,,已撤场,1,0.0,1.0,0,0,0,,,,,1,14.8946,0.0,,45.66,761.6,0,6,0,1,,,,,,,,,,,,,,,,,,,,,,84945.0,3.8,深圳市统计局,3.0,66.25,+10.96%,10.96,761.6,9.1,戴德梁行2025年报告,2025年第二季度,0,,,0,45.66,65.0,32.5,第七次人口普查,深圳14-35岁青年人口占比；深圳平均年龄；深圳18-29岁青年人口,45.66%；32.5岁；124.9万,第七次全国人口普查数据；深圳市统计局；深圳统计年鉴,,,商场样本/点评为商圈聚合；人口、收入、社零、交通、餐饮、政策多为城市级代理；客流/核心租金仅部分重点商圈有明细。,正向: 商场样本数、收入社零、公共交通客运、餐饮集聚、年轻客群、政策支持；逆向或成本约束: 租金/空置率。
中南区,广东,深圳,湾畔百货,商圈/商场聚合,湾畔百货,白石洲(深南大道),"人气还行,但是主要以中低档产品为主",1,1.0,1.0,0,0,0,,,,,1,14.8946,0.0,,45.66,761.6,0,6,1,1,,,,,,,,,,,,,,,,,,,,,,84945.0,3.8,深圳市统计局,3.0,66.25,+10.96%,10.96,761.6,9.1,戴德梁行2025年报告,2025年第二季度,0,,,0,45.66,65.0,32.5,第七次人口普查,深圳14-35岁青年人口占比；深圳平均年龄；深圳18-29岁青年人口,45.66%；32.5岁；124.9万,第七次全国人口普查数据；深圳市统计局；深圳统计年鉴,,,商场样本/点评为商圈聚合；人口、收入、社零、交通、餐饮、政策多为城市级代理；客流/核心租金仅部分重点商圈有明细。,正向: 商场样本数、收入社零、公共交通客运、餐饮集聚、年轻客群、政策支持；逆向或成本约束: 租金/空置率。
中南区,广东,深圳,瑞丰园,商圈/商场聚合,瑞丰园,龙华布吉,一般，属于社区店,1,1.0,1.0,0,1,0,,,,,1,14.8946,0.0,,45.66,761.6,0,6,1,1,,,,,,,,,,,,,,,,,,,,,,84945.0,3.8,深圳市统计局,3.0,66.25,+10.96%,10.96,761.6,9.1,戴德梁行2025年报告,2025年第二季度,0,,,0,45.66,65.0,32.5,第七次人口普查,深圳14-35岁青年人口占比；深圳平均年龄；深圳18-29岁青年人口,45.66%；32.5岁；124.9万,第七次全国人口普查数据；深圳市统计局；深圳统计年鉴,,,商场样本/点评为商圈聚合；人口、收入、社零、交通、餐饮、政策多为城市级代理；客流/核心租金仅部分重点商圈有明细。,正向: 商场样本数、收入社零、公共交通客运、餐饮集聚、年轻客群、政策支持；逆向或成本约束: 租金/空置率。
中南区,广东,深圳,紫荆城,商圈/商场聚合,紫荆城,华强北商业圈,,1,1.0,0.0,0,0,0,,,,,1,14.8946,0.0,,45.66,761.6,0,6,1,0,,,,,,,,,,,,,,,,,,,,,,84945.0,3.8,深圳市统计局,3.0,66.25,+10.96%,10.96,761.6,9.1,戴德梁行2025年报告,2025年第二季度,0,,,0,45.66,65.0,32.5,第七次人口普查,深圳14-35岁青年人口占比；深圳平均年龄；深圳18-29岁青年人口,45.66%；32.5岁；124.9万,第七次全国人口普查数据；深圳市统计局；深圳统计年鉴,,,商场样本/点评为商圈聚合；人口、收入、社零、交通、餐饮、政策多为城市级代理；客流/核心租金仅部分重点商圈有明细。,正向: 商场样本数、收入社零、公共交通客运、餐饮集聚、年轻客群、政策支持；逆向或成本约束: 租金/空置率。
中南区,广东,深圳,群星广场,商圈/商场聚合,群星广场,华强北商业圈！,,1,1.0,0.0,0,0,0,,,,,1,14.8946,0.0,,45.66,761.6,0,6,1,0,,,,,,,,,,,,,,,,,,,,,,84945.0,3.8,深圳市统计局,3.0,66.25,+10.96%,10.96,761.6,9.1,戴德梁行2025年报告,2025年第二季度,0,,,0,45.66,65.0,32.5,第七次人口普查,深圳14-35岁青年人口占比；深圳平均年龄；深圳18-29岁青年人口,45.66%；32.5岁；124.9万,第七次全国人口普查数据；深圳市统计局；深圳统计年鉴,,,商场样本/点评为商圈聚合；人口、收入、社零、交通、餐饮、政策多为城市级代理；客流/核心租金仅部分重点商圈有明细。,正向: 商场样本数、收入社零、公共交通客运、餐饮集聚、年轻客群、政策支持；逆向或成本约束: 租金/空置率。
中南区,广东,深圳,茂业百货,商圈/商场聚合,茂业百货,华强北茂业,,1,1.0,0.0,0,0,0,,,,,1,14.8946,0.0,,45.66,761.6,0,6,1,0,,,,,,,,,,,,,,,,,,,,,,84945.0,3.8,深圳市统计局,3.0,66.25,+10.96%,10.96,761.6,9.1,戴德梁行2025年报告,2025年第二季度,0,,,0,45.66,65.0,32.5,第七次人口普查,深圳14-35岁青年人口占比；深圳平均年龄；深圳18-29岁青年人口,45.66%；32.5岁；124.9万,第七次全国人口普查数据；深圳市统计局；深圳统计年鉴,,,商场样本/点评为商圈聚合；人口、收入、社零、交通、餐饮、政策多为城市级代理；客流/核心租金仅部分重点商圈有明细。,正向: 商场样本数、收入社零、公共交通客运、餐饮集聚、年轻客群、政策支持；逆向或成本约束: 租金/空置率。
中南区,广东,深圳,西武百货,商圈/商场聚合,西武百货,罗湖店,国际大型知名品牌,1,1.0,1.0,0,0,0,,,,,1,14.8946,0.0,,45.66,761.6,0,6,1,1,,,,,,,,,,,,,,,,,,,,,,84945.0,3.8,深圳市统计局,3.0,66.25,+10.96%,10.96,761.6,9.1,戴德梁行2025年报告,2025年第二季度,0,,,0,45.66,65.0,32.5,第七次人口普查,深圳14-35岁青年人口占比；深圳平均年龄；深圳18-29岁青年人口,45.66%；32.5岁；124.9万,第七次全国人口普查数据；深圳市统计局；深圳统计年鉴,,,商场样本/点评为商圈聚合；人口、收入、社零、交通、餐饮、政策多为城市级代理；客流/核心租金仅部分重点商圈有明细。,正向: 商场样本数、收入社零、公共交通客运、餐饮集聚、年轻客群、政策支持；逆向或成本约束: 租金/空置率。
中南区,广东,深圳,金光华,商圈/商场聚合,金光华,,汇聚国际国内众多知名的一线品牌,1,0.0,1.0,0,0,0,,,,,1,14.8946,0.0,,45.66,761.6,0,6,0,1,,,,,,,,,,,,,,,,,,,,,,84945.0,3.8,深圳市统计局,3.0,66.25,+10.96%,10.96,761.6,9.1,戴德梁行2025年报告,2025年第二季度,0,,,0,45.66,65.0,32.5,第七次人口普查,深圳14-35岁青年人口占比；深圳平均年龄；深圳18-29岁青年人口,45.66%；32.5岁；124.9万,第七次全国人口普查数据；深圳市统计局；深圳统计年鉴,,,商场样本/点评为商圈聚合；人口、收入、社零、交通、餐饮、政策多为城市级代理；客流/核心租金仅部分重点商圈有明细。,正向: 商场样本数、收入社零、公共交通客运、餐饮集聚、年轻客群、政策支持；逆向或成本约束: 租金/空置率。
中南区,广东,深圳,铜锣湾,商圈/商场聚合,铜锣湾,华桥城,,1,1.0,0.0,0,0,0,,,,,1,14.8946,0.0,,45.66,761.6,0,6,1,0,,,,,,,,,,,,,,,,,,,,,,84945.0,3.8,深圳市统计局,3.0,66.25,+10.96%,10.96,761.6,9.1,戴德梁行2025年报告,2025年第二季度,0,,,0,45.66,65.0,32.5,第七次人口普查,深圳14-35岁青年人口占比；深圳平均年龄；深圳18-29岁青年人口,45.66%；32.5岁；124.9万,第七次全国人口普查数据；深圳市统计局；深圳统计年鉴,,,商场样本/点评为商圈聚合；人口、收入、社零、交通、餐饮、政策多为城市级代理；客流/核心租金仅部分重点商圈有明细。,正向: 商场样本数、收入社零、公共交通客运、餐饮集聚、年轻客群、政策支持；逆向或成本约束: 租金/空置率。
中南区,广东,深圳,中华广场,商圈/商场聚合,,西丽天虹,,0,,,0,0,0,,,,,0,14.8946,0.0,,45.66,761.6,0,6,1,0,,,,,,,,,,,,,,,,,,,,,,84945.0,3.8,深圳市统计局,3.0,66.25,+10.96%,10.96,761.6,9.1,戴德梁行2025年报告,2025年第二季度,0,,,0,45.66,65.0,32.5,第七次人口普查,深圳14-35岁青年人口占比；深圳平均年龄；深圳18-29岁青年人口,45.66%；32.5岁；124.9万,第七次全国人口普查数据；深圳市统计局；深圳统计年鉴,,,商场样本/点评为商圈聚合；人口、收入、社零、交通、餐饮、政策多为城市级代理；客流/核心租金仅部分重点商圈有明细。,正向: 商场样本数、收入社零、公共交通客运、餐饮集聚、年轻客群、政策支持；逆向或成本约束: 租金/空置率。
中南区,广东,深圳,春熙路,商圈/商场聚合,,民治天虹（宝安区）,,0,,,0,0,1,,,,,0,14.8946,0.0,,45.66,761.6,0,6,1,0,,,,,,,,,,,,,,,,,,,,,,84945.0,3.8,深圳市统计局,3.0,66.25,+10.96%,10.96,761.6,9.1,戴德梁行2025年报告,2025年第二季度,0,,,0,45.66,65.0,32.5,第七次人口普查,深圳14-35岁青年人口占比；深圳平均年龄；深圳18-29岁青年人口,45.66%；32.5岁；124.9万,第七次全国人口普查数据；深圳市统计局；深圳统计年鉴,,,商场样本/点评为商圈聚合；人口、收入、社零、交通、餐饮、政策多为城市级代理；客流/核心租金仅部分重点商圈有明细。,正向: 商场样本数、收入社零、公共交通客运、餐饮集聚、年轻客群、政策支持；逆向或成本约束: 租金/空置率。
中南区,广东,深圳,维多利亚广场,商圈/商场聚合,,宝利天虹（凯宾斯基酒店旁海岸城）,,0,,,0,0,0,,,,,0,14.8946,0.0,,45.66,761.6,0,6,1,0,,,,,,,,,,,,,,,,,,,,,,84945.0,3.8,深圳市统计局,3.0,66.25,+10.96%,10.96,761.6,9.1,戴德梁行2025年报告,2025年第二季度,0,,,0,45.66,65.0,32.5,第七次人口普查,深圳14-35岁青年人口占比；深圳平均年龄；深圳18-29岁青年人口,45.66%；32.5岁；124.9万,第七次全国人口普查数据；深圳市统计局；深圳统计年鉴,,,商场样本/点评为商圈聚合；人口、收入、社零、交通、餐饮、政策多为城市级代理；客流/核心租金仅部分重点商圈有明细。,正向: 商场样本数、收入社零、公共交通客运、餐饮集聚、年轻客群、政策支持；逆向或成本约束: 租金/空置率。
中南区,广东,深圳,青年路,商圈/商场聚合,,龙华天虹,,0,,,0,0,1,,,,,0,14.8946,0.0,,45.66,761.6,0,6,1,0,,,,,,,,,,,,,,,,,,,,,,84945.0,3.8,深圳市统计局,3.0,66.25,+10.96%,10.96,761.6,9.1,戴德梁行2025年报告,2025年第二季度,0,,,0,45.66,65.0,32.5,第七次人口普查,深圳14-35岁青年人口占比；深圳平均年龄；深圳18-29岁青年人口,45.66%；32.5岁；124.9万,第七次全国人口普查数据；深圳市统计局；深圳统计年鉴,,,商场样本/点评为商圈聚合；人口、收入、社零、交通、餐饮、政策多为城市级代理；客流/核心租金仅部分重点商圈有明细。,正向: 商场样本数、收入社零、公共交通客运、餐饮集聚、年轻客群、政策支持；逆向或成本约束: 租金/空置率。
西南区,陕西,西安,世纪金花：钟楼店,商圈/商场聚合,世纪金花：钟楼店,西大街１号钟楼广场,集购物、休闲、餐饮、娱乐于一体的大型现代化高档商场！,1,1.0,1.0,1,0,0,,,,,1,14.4592,0.0,,20.0,22.89,0,6,1,1,,,,,,,,,,,,,,,,,,,,,,,,,32.0,22.89,-3.81%,-3.81,,,,,0,,,0,20.0,68.33,37.1,第七次人口普查,,,,,,商场样本/点评为商圈聚合；人口、收入、社零、交通、餐饮、政策多为城市级代理；客流/核心租金仅部分重点商圈有明细。,正向: 商场样本数、收入社零、公共交通客运、餐饮集聚、年轻客群、政策支持；逆向或成本约束: 租金/空置率。
西南区,陕西,西安,世纪金花：高新店,商圈/商场聚合,世纪金花：高新店,高新路与科技路交汇处的西北角,高新区规模最大的现代化、多功能、综合性的高档商贸中心。,1,1.0,1.0,1,0,0,,,,,1,14.4592,0.0,,20.0,22.89,0,6,1,1,,,,,,,,,,,,,,,,,,,,,,,,,32.0,22.89,-3.81%,-3.81,,,,,0,,,0,20.0,68.33,37.1,第七次人口普查,,,,,,商场样本/点评为商圈聚合；人口、收入、社零、交通、餐饮、政策多为城市级代理；客流/核心租金仅部分重点商圈有明细。,正向: 商场样本数、收入社零、公共交通客运、餐饮集聚、年轻客群、政策支持；逆向或成本约束: 租金/空置率。
西北区,陕西,西安,东大街百盛,商圈/商场聚合,东大街百盛,碑林区东大街119号,购物群体多为20-30岁之间年轻的一族，二楼女装！,1,1.0,1.0,0,0,1,,,,,1,14.4592,0.0,,20.0,22.89,0,6,1,1,,,,,,,,,,,,,,,,,,,,,,,,,32.0,22.89,-3.81%,-3.81,,,,,0,,,0,20.0,68.33,37.1,第七次人口普查,,,,,,商场样本/点评为商圈聚合；人口、收入、社零、交通、餐饮、政策多为城市级代理；客流/核心租金仅部分重点商圈有明细。,正向: 商场样本数、收入社零、公共交通客运、餐饮集聚、年轻客群、政策支持；逆向或成本约束: 租金/空置率。
西南区,陕西,西安,中大国际,商圈/商场聚合,中大国际,西安市南大街30号,综合性购物商场。,1,1.0,1.0,0,0,0,,,,,1,14.4592,0.0,,20.0,22.89,0,6,1,1,,,,,,,,,,,,,,,,,,,,,,,,,32.0,22.89,-3.81%,-3.81,,,,,0,,,0,20.0,68.33,37.1,第七次人口普查,,,,,,商场样本/点评为商圈聚合；人口、收入、社零、交通、餐饮、政策多为城市级代理；客流/核心租金仅部分重点商圈有明细。,正向: 商场样本数、收入社零、公共交通客运、餐饮集聚、年轻客群、政策支持；逆向或成本约束: 租金/空置率。
西南区,陕西,西安,国芳百盛,商圈/商场聚合,国芳百盛,,,1,0.0,0.0,0,0,0,,,,,1,14.4592,0.0,,20.0,22.89,0,6,0,0,,,,,,,,,,,,,,,,,,,,,,,,,32.0,22.89,-3.81%,-3.81,,,,,0,,,0,20.0,68.33,37.1,第七次人口普查,,,,,,商场样本/点评为商圈聚合；人口、收入、社零、交通、餐饮、政策多为城市级代理；客流/核心租金仅部分重点商圈有明细。,正向: 商场样本数、收入社零、公共交通客运、餐饮集聚、年轻客群、政策支持；逆向或成本约束: 租金/空置率。
西北区,陕西,西安,小寨百盛,商圈/商场聚合,小寨百盛,长安中路38号4楼,综合性购物商场。,1,1.0,1.0,0,0,0,,,,,1,14.4592,0.0,,20.0,22.89,0,6,1,1,,,,,,,,,,,,,,,,,,,,,,,,,32.0,22.89,-3.81%,-3.81,,,,,0,,,0,20.0,68.33,37.1,第七次人口普查,,,,,,商场样本/点评为商圈聚合；人口、收入、社零、交通、餐饮、政策多为城市级代理；客流/核心租金仅部分重点商圈有明细。,正向: 商场样本数、收入社零、公共交通客运、餐饮集聚、年轻客群、政策支持；逆向或成本约束: 租金/空置率。
西北区,陕西,西安,开元商城,商圈/商场聚合,开元商城,钟楼东南角,集商业贸易、餐饮服务、物业租赁、车辆停泊、文化娱乐、写字楼为一体的多功能、高档次、智能化的大型综合性商城,1,1.0,1.0,1,0,0,,,,,1,14.4592,0.0,,20.0,22.89,0,6,1,1,,,,,,,,,,,,,,,,,,,,,,,,,32.0,22.89,-3.81%,-3.81,,,,,0,,,0,20.0,68.33,37.1,第七次人口普查,,,,,,商场样本/点评为商圈聚合；人口、收入、社零、交通、餐饮、政策多为城市级代理；客流/核心租金仅部分重点商圈有明细。,正向: 商场样本数、收入社零、公共交通客运、餐饮集聚、年轻客群、政策支持；逆向或成本约束: 租金/空置率。
西南区,陕西,西安,摩尔百盛,商圈/商场聚合,摩尔百盛,,,1,0.0,0.0,0,0,0,,,,,1,14.4592,0.0,,20.0,22.89,0,6,0,0,,,,,,,,,,,,,,,,,,,,,,,,,32.0,22.89,-3.81%,-3.81,,,,,0,,,0,20.0,68.33,37.1,第七次人口普查,,,,,,商场样本/点评为商圈聚合；人口、收入、社零、交通、餐饮、政策多为城市级代理；客流/核心租金仅部分重点商圈有明细。,正向: 商场样本数、收入社零、公共交通客运、餐饮集聚、年轻客群、政策支持；逆向或成本约束: 租金/空置率。
西南区,陕西,西安,民生广场,商圈/商场聚合,民生广场,西安解放路103号,综合性购物商场。,1,1.0,1.0,0,0,0,,,,,1,14.4592,0.0,,20.0,22.89,0,6,1,1,,,,,,,,,,,,,,,,,,,,,,,,,32.0,22.89,-3.81%,-3.81,,,,,0,,,0,20.0,68.33,37.1,第七次人口普查,,,,,,商场样本/点评为商圈聚合；人口、收入、社零、交通、餐饮、政策多为城市级代理；客流/核心租金仅部分重点商圈有明细。,正向: 商场样本数、收入社零、公共交通客运、餐饮集聚、年轻客群、政策支持；逆向或成本约束: 租金/空置率。
西南区,陕西,西安,海大天地,商圈/商场聚合,海大天地,南大街8号,集购物、休闲、餐饮、娱乐于一体的大型现代化高档商场！,1,1.0,1.0,1,0,0,,,,,1,14.4592,0.0,,20.0,22.89,0,6,1,1,,,,,,,,,,,,,,,,,,,,,,,,,32.0,22.89,-3.81%,-3.81,,,,,0,,,0,20.0,68.33,37.1,第七次人口普查,,,,,,商场样本/点评为商圈聚合；人口、收入、社零、交通、餐饮、政策多为城市级代理；客流/核心租金仅部分重点商圈有明细。,正向: 商场样本数、收入社零、公共交通客运、餐饮集聚、年轻客群、政策支持；逆向或成本约束: 租金/空置率。
西北区,陕西,西安,秋林百货,商圈/商场聚合,秋林百货,雁塔北路北段58号,文化气息较浓的综合性购物商场。末落期,1,1.0,1.0,0,0,0,,,,,1,14.4592,0.0,,20.0,22.89,0,6,1,1,,,,,,,,,,,,,,,,,,,,,,,,,32.0,22.89,-3.81%,-3.81,,,,,0,,,0,20.0,68.33,37.1,第七次人口普查,,,,,,商场样本/点评为商圈聚合；人口、收入、社零、交通、餐饮、政策多为城市级代理；客流/核心租金仅部分重点商圈有明细。,正向: 商场样本数、收入社零、公共交通客运、餐饮集聚、年轻客群、政策支持；逆向或成本约束: 租金/空置率。
西南区,陕西,西安,美美国际,商圈/商场聚合,美美国际,东大街,高档名品商城！,1,1.0,1.0,1,0,0,,,,,1,14.4592,0.0,,20.0,22.89,0,6,1,1,,,,,,,,,,,,,,,,,,,,,,,,,32.0,22.89,-3.81%,-3.81,,,,,0,,,0,20.0,68.33,37.1,第七次人口普查,,,,,,商场样本/点评为商圈聚合；人口、收入、社零、交通、餐饮、政策多为城市级代理；客流/核心租金仅部分重点商圈有明细。,正向: 商场样本数、收入社零、公共交通客运、餐饮集聚、年轻客群、政策支持；逆向或成本约束: 租金/空置率。
西北区,陕西,西安,西大街百盛,商圈/商场聚合,西大街百盛,碑林区西大街,综合购物商场，环境其他两家少次！,1,1.0,1.0,0,0,1,,,,,1,14.4592,0.0,,20.0,22.89,0,6,1,1,,,,,,,,,,,,,,,,,,,,,,,,,32.0,22.89,-3.81%,-3.81,,,,,0,,,0,20.0,68.33,37.1,第七次人口普查,,,,,,商场样本/点评为商圈聚合；人口、收入、社零、交通、餐饮、政策多为城市级代理；客流/核心租金仅部分重点商圈有明细。,正向: 商场样本数、收入社零、公共交通客运、餐饮集聚、年轻客群、政策支持；逆向或成本约束: 租金/空置率。
西南区,重庆,重庆,万友百盛广场,商圈/商场聚合,万友百盛广场,渝中区长江二路77号,地处渝中区大坪转盘黄金路段，主要客流来自重庆中西部地区属居住型购物中心。,1,1.0,1.0,0,0,0,,,,,1,10.2608,107.48,2096.0,,23.03,1,6,1,1,3190.0,16190.4,1590.0,224.5,13.0,2096.0,97.7,198343.0,144515.0,24096.0,72.14,27.86,5.99,8.87,-2.88,2.5,50753.61,703.76,62.18,45.3,7.55,51854.0,4.2,重庆市统计局2025年公报,31.0,23.03,-2.52%,-2.52,,,,,1,重庆市首发经济政策,待获取,1,,,,,,,,,,商场样本/点评为商圈聚合；人口、收入、社零、交通、餐饮、政策多为城市级代理；客流/核心租金仅部分重点商圈有明细。,正向: 商场样本数、收入社零、公共交通客运、餐饮集聚、年轻客群、政策支持；逆向或成本约束: 租金/空置率。
西南区,重庆,重庆,三峡广场,商圈/商场聚合,三峡广场,沙坪坝区闹市中,三峡广场位于重庆市沙坪坝区闹市中心，呈十字型。,1,1.0,1.0,0,0,0,,,,,1,10.2608,107.48,2096.0,,23.03,1,6,1,1,3190.0,16190.4,1590.0,224.5,13.0,2096.0,97.7,198343.0,144515.0,24096.0,72.14,27.86,5.99,8.87,-2.88,2.5,50753.61,703.76,62.18,45.3,7.55,51854.0,4.2,重庆市统计局2025年公报,31.0,23.03,-2.52%,-2.52,,,,,1,重庆市首发经济政策,待获取,1,,,,,,,,,,商场样本/点评为商圈聚合；人口、收入、社零、交通、餐饮、政策多为城市级代理；客流/核心租金仅部分重点商圈有明细。,正向: 商场样本数、收入社零、公共交通客运、餐饮集聚、年轻客群、政策支持；逆向或成本约束: 租金/空置率。
西南区,重庆,重庆,世纪新都,商圈/商场聚合,世纪新都,江北区建新北路37号,国有大型零售企业，并控股重庆商社新世纪百货连锁经营有限公司。,1,1.0,1.0,0,0,0,,,,,1,10.2608,107.48,2096.0,,23.03,1,6,1,1,3190.0,16190.4,1590.0,224.5,13.0,2096.0,97.7,198343.0,144515.0,24096.0,72.14,27.86,5.99,8.87,-2.88,2.5,50753.61,703.76,62.18,45.3,7.55,51854.0,4.2,重庆市统计局2025年公报,31.0,23.03,-2.52%,-2.52,,,,,1,重庆市首发经济政策,待获取,1,,,,,,,,,,商场样本/点评为商圈聚合；人口、收入、社零、交通、餐饮、政策多为城市级代理；客流/核心租金仅部分重点商圈有明细。,正向: 商场样本数、收入社零、公共交通客运、餐饮集聚、年轻客群、政策支持；逆向或成本约束: 租金/空置率。
西南区,重庆,重庆,丽雅购物中心,商圈/商场聚合,丽雅购物中心,潼南县梓潼镇体育馆底楼,,1,1.0,0.0,0,0,0,,,,,1,10.2608,107.48,2096.0,,23.03,1,6,1,0,3190.0,16190.4,1590.0,224.5,13.0,2096.0,97.7,198343.0,144515.0,24096.0,72.14,27.86,5.99,8.87,-2.88,2.5,50753.61,703.76,62.18,45.3,7.55,51854.0,4.2,重庆市统计局2025年公报,31.0,23.03,-2.52%,-2.52,,,,,1,重庆市首发经济政策,待获取,1,,,,,,,,,,商场样本/点评为商圈聚合；人口、收入、社零、交通、餐饮、政策多为城市级代理；客流/核心租金仅部分重点商圈有明细。,正向: 商场样本数、收入社零、公共交通客运、餐饮集聚、年轻客群、政策支持；逆向或成本约束: 租金/空置率。
西南区,重庆,重庆,兆阳购物中心,商圈/商场聚合,兆阳购物中心,南岸区南坪西路1号,,1,1.0,0.0,0,0,0,,,,,1,10.2608,107.48,2096.0,,23.03,1,6,1,0,3190.0,16190.4,1590.0,224.5,13.0,2096.0,97.7,198343.0,144515.0,24096.0,72.14,27.86,5.99,8.87,-2.88,2.5,50753.61,703.76,62.18,45.3,7.55,51854.0,4.2,重庆市统计局2025年公报,31.0,23.03,-2.52%,-2.52,,,,,1,重庆市首发经济政策,待获取,1,,,,,,,,,,商场样本/点评为商圈聚合；人口、收入、社零、交通、餐饮、政策多为城市级代理；客流/核心租金仅部分重点商圈有明细。,正向: 商场样本数、收入社零、公共交通客运、餐饮集聚、年轻客群、政策支持；逆向或成本约束: 租金/空置率。
西南区,重庆,重庆,北城天街购物广场,商圈/商场聚合,北城天街购物广场,北城天街,是一个运用SHOPPINGMALL国际商业流行理念，集购物，休闲，餐饮，娱乐于一体，包容百货，超市、专卖店、大卖场等各种商业形态，吸纳全市消费力，重庆目前规模最大、业态最丰富、功能最完善的超大型购物中心。,1,1.0,1.0,0,0,1,,,,,1,10.2608,107.48,2096.0,,23.03,1,6,1,1,3190.0,16190.4,1590.0,224.5,13.0,2096.0,97.7,198343.0,144515.0,24096.0,72.14,27.86,5.99,8.87,-2.88,2.5,50753.61,703.76,62.18,45.3,7.55,51854.0,4.2,重庆市统计局2025年公报,31.0,23.03,-2.52%,-2.52,,,,,1,重庆市首发经济政策,待获取,1,,,,,,,,,,商场样本/点评为商圈聚合；人口、收入、社零、交通、餐饮、政策多为城市级代理；客流/核心租金仅部分重点商圈有明细。,正向: 商场样本数、收入社零、公共交通客运、餐饮集聚、年轻客群、政策支持；逆向或成本约束: 租金/空置率。
西南区,重庆,重庆,圣澳商贸有限公司,商圈/商场聚合,圣澳商贸有限公司,渝中区陕西路24号金海洋酒店1706,,1,1.0,0.0,0,0,0,,,,,1,10.2608,107.48,2096.0,,23.03,1,6,1,0,3190.0,16190.4,1590.0,224.5,13.0,2096.0,97.7,198343.0,144515.0,24096.0,72.14,27.86,5.99,8.87,-2.88,2.5,50753.61,703.76,62.18,45.3,7.55,51854.0,4.2,重庆市统计局2025年公报,31.0,23.03,-2.52%,-2.52,,,,,1,重庆市首发经济政策,待获取,1,,,,,,,,,,商场样本/点评为商圈聚合；人口、收入、社零、交通、餐饮、政策多为城市级代理；客流/核心租金仅部分重点商圈有明细。,正向: 商场样本数、收入社零、公共交通客运、餐饮集聚、年轻客群、政策支持；逆向或成本约束: 租金/空置率。
西南区,重庆,重庆,大世界购物中心,商圈/商场聚合,大世界购物中心,渝中区邹容路,综合性购物商场。,1,1.0,1.0,0,0,0,,,,,1,10.2608,107.48,2096.0,,23.03,1,6,1,1,3190.0,16190.4,1590.0,224.5,13.0,2096.0,97.7,198343.0,144515.0,24096.0,72.14,27.86,5.99,8.87,-2.88,2.5,50753.61,703.76,62.18,45.3,7.55,51854.0,4.2,重庆市统计局2025年公报,31.0,23.03,-2.52%,-2.52,,,,,1,重庆市首发经济政策,待获取,1,,,,,,,,,,商场样本/点评为商圈聚合；人口、收入、社零、交通、餐饮、政策多为城市级代理；客流/核心租金仅部分重点商圈有明细。,正向: 商场样本数、收入社零、公共交通客运、餐饮集聚、年轻客群、政策支持；逆向或成本约束: 租金/空置率。
西南区,重庆,重庆,大都会广场太平洋百货,商圈/商场聚合,大都会广场太平洋百货,渝中区邹容路69号,综合性购物商场。,1,1.0,1.0,0,0,0,,,,,1,10.2608,107.48,2096.0,,23.03,1,6,1,1,3190.0,16190.4,1590.0,224.5,13.0,2096.0,97.7,198343.0,144515.0,24096.0,72.14,27.86,5.99,8.87,-2.88,2.5,50753.61,703.76,62.18,45.3,7.55,51854.0,4.2,重庆市统计局2025年公报,31.0,23.03,-2.52%,-2.52,,,,,1,重庆市首发经济政策,待获取,1,,,,,,,,,,商场样本/点评为商圈聚合；人口、收入、社零、交通、餐饮、政策多为城市级代理；客流/核心租金仅部分重点商圈有明细。,正向: 商场样本数、收入社零、公共交通客运、餐饮集聚、年轻客群、政策支持；逆向或成本约束: 租金/空置率。
西南区,重庆,重庆,太平洋百货,商圈/商场聚合,太平洋百货,渝中区邹容路68号,太平洋百货重庆店，位于重庆市商业、金融贸易中心。,1,1.0,1.0,0,0,0,,,,,1,10.2608,107.48,2096.0,,23.03,1,6,1,1,3190.0,16190.4,1590.0,224.5,13.0,2096.0,97.7,198343.0,144515.0,24096.0,72.14,27.86,5.99,8.87,-2.88,2.5,50753.61,703.76,62.18,45.3,7.55,51854.0,4.2,重庆市统计局2025年公报,31.0,23.03,-2.52%,-2.52,,,,,1,重庆市首发经济政策,待获取,1,,,,,,,,,,商场样本/点评为商圈聚合；人口、收入、社零、交通、餐饮、政策多为城市级代理；客流/核心租金仅部分重点商圈有明细。,正向: 商场样本数、收入社零、公共交通客运、餐饮集聚、年轻客群、政策支持；逆向或成本约束: 租金/空置率。
西南区,重庆,重庆,太平洋百货解放碑店,商圈/商场聚合,太平洋百货解放碑店,太平洋百货解放碑商场,综合性购物商场。,1,1.0,1.0,0,0,0,,,,,1,10.2608,107.48,2096.0,,23.03,1,6,1,1,3190.0,16190.4,1590.0,224.5,13.0,2096.0,97.7,198343.0,144515.0,24096.0,72.14,27.86,5.99,8.87,-2.88,2.5,50753.61,703.76,62.18,45.3,7.55,51854.0,4.2,重庆市统计局2025年公报,31.0,23.03,-2.52%,-2.52,,,,,1,重庆市首发经济政策,待获取,1,,,,,,,,,,商场样本/点评为商圈聚合；人口、收入、社零、交通、餐饮、政策多为城市级代理；客流/核心租金仅部分重点商圈有明细。,正向: 商场样本数、收入社零、公共交通客运、餐饮集聚、年轻客群、政策支持；逆向或成本约束: 租金/空置率。
西南区,重庆,重庆,女儿家购物广场,商圈/商场聚合,女儿家购物广场,渝中区民族路,,1,1.0,0.0,0,0,0,,,,,1,10.2608,107.48,2096.0,,23.03,1,6,1,0,3190.0,16190.4,1590.0,224.5,13.0,2096.0,97.7,198343.0,144515.0,24096.0,72.14,27.86,5.99,8.87,-2.88,2.5,50753.61,703.76,62.18,45.3,7.55,51854.0,4.2,重庆市统计局2025年公报,31.0,23.03,-2.52%,-2.52,,,,,1,重庆市首发经济政策,待获取,1,,,,,,,,,,商场样本/点评为商圈聚合；人口、收入、社零、交通、餐饮、政策多为城市级代理；客流/核心租金仅部分重点商圈有明细。,正向: 商场样本数、收入社零、公共交通客运、餐饮集聚、年轻客群、政策支持；逆向或成本约束: 租金/空置率。
西南区,重庆,重庆,江北阳光城商场,商圈/商场聚合,江北阳光城商场,江北区,销售百货，日用化工品，食品，烟，酒。,1,1.0,1.0,0,0,0,,,,,1,10.2608,107.48,2096.0,,23.03,1,6,1,1,3190.0,16190.4,1590.0,224.5,13.0,2096.0,97.7,198343.0,144515.0,24096.0,72.14,27.86,5.99,8.87,-2.88,2.5,50753.61,703.76,62.18,45.3,7.55,51854.0,4.2,重庆市统计局2025年公报,31.0,23.03,-2.52%,-2.52,,,,,1,重庆市首发经济政策,待获取,1,,,,,,,,,,商场样本/点评为商圈聚合；人口、收入、社零、交通、餐饮、政策多为城市级代理；客流/核心租金仅部分重点商圈有明细。,正向: 商场样本数、收入社零、公共交通客运、餐饮集聚、年轻客群、政策支持；逆向或成本约束: 租金/空置率。
西南区,重庆,重庆,竞发购物中心,商圈/商场聚合,竞发购物中心,北碚区云泉路,"该购物中心人流量大,是北碚目前人气好的商场。",1,1.0,1.0,0,0,0,,,,,1,10.2608,107.48,2096.0,,23.03,1,6,1,1,3190.0,16190.4,1590.0,224.5,13.0,2096.0,97.7,198343.0,144515.0,24096.0,72.14,27.86,5.99,8.87,-2.88,2.5,50753.61,703.76,62.18,45.3,7.55,51854.0,4.2,重庆市统计局2025年公报,31.0,23.03,-2.52%,-2.52,,,,,1,重庆市首发经济政策,待获取,1,,,,,,,,,,商场样本/点评为商圈聚合；人口、收入、社零、交通、餐饮、政策多为城市级代理；客流/核心租金仅部分重点商圈有明细。,正向: 商场样本数、收入社零、公共交通客运、餐饮集聚、年轻客群、政策支持；逆向或成本约束: 租金/空置率。
西南区,重庆,重庆,诺玛特购物中心,商圈/商场聚合,诺玛特购物中心,南坪步行街商圈中心,两个楼层，单层经营面积达1万平方米以上，商品多达2万个品种。,1,1.0,1.0,0,0,0,,,,,1,10.2608,107.48,2096.0,,23.03,1,6,1,1,3190.0,16190.4,1590.0,224.5,13.0,2096.0,97.7,198343.0,144515.0,24096.0,72.14,27.86,5.99,8.87,-2.88,2.5,50753.61,703.76,62.18,45.3,7.55,51854.0,4.2,重庆市统计局2025年公报,31.0,23.03,-2.52%,-2.52,,,,,1,重庆市首发经济政策,待获取,1,,,,,,,,,,商场样本/点评为商圈聚合；人口、收入、社零、交通、餐饮、政策多为城市级代理；客流/核心租金仅部分重点商圈有明细。,正向: 商场样本数、收入社零、公共交通客运、餐饮集聚、年轻客群、政策支持；逆向或成本约束: 租金/空置率。
西南区,重庆,重庆,重庆CEPA香港城,商圈/商场聚合,重庆CEPA香港城,北城天街,集购物、餐饮、休闲、娱乐、观光、展演6大业态于一体,1,1.0,1.0,0,0,0,,,,,1,10.2608,107.48,2096.0,,23.03,1,6,1,1,3190.0,16190.4,1590.0,224.5,13.0,2096.0,97.7,198343.0,144515.0,24096.0,72.14,27.86,5.99,8.87,-2.88,2.5,50753.61,703.76,62.18,45.3,7.55,51854.0,4.2,重庆市统计局2025年公报,31.0,23.03,-2.52%,-2.52,,,,,1,重庆市首发经济政策,待获取,1,,,,,,,,,,商场样本/点评为商圈聚合；人口、收入、社零、交通、餐饮、政策多为城市级代理；客流/核心租金仅部分重点商圈有明细。,正向: 商场样本数、收入社零、公共交通客运、餐饮集聚、年轻客群、政策支持；逆向或成本约束: 租金/空置率。
西南区,重庆,重庆,重庆两百商场,商圈/商场聚合,重庆两百商场,渝中区中山三路38号,综合性购物商场。,1,1.0,1.0,0,0,0,,,,,1,10.2608,107.48,2096.0,,23.03,1,6,1,1,3190.0,16190.4,1590.0,224.5,13.0,2096.0,97.7,198343.0,144515.0,24096.0,72.14,27.86,5.99,8.87,-2.88,2.5,50753.61,703.76,62.18,45.3,7.55,51854.0,4.2,重庆市统计局2025年公报,31.0,23.03,-2.52%,-2.52,,,,,1,重庆市首发经济政策,待获取,1,,,,,,,,,,商场样本/点评为商圈聚合；人口、收入、社零、交通、餐饮、政策多为城市级代理；客流/核心租金仅部分重点商圈有明细。,正向: 商场样本数、收入社零、公共交通客运、餐饮集聚、年轻客群、政策支持；逆向或成本约束: 租金/空置率。
西南区,重庆,重庆,重庆商业大厦,商圈/商场聚合,重庆商业大厦,渝中区八一路168号,综合性购物商场。,1,1.0,1.0,0,0,0,,,,,1,10.2608,107.48,2096.0,,23.03,1,6,1,1,3190.0,16190.4,1590.0,224.5,13.0,2096.0,97.7,198343.0,144515.0,24096.0,72.14,27.86,5.99,8.87,-2.88,2.5,50753.61,703.76,62.18,45.3,7.55,51854.0,4.2,重庆市统计局2025年公报,31.0,23.03,-2.52%,-2.52,,,,,1,重庆市首发经济政策,待获取,1,,,,,,,,,,商场样本/点评为商圈聚合；人口、收入、社零、交通、餐饮、政策多为城市级代理；客流/核心租金仅部分重点商圈有明细。,正向: 商场样本数、收入社零、公共交通客运、餐饮集聚、年轻客群、政策支持；逆向或成本约束: 租金/空置率。
西南区,重庆,重庆,重庆新世界百货,商圈/商场聚合,重庆新世界百货,江北区观音桥渝北二村一之路6号,综合性零售连锁企业。,1,1.0,1.0,0,0,0,,,,,1,10.2608,107.48,2096.0,,23.03,1,6,1,1,3190.0,16190.4,1590.0,224.5,13.0,2096.0,97.7,198343.0,144515.0,24096.0,72.14,27.86,5.99,8.87,-2.88,2.5,50753.61,703.76,62.18,45.3,7.55,51854.0,4.2,重庆市统计局2025年公报,31.0,23.03,-2.52%,-2.52,,,,,1,重庆市首发经济政策,待获取,1,,,,,,,,,,商场样本/点评为商圈聚合；人口、收入、社零、交通、餐饮、政策多为城市级代理；客流/核心租金仅部分重点商圈有明细。,正向: 商场样本数、收入社零、公共交通客运、餐饮集聚、年轻客群、政策支持；逆向或成本约束: 租金/空置率。
西南区,重庆,重庆,重庆渝海地王广场,商圈/商场聚合,重庆渝海地王广场,渝中区民族路,综合性购物商场。,1,1.0,1.0,0,0,0,,,,,1,10.2608,107.48,2096.0,,23.03,1,6,1,1,3190.0,16190.4,1590.0,224.5,13.0,2096.0,97.7,198343.0,144515.0,24096.0,72.14,27.86,5.99,8.87,-2.88,2.5,50753.61,703.76,62.18,45.3,7.55,51854.0,4.2,重庆市统计局2025年公报,31.0,23.03,-2.52%,-2.52,,,,,1,重庆市首发经济政策,待获取,1,,,,,,,,,,商场样本/点评为商圈聚合；人口、收入、社零、交通、餐饮、政策多为城市级代理；客流/核心租金仅部分重点商圈有明细。,正向: 商场样本数、收入社零、公共交通客运、餐饮集聚、年轻客群、政策支持；逆向或成本约束: 租金/空置率。
西南区,重庆,重庆,重庆百盛南坪店,商圈/商场聚合,重庆百盛南坪店,重庆市南岸区南坪西路2号,是集购物、餐饮、娱乐为一体的多功能购物中心，商场外休闲广场,1,1.0,1.0,0,0,0,,,,,1,10.2608,107.48,2096.0,,23.03,1,6,1,1,3190.0,16190.4,1590.0,224.5,13.0,2096.0,97.7,198343.0,144515.0,24096.0,72.14,27.86,5.99,8.87,-2.88,2.5,50753.61,703.76,62.18,45.3,7.55,51854.0,4.2,重庆市统计局2025年公报,31.0,23.03,-2.52%,-2.52,,,,,1,重庆市首发经济政策,待获取,1,,,,,,,,,,商场样本/点评为商圈聚合；人口、收入、社零、交通、餐饮、政策多为城市级代理；客流/核心租金仅部分重点商圈有明细。,正向: 商场样本数、收入社零、公共交通客运、餐饮集聚、年轻客群、政策支持；逆向或成本约束: 租金/空置率。
西南区,重庆,重庆,重庆百货,商圈/商场聚合,重庆百货,重庆市渝中区民生路３４５,综合性零售连锁企业。,1,1.0,1.0,0,0,0,,,,,1,10.2608,107.48,2096.0,,23.03,1,6,1,1,3190.0,16190.4,1590.0,224.5,13.0,2096.0,97.7,198343.0,144515.0,24096.0,72.14,27.86,5.99,8.87,-2.88,2.5,50753.61,703.76,62.18,45.3,7.55,51854.0,4.2,重庆市统计局2025年公报,31.0,23.03,-2.52%,-2.52,,,,,1,重庆市首发经济政策,待获取,1,,,,,,,,,,商场样本/点评为商圈聚合；人口、收入、社零、交通、餐饮、政策多为城市级代理；客流/核心租金仅部分重点商圈有明细。,正向: 商场样本数、收入社零、公共交通客运、餐饮集聚、年轻客群、政策支持；逆向或成本约束: 租金/空置率。
西南区,重庆,重庆,重庆百货大楼,商圈/商场聚合,重庆百货大楼,渝中区民权路2号,老牌的综合性购物商场。,1,1.0,1.0,0,0,0,,,,,1,10.2608,107.48,2096.0,,23.03,1,6,1,1,3190.0,16190.4,1590.0,224.5,13.0,2096.0,97.7,198343.0,144515.0,24096.0,72.14,27.86,5.99,8.87,-2.88,2.5,50753.61,703.76,62.18,45.3,7.55,51854.0,4.2,重庆市统计局2025年公报,31.0,23.03,-2.52%,-2.52,,,,,1,重庆市首发经济政策,待获取,1,,,,,,,,,,商场样本/点评为商圈聚合；人口、收入、社零、交通、餐饮、政策多为城市级代理；客流/核心租金仅部分重点商圈有明细。,正向: 商场样本数、收入社零、公共交通客运、餐饮集聚、年轻客群、政策支持；逆向或成本约束: 租金/空置率。
西南区,重庆,重庆,重百临江商场,商圈/商场聚合,重百临江商场,渝中区邹容路116号,,1,1.0,0.0,0,0,0,,,,,1,10.2608,107.48,2096.0,,23.03,1,6,1,0,3190.0,16190.4,1590.0,224.5,13.0,2096.0,97.7,198343.0,144515.0,24096.0,72.14,27.86,5.99,8.87,-2.88,2.5,50753.61,703.76,62.18,45.3,7.55,51854.0,4.2,重庆市统计局2025年公报,31.0,23.03,-2.52%,-2.52,,,,,1,重庆市首发经济政策,待获取,1,,,,,,,,,,商场样本/点评为商圈聚合；人口、收入、社零、交通、餐饮、政策多为城市级代理；客流/核心租金仅部分重点商圈有明细。,正向: 商场样本数、收入社零、公共交通客运、餐饮集聚、年轻客群、政策支持；逆向或成本约束: 租金/空置率。
西南区,重庆,重庆,金源时代购物广场,商圈/商场聚合,金源时代购物广场,重庆市江北区江滨路中段,一种新型的复合型商业业态，集购物、休闲、娱乐、饮食等于一体。,1,1.0,1.0,0,0,0,,,,,1,10.2608,107.48,2096.0,,23.03,1,6,1,1,3190.0,16190.4,1590.0,224.5,13.0,2096.0,97.7,198343.0,144515.0,24096.0,72.14,27.86,5.99,8.87,-2.88,2.5,50753.61,703.76,62.18,45.3,7.55,51854.0,4.2,重庆市统计局2025年公报,31.0,23.03,-2.52%,-2.52,,,,,1,重庆市首发经济政策,待获取,1,,,,,,,,,,商场样本/点评为商圈聚合；人口、收入、社零、交通、餐饮、政策多为城市级代理；客流/核心租金仅部分重点商圈有明细。,正向: 商场样本数、收入社零、公共交通客运、餐饮集聚、年轻客群、政策支持；逆向或成本约束: 租金/空置率。
中南区,广东,东莞,乐购,商圈/商场聚合,乐购,,,1,0.0,0.0,0,0,0,,,,,1,14.4592,0.0,,,24.33,0,5,0,0,,,,,,,,,,,,,,,,,,,,,,,,,23.0,24.33,+2.84%,2.84,,,,,0,,,0,,,,,,,,,,商场样本/点评为商圈聚合；人口、收入、社零、交通、餐饮、政策多为城市级代理；客流/核心租金仅部分重点商圈有明细。,正向: 商场样本数、收入社零、公共交通客运、餐饮集聚、年轻客群、政策支持；逆向或成本约束: 租金/空置率。
中南区,广东,东莞,华润（10间）,商圈/商场聚合,华润（10间）,,,1,0.0,0.0,0,0,0,,,,,1,14.4592,0.0,,,24.33,0,5,0,0,,,,,,,,,,,,,,,,,,,,,,,,,23.0,24.33,+2.84%,2.84,,,,,0,,,0,,,,,,,,,,商场样本/点评为商圈聚合；人口、收入、社零、交通、餐饮、政策多为城市级代理；客流/核心租金仅部分重点商圈有明细。,正向: 商场样本数、收入社零、公共交通客运、餐饮集聚、年轻客群、政策支持；逆向或成本约束: 租金/空置率。
中南区,广东,东莞,卡连佛,商圈/商场聚合,卡连佛,,,1,0.0,0.0,0,0,0,,,,,1,14.4592,0.0,,,24.33,0,5,0,0,,,,,,,,,,,,,,,,,,,,,,,,,23.0,24.33,+2.84%,2.84,,,,,0,,,0,,,,,,,,,,商场样本/点评为商圈聚合；人口、收入、社零、交通、餐饮、政策多为城市级代理；客流/核心租金仅部分重点商圈有明细。,正向: 商场样本数、收入社零、公共交通客运、餐饮集聚、年轻客群、政策支持；逆向或成本约束: 租金/空置率。
中南区,广东,东莞,国贸,商圈/商场聚合,国贸,,,1,0.0,0.0,0,0,0,,,,,1,14.4592,0.0,,,24.33,0,5,0,0,,,,,,,,,,,,,,,,,,,,,,,,,23.0,24.33,+2.84%,2.84,,,,,0,,,0,,,,,,,,,,商场样本/点评为商圈聚合；人口、收入、社零、交通、餐饮、政策多为城市级代理；客流/核心租金仅部分重点商圈有明细。,正向: 商场样本数、收入社零、公共交通客运、餐饮集聚、年轻客群、政策支持；逆向或成本约束: 租金/空置率。
中南区,广东,东莞,地王广场彩怡,商圈/商场聚合,地王广场彩怡,,,1,0.0,0.0,0,0,0,,,,,1,14.4592,0.0,,,24.33,0,5,0,0,,,,,,,,,,,,,,,,,,,,,,,,,23.0,24.33,+2.84%,2.84,,,,,0,,,0,,,,,,,,,,商场样本/点评为商圈聚合；人口、收入、社零、交通、餐饮、政策多为城市级代理；客流/核心租金仅部分重点商圈有明细。,正向: 商场样本数、收入社零、公共交通客运、餐饮集聚、年轻客群、政策支持；逆向或成本约束: 租金/空置率。
中南区,广东,东莞,天和百货,商圈/商场聚合,天和百货,,,1,0.0,0.0,0,0,0,,,,,1,14.4592,0.0,,,24.33,0,5,0,0,,,,,,,,,,,,,,,,,,,,,,,,,23.0,24.33,+2.84%,2.84,,,,,0,,,0,,,,,,,,,,商场样本/点评为商圈聚合；人口、收入、社零、交通、餐饮、政策多为城市级代理；客流/核心租金仅部分重点商圈有明细。,正向: 商场样本数、收入社零、公共交通客运、餐饮集聚、年轻客群、政策支持；逆向或成本约束: 租金/空置率。
中南区,广东,东莞,天虹,商圈/商场聚合,天虹,,,1,0.0,0.0,0,0,0,,,,,1,14.4592,0.0,,,24.33,0,5,0,0,,,,,,,,,,,,,,,,,,,,,,,,,23.0,24.33,+2.84%,2.84,,,,,0,,,0,,,,,,,,,,商场样本/点评为商圈聚合；人口、收入、社零、交通、餐饮、政策多为城市级代理；客流/核心租金仅部分重点商圈有明细。,正向: 商场样本数、收入社零、公共交通客运、餐饮集聚、年轻客群、政策支持；逆向或成本约束: 租金/空置率。
中南区,广东,东莞,广百百货,商圈/商场聚合,广百百货,,,1,0.0,0.0,0,0,0,,,,,1,14.4592,0.0,,,24.33,0,5,0,0,,,,,,,,,,,,,,,,,,,,,,,,,23.0,24.33,+2.84%,2.84,,,,,0,,,0,,,,,,,,,,商场样本/点评为商圈聚合；人口、收入、社零、交通、餐饮、政策多为城市级代理；客流/核心租金仅部分重点商圈有明细。,正向: 商场样本数、收入社零、公共交通客运、餐饮集聚、年轻客群、政策支持；逆向或成本约束: 租金/空置率。
中南区,广东,东莞,新华南MALL生活城,商圈/商场聚合,新华南MALL生活城,万江大道,正在启动中,1,1.0,1.0,0,0,0,,,,,1,14.4592,0.0,,,24.33,0,5,1,1,,,,,,,,,,,,,,,,,,,,,,,,,23.0,24.33,+2.84%,2.84,,,,,0,,,0,,,,,,,,,,商场样本/点评为商圈聚合；人口、收入、社零、交通、餐饮、政策多为城市级代理；客流/核心租金仅部分重点商圈有明细。,正向: 商场样本数、收入社零、公共交通客运、餐饮集聚、年轻客群、政策支持；逆向或成本约束: 租金/空置率。
中南区,广东,东莞,海雅百货,商圈/商场聚合,海雅百货,世博广场,,1,1.0,0.0,0,0,0,,,,,1,14.4592,0.0,,,24.33,0,5,1,0,,,,,,,,,,,,,,,,,,,,,,,,,23.0,24.33,+2.84%,2.84,,,,,0,,,0,,,,,,,,,,商场样本/点评为商圈聚合；人口、收入、社零、交通、餐饮、政策多为城市级代理；客流/核心租金仅部分重点商圈有明细。,正向: 商场样本数、收入社零、公共交通客运、餐饮集聚、年轻客群、政策支持；逆向或成本约束: 租金/空置率。
西北区,新疆,乌鲁木齐,世纪百盛名品广场,商圈/商场聚合,世纪百盛名品广场,友好北路,综合购物商场·,1,1.0,1.0,0,0,0,,,,,1,14.4592,0.0,,,21.24,0,5,1,1,,,,,,,,,,,,,,,,,,,,,,,,,39.0,21.24,-1.79%,-1.79,,,,,0,,,0,,,,,,,,,,商场样本/点评为商圈聚合；人口、收入、社零、交通、餐饮、政策多为城市级代理；客流/核心租金仅部分重点商圈有明细。,正向: 商场样本数、收入社零、公共交通客运、餐饮集聚、年轻客群、政策支持；逆向或成本约束: 租金/空置率。
西北区,新疆,乌鲁木齐,世纪金花,商圈/商场聚合,世纪金花,天山区友好南路30号,"综合购物商场·属于当地最高档的商场,生意不错",1,1.0,1.0,1,0,0,,,,,1,14.4592,0.0,,,21.24,0,5,1,1,,,,,,,,,,,,,,,,,,,,,,,,,39.0,21.24,-1.79%,-1.79,,,,,0,,,0,,,,,,,,,,商场样本/点评为商圈聚合；人口、收入、社零、交通、餐饮、政策多为城市级代理；客流/核心租金仅部分重点商圈有明细。,正向: 商场样本数、收入社零、公共交通客运、餐饮集聚、年轻客群、政策支持；逆向或成本约束: 租金/空置率。
西北区,新疆,乌鲁木齐,东方100,商圈/商场聚合,东方100,乌鲁木齐市解放路,综合购物商场！,1,1.0,1.0,0,0,0,,,,,1,14.4592,0.0,,,21.24,0,5,1,1,,,,,,,,,,,,,,,,,,,,,,,,,39.0,21.24,-1.79%,-1.79,,,,,0,,,0,,,,,,,,,,商场样本/点评为商圈聚合；人口、收入、社零、交通、餐饮、政策多为城市级代理；客流/核心租金仅部分重点商圈有明细。,正向: 商场样本数、收入社零、公共交通客运、餐饮集聚、年轻客群、政策支持；逆向或成本约束: 租金/空置率。
西北区,新疆,乌鲁木齐,丹璐时尚,商圈/商场聚合,丹璐时尚,乌鲁木齐市中山路103号,综合性购物商场·,1,1.0,1.0,0,0,0,,,,,1,14.4592,0.0,,,21.24,0,5,1,1,,,,,,,,,,,,,,,,,,,,,,,,,39.0,21.24,-1.79%,-1.79,,,,,0,,,0,,,,,,,,,,商场样本/点评为商圈聚合；人口、收入、社零、交通、餐饮、政策多为城市级代理；客流/核心租金仅部分重点商圈有明细。,正向: 商场样本数、收入社零、公共交通客运、餐饮集聚、年轻客群、政策支持；逆向或成本约束: 租金/空置率。
西北区,新疆,乌鲁木齐,亚新生活广场,商圈/商场聚合,亚新生活广场,天山区北门大十字,综合性购物商场·,1,1.0,1.0,0,0,0,,,,,1,14.4592,0.0,,,21.24,0,5,1,1,,,,,,,,,,,,,,,,,,,,,,,,,39.0,21.24,-1.79%,-1.79,,,,,0,,,0,,,,,,,,,,商场样本/点评为商圈聚合；人口、收入、社零、交通、餐饮、政策多为城市级代理；客流/核心租金仅部分重点商圈有明细。,正向: 商场样本数、收入社零、公共交通客运、餐饮集聚、年轻客群、政策支持；逆向或成本约束: 租金/空置率。
西北区,新疆,乌鲁木齐,华凌商场,商圈/商场聚合,华凌商场,中山路,综合性购物商场·,1,1.0,1.0,0,0,0,,,,,1,14.4592,0.0,,,21.24,0,5,1,1,,,,,,,,,,,,,,,,,,,,,,,,,39.0,21.24,-1.79%,-1.79,,,,,0,,,0,,,,,,,,,,商场样本/点评为商圈聚合；人口、收入、社零、交通、餐饮、政策多为城市级代理；客流/核心租金仅部分重点商圈有明细。,正向: 商场样本数、收入社零、公共交通客运、餐饮集聚、年轻客群、政策支持；逆向或成本约束: 租金/空置率。
西北区,新疆,乌鲁木齐,友好商场,商圈/商场聚合,友好商场,中山路299号,2楼精品流行馆，3楼时尚淑女。,1,1.0,1.0,0,0,0,,,,,1,14.4592,0.0,,,21.24,0,5,1,1,,,,,,,,,,,,,,,,,,,,,,,,,39.0,21.24,-1.79%,-1.79,,,,,0,,,0,,,,,,,,,,商场样本/点评为商圈聚合；人口、收入、社零、交通、餐饮、政策多为城市级代理；客流/核心租金仅部分重点商圈有明细。,正向: 商场样本数、收入社零、公共交通客运、餐饮集聚、年轻客群、政策支持；逆向或成本约束: 租金/空置率。
西北区,新疆,乌鲁木齐,友好百盛,商圈/商场聚合,友好百盛,天山区友好北路12号,综合购物商场·,1,1.0,1.0,0,0,0,,,,,1,14.4592,0.0,,,21.24,0,5,1,1,,,,,,,,,,,,,,,,,,,,,,,,,39.0,21.24,-1.79%,-1.79,,,,,0,,,0,,,,,,,,,,商场样本/点评为商圈聚合；人口、收入、社零、交通、餐饮、政策多为城市级代理；客流/核心租金仅部分重点商圈有明细。,正向: 商场样本数、收入社零、公共交通客运、餐饮集聚、年轻客群、政策支持；逆向或成本约束: 租金/空置率。
西北区,新疆,乌鲁木齐,天山名店,商圈/商场聚合,天山名店,友好北路35号,集购物、娱乐、休闲、餐饮等为一体的现代化综合购物中心。,1,1.0,1.0,0,0,0,,,,,1,14.4592,0.0,,,21.24,0,5,1,1,,,,,,,,,,,,,,,,,,,,,,,,,39.0,21.24,-1.79%,-1.79,,,,,0,,,0,,,,,,,,,,商场样本/点评为商圈聚合；人口、收入、社零、交通、餐饮、政策多为城市级代理；客流/核心租金仅部分重点商圈有明细。,正向: 商场样本数、收入社零、公共交通客运、餐饮集聚、年轻客群、政策支持；逆向或成本约束: 租金/空置率。
西北区,新疆,乌鲁木齐,天山百货,商圈/商场聚合,天山百货,天山区大十字车站旁,综合购物商场！,1,1.0,1.0,0,0,0,,,,,1,14.4592,0.0,,,21.24,0,5,1,1,,,,,,,,,,,,,,,,,,,,,,,,,39.0,21.24,-1.79%,-1.79,,,,,0,,,0,,,,,,,,,,商场样本/点评为商圈聚合；人口、收入、社零、交通、餐饮、政策多为城市级代理；客流/核心租金仅部分重点商圈有明细。,正向: 商场样本数、收入社零、公共交通客运、餐饮集聚、年轻客群、政策支持；逆向或成本约束: 租金/空置率。
西北区,新疆,乌鲁木齐,天山百货大楼,商圈/商场聚合,天山百货大楼,新华北路,综合性购物商场·,1,1.0,1.0,0,0,0,,,,,1,14.4592,0.0,,,21.24,0,5,1,1,,,,,,,,,,,,,,,,,,,,,,,,,39.0,21.24,-1.79%,-1.79,,,,,0,,,0,,,,,,,,,,商场样本/点评为商圈聚合；人口、收入、社零、交通、餐饮、政策多为城市级代理；客流/核心租金仅部分重点商圈有明细。,正向: 商场样本数、收入社零、公共交通客运、餐饮集聚、年轻客群、政策支持；逆向或成本约束: 租金/空置率。
西北区,新疆,乌鲁木齐,汇嘉时代,商圈/商场聚合,汇嘉时代,天山区中山路159号附8号,综合购物商场！,1,1.0,1.0,0,0,0,,,,,1,14.4592,0.0,,,21.24,0,5,1,1,,,,,,,,,,,,,,,,,,,,,,,,,39.0,21.24,-1.79%,-1.79,,,,,0,,,0,,,,,,,,,,商场样本/点评为商圈聚合；人口、收入、社零、交通、餐饮、政策多为城市级代理；客流/核心租金仅部分重点商圈有明细。,正向: 商场样本数、收入社零、公共交通客运、餐饮集聚、年轻客群、政策支持；逆向或成本约束: 租金/空置率。
西北区,新疆,乌鲁木齐,王府井,商圈/商场聚合,王府井,中山路,综合购物商场！,1,1.0,1.0,0,0,0,,,,,1,14.4592,0.0,,,21.24,0,5,1,1,,,,,,,,,,,,,,,,,,,,,,,,,39.0,21.24,-1.79%,-1.79,,,,,0,,,0,,,,,,,,,,商场样本/点评为商圈聚合；人口、收入、社零、交通、餐饮、政策多为城市级代理；客流/核心租金仅部分重点商圈有明细。,正向: 商场样本数、收入社零、公共交通客运、餐饮集聚、年轻客群、政策支持；逆向或成本约束: 租金/空置率。
西北区,新疆,乌鲁木齐,红山新世纪购物广场,商圈/商场聚合,红山新世纪购物广场,天山区中山路商业街与红旗路交汇处,综合性购物商场·,1,1.0,1.0,0,0,0,,,,,1,14.4592,0.0,,,21.24,0,5,1,1,,,,,,,,,,,,,,,,,,,,,,,,,39.0,21.24,-1.79%,-1.79,,,,,0,,,0,,,,,,,,,,商场样本/点评为商圈聚合；人口、收入、社零、交通、餐饮、政策多为城市级代理；客流/核心租金仅部分重点商圈有明细。,正向: 商场样本数、收入社零、公共交通客运、餐饮集聚、年轻客群、政策支持；逆向或成本约束: 租金/空置率。
西北区,新疆,乌鲁木齐,铜锣弯,商圈/商场聚合,铜锣弯,民主路42号,综合购物商场·,1,1.0,1.0,0,0,0,,,,,1,14.4592,0.0,,,21.24,0,5,1,1,,,,,,,,,,,,,,,,,,,,,,,,,39.0,21.24,-1.79%,-1.79,,,,,0,,,0,,,,,,,,,,商场样本/点评为商圈聚合；人口、收入、社零、交通、餐饮、政策多为城市级代理；客流/核心租金仅部分重点商圈有明细。,正向: 商场样本数、收入社零、公共交通客运、餐饮集聚、年轻客群、政策支持；逆向或成本约束: 租金/空置率。
中南区,广东,佛山,优越城百货,商圈/商场聚合,优越城百货,,定位为一个城市综合商业服务与日常“吃、喝、玩、乐、住”众功能的“生活馆”。是中山市最早诠释的国际流行商业模式MALL。,1,0.0,1.0,0,0,0,,,,,1,14.4592,0.0,,,24.14,0,5,0,1,,,,,,,,,,,,,,,,,,,,,,,,,25.0,24.14,-2.42%,-2.42,,,,,0,,,0,,,,,,,,,,商场样本/点评为商圈聚合；人口、收入、社零、交通、餐饮、政策多为城市级代理；客流/核心租金仅部分重点商圈有明细。,正向: 商场样本数、收入社零、公共交通客运、餐饮集聚、年轻客群、政策支持；逆向或成本约束: 租金/空置率。
中南区,广东,佛山,兴华商场二楼,商圈/商场聚合,兴华商场二楼,禅城区祖庙路33号,一家大型的综合性商业企业，位于佛山市最繁华的祖庙商圈中心—祖庙路。兴华商场集购物、饮食、娱乐于一体,1,1.0,1.0,0,0,0,,,,,1,14.4592,0.0,,,24.14,0,5,1,1,,,,,,,,,,,,,,,,,,,,,,,,,25.0,24.14,-2.42%,-2.42,,,,,0,,,0,,,,,,,,,,商场样本/点评为商圈聚合；人口、收入、社零、交通、餐饮、政策多为城市级代理；客流/核心租金仅部分重点商圈有明细。,正向: 商场样本数、收入社零、公共交通客运、餐饮集聚、年轻客群、政策支持；逆向或成本约束: 租金/空置率。
中南区,广东,佛山,兴华商场桂城购物中心,商圈/商场聚合,兴华商场桂城购物中心,南海市桂城南新二路9号,华商场桂城购物中心主经行业：超市、百货、便利店,1,1.0,1.0,0,0,0,,,,,1,14.4592,0.0,,,24.14,0,5,1,1,,,,,,,,,,,,,,,,,,,,,,,,,25.0,24.14,-2.42%,-2.42,,,,,0,,,0,,,,,,,,,,商场样本/点评为商圈聚合；人口、收入、社零、交通、餐饮、政策多为城市级代理；客流/核心租金仅部分重点商圈有明细。,正向: 商场样本数、收入社零、公共交通客运、餐饮集聚、年轻客群、政策支持；逆向或成本约束: 租金/空置率。
中南区,广东,佛山,明珠百货,商圈/商场聚合,明珠百货,锦华路85号东方广场明珠城,"以大众化潮流消费为主体，兼顾中、高档消费人群，引领时尚消费； 
体现一站式休闲购物经营特色的主力百货公司",1,1.0,1.0,1,1,0,,,,,1,14.4592,0.0,,,24.14,0,5,1,1,,,,,,,,,,,,,,,,,,,,,,,,,25.0,24.14,-2.42%,-2.42,,,,,0,,,0,,,,,,,,,,商场样本/点评为商圈聚合；人口、收入、社零、交通、餐饮、政策多为城市级代理；客流/核心租金仅部分重点商圈有明细。,正向: 商场样本数、收入社零、公共交通客运、餐饮集聚、年轻客群、政策支持；逆向或成本约束: 租金/空置率。
中南区,广东,佛山,百花广场,商圈/商场聚合,百花广场,禅城区祖庙路32号,百花广场以经营中高档的国际知名品牌及优质的国内品牌为主,1,1.0,1.0,1,0,0,,,,,1,14.4592,0.0,,,24.14,0,5,1,1,,,,,,,,,,,,,,,,,,,,,,,,,25.0,24.14,-2.42%,-2.42,,,,,0,,,0,,,,,,,,,,商场样本/点评为商圈聚合；人口、收入、社零、交通、餐饮、政策多为城市级代理；客流/核心租金仅部分重点商圈有明细。,正向: 商场样本数、收入社零、公共交通客运、餐饮集聚、年轻客群、政策支持；逆向或成本约束: 租金/空置率。
中南区,广东,佛山,顺联国际购物中心,商圈/商场聚合,顺联国际购物中心,,,1,0.0,0.0,0,0,0,,,,,1,14.4592,0.0,,,24.14,0,5,0,0,,,,,,,,,,,,,,,,,,,,,,,,,25.0,24.14,-2.42%,-2.42,,,,,0,,,0,,,,,,,,,,商场样本/点评为商圈聚合；人口、收入、社零、交通、餐饮、政策多为城市级代理；客流/核心租金仅部分重点商圈有明细。,正向: 商场样本数、收入社零、公共交通客运、餐饮集聚、年轻客群、政策支持；逆向或成本约束: 租金/空置率。
西北区,甘肃,兰州,大十字百货,商圈/商场聚合,大十字百货,皋兰路东方红广场东侧,综合性购物超市·,1,1.0,1.0,0,0,0,,,,,1,14.4592,0.0,,,27.53,0,5,1,1,,,,,,,,,,,,,,,,,,,,,,,,,18.0,27.53,-0.68%,-0.68,,,,,0,,,0,,,,,,,,,,商场样本/点评为商圈聚合；人口、收入、社零、交通、餐饮、政策多为城市级代理；客流/核心租金仅部分重点商圈有明细。,正向: 商场样本数、收入社零、公共交通客运、餐饮集聚、年轻客群、政策支持；逆向或成本约束: 租金/空置率。
西北区,甘肃,兰州,新世界百货,商圈/商场聚合,新世界百货,中山路西单商场,二楼青春少女馆，三楼时尚仕女馆。,1,1.0,1.0,0,0,0,,,,,1,14.4592,0.0,,,27.53,0,5,1,1,,,,,,,,,,,,,,,,,,,,,,,,,18.0,27.53,-0.68%,-0.68,,,,,0,,,0,,,,,,,,,,商场样本/点评为商圈聚合；人口、收入、社零、交通、餐饮、政策多为城市级代理；客流/核心租金仅部分重点商圈有明细。,正向: 商场样本数、收入社零、公共交通客运、餐饮集聚、年轻客群、政策支持；逆向或成本约束: 租金/空置率。
西北区,甘肃,兰州,春天百货,商圈/商场聚合,春天百货,兰州市中山路120号,二楼流行少淑服饰，三楼国际精品国内名品服饰。,1,1.0,1.0,0,0,0,,,,,1,14.4592,0.0,,,27.53,0,5,1,1,,,,,,,,,,,,,,,,,,,,,,,,,18.0,27.53,-0.68%,-0.68,,,,,0,,,0,,,,,,,,,,商场样本/点评为商圈聚合；人口、收入、社零、交通、餐饮、政策多为城市级代理；客流/核心租金仅部分重点商圈有明细。,正向: 商场样本数、收入社零、公共交通客运、餐饮集聚、年轻客群、政策支持；逆向或成本约束: 租金/空置率。
西北区,甘肃,兰州,百盛,商圈/商场聚合,百盛,兰州市城关区张掖路87号,综合性购物超市·,1,1.0,1.0,0,0,0,,,,,1,14.4592,0.0,,,27.53,0,5,1,1,,,,,,,,,,,,,,,,,,,,,,,,,18.0,27.53,-0.68%,-0.68,,,,,0,,,0,,,,,,,,,,商场样本/点评为商圈聚合；人口、收入、社零、交通、餐饮、政策多为城市级代理；客流/核心租金仅部分重点商圈有明细。,正向: 商场样本数、收入社零、公共交通客运、餐饮集聚、年轻客群、政策支持；逆向或成本约束: 租金/空置率。
西北区,甘肃,兰州,西太华百货,商圈/商场聚合,西太华百货,城关区庆阳路296号,,1,1.0,0.0,0,0,0,,,,,1,14.4592,0.0,,,27.53,0,5,1,0,,,,,,,,,,,,,,,,,,,,,,,,,18.0,27.53,-0.68%,-0.68,,,,,0,,,0,,,,,,,,,,商场样本/点评为商圈聚合；人口、收入、社零、交通、餐饮、政策多为城市级代理；客流/核心租金仅部分重点商圈有明细。,正向: 商场样本数、收入社零、公共交通客运、餐饮集聚、年轻客群、政策支持；逆向或成本约束: 租金/空置率。
西北区,甘肃,兰州,青百商城,商圈/商场聚合,青百商城,七里河区西津西路６８号,集百货零售、餐饮娱乐、办公商住为一体的大型综合购物中心。,1,1.0,1.0,0,0,0,,,,,1,14.4592,0.0,,,27.53,0,5,1,1,,,,,,,,,,,,,,,,,,,,,,,,,18.0,27.53,-0.68%,-0.68,,,,,0,,,0,,,,,,,,,,商场样本/点评为商圈聚合；人口、收入、社零、交通、餐饮、政策多为城市级代理；客流/核心租金仅部分重点商圈有明细。,正向: 商场样本数、收入社零、公共交通客运、餐饮集聚、年轻客群、政策支持；逆向或成本约束: 租金/空置率。
中南区,广西,南宁,七星路,商圈/商场聚合,中航国际,朗东,,1,1.0,0.0,0,0,0,,,,,1,14.4592,0.0,,,24.41,0,5,1,0,,,,,,,,,,,,,,,,,,,,,,,,,22.0,24.41,-1.81%,-1.81,,,,,0,,,0,,,,,,,,,,商场样本/点评为商圈聚合；人口、收入、社零、交通、餐饮、政策多为城市级代理；客流/核心租金仅部分重点商圈有明细。,正向: 商场样本数、收入社零、公共交通客运、餐饮集聚、年轻客群、政策支持；逆向或成本约束: 租金/空置率。
中南区,广西,南宁,万达商业广场,商圈/商场聚合,万达商业广场,,,1,0.0,0.0,0,0,0,,,,,1,14.4592,0.0,,,24.41,0,5,0,0,,,,,,,,,,,,,,,,,,,,,,,,,22.0,24.41,-1.81%,-1.81,,,,,0,,,0,,,,,,,,,,商场样本/点评为商圈聚合；人口、收入、社零、交通、餐饮、政策多为城市级代理；客流/核心租金仅部分重点商圈有明细。,正向: 商场样本数、收入社零、公共交通客运、餐饮集聚、年轻客群、政策支持；逆向或成本约束: 租金/空置率。
中南区,广西,南宁,五象购物中心,商圈/商场聚合,五象购物中心,南宁市民族大道南宁,,1,1.0,0.0,0,0,0,,,,,1,14.4592,0.0,,,24.41,0,5,1,0,,,,,,,,,,,,,,,,,,,,,,,,,22.0,24.41,-1.81%,-1.81,,,,,0,,,0,,,,,,,,,,商场样本/点评为商圈聚合；人口、收入、社零、交通、餐饮、政策多为城市级代理；客流/核心租金仅部分重点商圈有明细。,正向: 商场样本数、收入社零、公共交通客运、餐饮集聚、年轻客群、政策支持；逆向或成本约束: 租金/空置率。
中南区,广西,南宁,人民商厦,商圈/商场聚合,人民商厦,南宁市人民路,,1,1.0,0.0,0,0,0,,,,,1,14.4592,0.0,,,24.41,0,5,1,0,,,,,,,,,,,,,,,,,,,,,,,,,22.0,24.41,-1.81%,-1.81,,,,,0,,,0,,,,,,,,,,商场样本/点评为商圈聚合；人口、收入、社零、交通、餐饮、政策多为城市级代理；客流/核心租金仅部分重点商圈有明细。,正向: 商场样本数、收入社零、公共交通客运、餐饮集聚、年轻客群、政策支持；逆向或成本约束: 租金/空置率。
中南区,广西,南宁,南城百货,商圈/商场聚合,南城百货,,,1,0.0,0.0,0,0,0,,,,,1,14.4592,0.0,,,24.41,0,5,0,0,,,,,,,,,,,,,,,,,,,,,,,,,22.0,24.41,-1.81%,-1.81,,,,,0,,,0,,,,,,,,,,商场样本/点评为商圈聚合；人口、收入、社零、交通、餐饮、政策多为城市级代理；客流/核心租金仅部分重点商圈有明细。,正向: 商场样本数、收入社零、公共交通客运、餐饮集聚、年轻客群、政策支持；逆向或成本约束: 租金/空置率。
中南区,广西,南宁,新竹路,商圈/商场聚合,王府井,,,1,0.0,0.0,0,0,0,,,,,1,14.4592,0.0,,,24.41,0,5,0,0,,,,,,,,,,,,,,,,,,,,,,,,,22.0,24.41,-1.81%,-1.81,,,,,0,,,0,,,,,,,,,,商场样本/点评为商圈聚合；人口、收入、社零、交通、餐饮、政策多为城市级代理；客流/核心租金仅部分重点商圈有明细。,正向: 商场样本数、收入社零、公共交通客运、餐饮集聚、年轻客群、政策支持；逆向或成本约束: 租金/空置率。
中南区,广西,南宁,梦之岛,商圈/商场聚合,梦之岛,南宁市民族大道梦之岛百货大楼,,1,1.0,0.0,0,0,0,,,,,1,14.4592,0.0,,,24.41,0,5,1,0,,,,,,,,,,,,,,,,,,,,,,,,,22.0,24.41,-1.81%,-1.81,,,,,0,,,0,,,,,,,,,,商场样本/点评为商圈聚合；人口、收入、社零、交通、餐饮、政策多为城市级代理；客流/核心租金仅部分重点商圈有明细。,正向: 商场样本数、收入社零、公共交通客运、餐饮集聚、年轻客群、政策支持；逆向或成本约束: 租金/空置率。
中南区,广西,南宁,百盛,商圈/商场聚合,百盛,A类店,,1,1.0,0.0,0,0,0,,,,,1,14.4592,0.0,,,24.41,0,5,1,0,,,,,,,,,,,,,,,,,,,,,,,,,22.0,24.41,-1.81%,-1.81,,,,,0,,,0,,,,,,,,,,商场样本/点评为商圈聚合；人口、收入、社零、交通、餐饮、政策多为城市级代理；客流/核心租金仅部分重点商圈有明细。,正向: 商场样本数、收入社零、公共交通客运、餐饮集聚、年轻客群、政策支持；逆向或成本约束: 租金/空置率。
中南区,广西,南宁,百货大楼,商圈/商场聚合,百货大楼,南宁市民族大道南宁,,1,1.0,0.0,0,0,0,,,,,1,14.4592,0.0,,,24.41,0,5,1,0,,,,,,,,,,,,,,,,,,,,,,,,,22.0,24.41,-1.81%,-1.81,,,,,0,,,0,,,,,,,,,,商场样本/点评为商圈聚合；人口、收入、社零、交通、餐饮、政策多为城市级代理；客流/核心租金仅部分重点商圈有明细。,正向: 商场样本数、收入社零、公共交通客运、餐饮集聚、年轻客群、政策支持；逆向或成本约束: 租金/空置率。
中南区,江西,南昌,万达购物广场,商圈/商场聚合,万达购物广场,南昌市最繁华的八一广场北面,集购物、休闲、娱乐、餐饮于一体，“室内商业步行街＋世界强零售巨头”模式。首层为室内商业步行街，专卖店划分为服装、鞋帽精品、珠宝首饰、钟表眼镜、化妆饰品等多个主题片区，同时将开设必胜客等国际著名餐饮连锁店；二、三层引入沃尔玛，四层为百脑汇。,1,1.0,1.0,0,0,0,,,,,1,14.4592,0.0,,,22.7,0,5,1,1,,,,,,,,,,,,,,,,,,,,,,,,,33.0,22.7,+2.69%,2.69,,,,,0,,,0,,,,,,,,,,商场样本/点评为商圈聚合；人口、收入、社零、交通、餐饮、政策多为城市级代理；客流/核心租金仅部分重点商圈有明细。,正向: 商场样本数、收入社零、公共交通客运、餐饮集聚、年轻客群、政策支持；逆向或成本约束: 租金/空置率。
中南区,江西,南昌,凯美百货（K&M）,商圈/商场聚合,凯美百货（K&M）,"在太平洋购物广场,中山路\胜利路\八一大道等商圈","集购物、餐饮、娱乐等诸多服务功能于一体,被百盛收购",1,1.0,1.0,0,0,0,,,,,1,14.4592,0.0,,,22.7,0,5,1,1,,,,,,,,,,,,,,,,,,,,,,,,,33.0,22.7,+2.69%,2.69,,,,,0,,,0,,,,,,,,,,商场样本/点评为商圈聚合；人口、收入、社零、交通、餐饮、政策多为城市级代理；客流/核心租金仅部分重点商圈有明细。,正向: 商场样本数、收入社零、公共交通客运、餐饮集聚、年轻客群、政策支持；逆向或成本约束: 租金/空置率。
中南区,江西,南昌,华联商厦,商圈/商场聚合,华联商厦,,,1,0.0,0.0,0,0,0,,,,,1,14.4592,0.0,,,22.7,0,5,0,0,,,,,,,,,,,,,,,,,,,,,,,,,33.0,22.7,+2.69%,2.69,,,,,0,,,0,,,,,,,,,,商场样本/点评为商圈聚合；人口、收入、社零、交通、餐饮、政策多为城市级代理；客流/核心租金仅部分重点商圈有明细。,正向: 商场样本数、收入社零、公共交通客运、餐饮集聚、年轻客群、政策支持；逆向或成本约束: 租金/空置率。
中南区,江西,南昌,南昌百盛原太平洋购物广场,商圈/商场聚合,南昌百盛原太平洋购物广场,中山路177号,集购物、餐饮、娱乐等诸多服务功能于一体。2楼青春时尚馆！,1,1.0,1.0,0,0,0,,,,,1,14.4592,0.0,,,22.7,0,5,1,1,,,,,,,,,,,,,,,,,,,,,,,,,33.0,22.7,+2.69%,2.69,,,,,0,,,0,,,,,,,,,,商场样本/点评为商圈聚合；人口、收入、社零、交通、餐饮、政策多为城市级代理；客流/核心租金仅部分重点商圈有明细。,正向: 商场样本数、收入社零、公共交通客运、餐饮集聚、年轻客群、政策支持；逆向或成本约束: 租金/空置率。
中南区,江西,南昌,天虹商场,商圈/商场聚合,天虹商场,南京东路168号,大型综合性购物商场！,1,1.0,1.0,0,0,0,,,,,1,14.4592,0.0,,,22.7,0,5,1,1,,,,,,,,,,,,,,,,,,,,,,,,,33.0,22.7,+2.69%,2.69,,,,,0,,,0,,,,,,,,,,商场样本/点评为商圈聚合；人口、收入、社零、交通、餐饮、政策多为城市级代理；客流/核心租金仅部分重点商圈有明细。,正向: 商场样本数、收入社零、公共交通客运、餐饮集聚、年轻客群、政策支持；逆向或成本约束: 租金/空置率。
中南区,江西,南昌,洪客隆百货,商圈/商场聚合,洪客隆百货,八一大道358号,大型综合性购物商场！,1,1.0,1.0,0,0,0,,,,,1,14.4592,0.0,,,22.7,0,5,1,1,,,,,,,,,,,,,,,,,,,,,,,,,33.0,22.7,+2.69%,2.69,,,,,0,,,0,,,,,,,,,,商场样本/点评为商圈聚合；人口、收入、社零、交通、餐饮、政策多为城市级代理；客流/核心租金仅部分重点商圈有明细。,正向: 商场样本数、收入社零、公共交通客运、餐饮集聚、年轻客群、政策支持；逆向或成本约束: 租金/空置率。
中南区,江西,南昌,财富广场,商圈/商场聚合,财富广场,,,1,0.0,0.0,0,0,0,,,,,1,14.4592,0.0,,,22.7,0,5,0,0,,,,,,,,,,,,,,,,,,,,,,,,,33.0,22.7,+2.69%,2.69,,,,,0,,,0,,,,,,,,,,商场样本/点评为商圈聚合；人口、收入、社零、交通、餐饮、政策多为城市级代理；客流/核心租金仅部分重点商圈有明细。,正向: 商场样本数、收入社零、公共交通客运、餐饮集聚、年轻客群、政策支持；逆向或成本约束: 租金/空置率。
中南区,江西,南昌,铁路坝/解放路,商圈/商场聚合,百货大楼,南昌中山路1号,是江西省目前规模最大、综合实力最强的商业流通企业，也是全国百家大型商业零售企业之一。,1,1.0,1.0,0,0,1,,,,,1,14.4592,0.0,,,22.7,0,5,1,1,,,,,,,,,,,,,,,,,,,,,,,,,33.0,22.7,+2.69%,2.69,,,,,0,,,0,,,,,,,,,,商场样本/点评为商圈聚合；人口、收入、社零、交通、餐饮、政策多为城市级代理；客流/核心租金仅部分重点商圈有明细。,正向: 商场样本数、收入社零、公共交通客运、餐饮集聚、年轻客群、政策支持；逆向或成本约束: 租金/空置率。
中南区,福建,厦门,信达免税商场,商圈/商场聚合,信达免税商场,厦门市湖里区兴隆路27号,定位于高档、精品百货！3楼经营名媛白领、时尚丽人装。,1,1.0,1.0,1,0,0,,,,,1,14.1763,0.0,,,38.38,0,5,1,1,,,,,,,,,,,,,,,,,,,,,,77762.0,3.9,厦门市统计局,6.0,38.38,+3.22%,3.22,,,,,0,,,0,,,,,,,,,,商场样本/点评为商圈聚合；人口、收入、社零、交通、餐饮、政策多为城市级代理；客流/核心租金仅部分重点商圈有明细。,正向: 商场样本数、收入社零、公共交通客运、餐饮集聚、年轻客群、政策支持；逆向或成本约束: 租金/空置率。
中南区,福建,厦门,华联百货,商圈/商场聚合,华联百货,思明区中山路1号,华联百货是厦门市大型零售企业，集现代百货、专业店、品牌店、连锁超市等新型多业态模式为一体！,1,1.0,1.0,0,0,0,,,,,1,14.1763,0.0,,,38.38,0,5,1,1,,,,,,,,,,,,,,,,,,,,,,77762.0,3.9,厦门市统计局,6.0,38.38,+3.22%,3.22,,,,,0,,,0,,,,,,,,,,商场样本/点评为商圈聚合；人口、收入、社零、交通、餐饮、政策多为城市级代理；客流/核心租金仅部分重点商圈有明细。,正向: 商场样本数、收入社零、公共交通客运、餐饮集聚、年轻客群、政策支持；逆向或成本约束: 租金/空置率。
中南区,福建,厦门,天虹商场,商圈/商场聚合,天虹商场,嘉禾路323号汇腾大厦1-4F,定位于品位、时尚！,1,1.0,1.0,0,0,0,,,,,1,14.1763,0.0,,,38.38,0,5,1,1,,,,,,,,,,,,,,,,,,,,,,77762.0,3.9,厦门市统计局,6.0,38.38,+3.22%,3.22,,,,,0,,,0,,,,,,,,,,商场样本/点评为商圈聚合；人口、收入、社零、交通、餐饮、政策多为城市级代理；客流/核心租金仅部分重点商圈有明细。,正向: 商场样本数、收入社零、公共交通客运、餐饮集聚、年轻客群、政策支持；逆向或成本约束: 租金/空置率。
中南区,福建,厦门,巴黎春天,商圈/商场聚合,巴黎春天,中山店-中山路76-132号,定位于精致、尊贵、高雅、时尚，全力营造一个温馨、舒适的购物新空间。,1,1.0,1.0,0,0,0,,,,,1,14.1763,0.0,,,38.38,0,5,1,1,,,,,,,,,,,,,,,,,,,,,,77762.0,3.9,厦门市统计局,6.0,38.38,+3.22%,3.22,,,,,0,,,0,,,,,,,,,,商场样本/点评为商圈聚合；人口、收入、社零、交通、餐饮、政策多为城市级代理；客流/核心租金仅部分重点商圈有明细。,正向: 商场样本数、收入社零、公共交通客运、餐饮集聚、年轻客群、政策支持；逆向或成本约束: 租金/空置率。
中南区,福建,厦门,新世界百货,商圈/商场聚合,新世界百货,嘉禾路莲坂明发商业广场A区,综合性购物超市·,1,1.0,1.0,0,0,0,,,,,1,14.1763,0.0,,,38.38,0,5,1,1,,,,,,,,,,,,,,,,,,,,,,77762.0,3.9,厦门市统计局,6.0,38.38,+3.22%,3.22,,,,,0,,,0,,,,,,,,,,商场样本/点评为商圈聚合；人口、收入、社零、交通、餐饮、政策多为城市级代理；客流/核心租金仅部分重点商圈有明细。,正向: 商场样本数、收入社零、公共交通客运、餐饮集聚、年轻客群、政策支持；逆向或成本约束: 租金/空置率。
中南区,福建,厦门,莱雅,商圈/商场聚合,莱雅,嘉禾店-厦门市嘉禾路261-265号,集购物、餐饮、娱乐、休闲为一体的综合娱乐场所。,1,1.0,1.0,0,0,0,,,,,1,14.1763,0.0,,,38.38,0,5,1,1,,,,,,,,,,,,,,,,,,,,,,77762.0,3.9,厦门市统计局,6.0,38.38,+3.22%,3.22,,,,,0,,,0,,,,,,,,,,商场样本/点评为商圈聚合；人口、收入、社零、交通、餐饮、政策多为城市级代理；客流/核心租金仅部分重点商圈有明细。,正向: 商场样本数、收入社零、公共交通客运、餐饮集聚、年轻客群、政策支持；逆向或成本约束: 租金/空置率。
华东区,安徽,合肥,元一时代广场购物中心,商圈/商场聚合,元一时代广场购物中心,胜利路与凤凰路交汇,集购物、餐饮、娱乐休闲与一体的大型综合百货公司。,1,1.0,1.0,0,0,0,,,,,1,14.4592,0.0,,,21.52,0,5,1,1,,,,,,,,,,,,,,,,,,,,,,,,,38.0,21.52,+2.75%,2.75,,,,,0,,,0,,,,,,,,,,商场样本/点评为商圈聚合；人口、收入、社零、交通、餐饮、政策多为城市级代理；客流/核心租金仅部分重点商圈有明细。,正向: 商场样本数、收入社零、公共交通客运、餐饮集聚、年轻客群、政策支持；逆向或成本约束: 租金/空置率。
华东区,安徽,合肥,商之都,商圈/商场聚合,商之都,合肥市宿州路8号,以中高档品牌为主，国内外精品、名品比率达70%以上。,1,1.0,1.0,1,0,0,,,,,1,14.4592,0.0,,,21.52,0,5,1,1,,,,,,,,,,,,,,,,,,,,,,,,,38.0,21.52,+2.75%,2.75,,,,,0,,,0,,,,,,,,,,商场样本/点评为商圈聚合；人口、收入、社零、交通、餐饮、政策多为城市级代理；客流/核心租金仅部分重点商圈有明细。,正向: 商场样本数、收入社零、公共交通客运、餐饮集聚、年轻客群、政策支持；逆向或成本约束: 租金/空置率。
华东区,安徽,合肥,新都会·环球广场,商圈/商场聚合,新都会·环球广场,合肥市马鞍山南路100号,合肥首个国际化现代购物中心，集购物、餐饮、娱乐休闲与一体的大型综合百货公司。,1,1.0,1.0,0,0,0,,,,,1,14.4592,0.0,,,21.52,0,5,1,1,,,,,,,,,,,,,,,,,,,,,,,,,38.0,21.52,+2.75%,2.75,,,,,0,,,0,,,,,,,,,,商场样本/点评为商圈聚合；人口、收入、社零、交通、餐饮、政策多为城市级代理；客流/核心租金仅部分重点商圈有明细。,正向: 商场样本数、收入社零、公共交通客运、餐饮集聚、年轻客群、政策支持；逆向或成本约束: 租金/空置率。
华东区,安徽,合肥,百货大楼,商圈/商场聚合,百货大楼,合肥市宿州路96号,位于中国合肥最繁华的商业文明示范街――长江中路中心地段，3楼南区为女装！,1,1.0,1.0,0,0,0,,,,,1,14.4592,0.0,,,21.52,0,5,1,1,,,,,,,,,,,,,,,,,,,,,,,,,38.0,21.52,+2.75%,2.75,,,,,0,,,0,,,,,,,,,,商场样本/点评为商圈聚合；人口、收入、社零、交通、餐饮、政策多为城市级代理；客流/核心租金仅部分重点商圈有明细。,正向: 商场样本数、收入社零、公共交通客运、餐饮集聚、年轻客群、政策支持；逆向或成本约束: 租金/空置率。
华东区,安徽,合肥,鼓楼商厦,商圈/商场聚合,鼓楼商厦,合肥市宿州路96号,集购物、休闲、观光、娱乐等功能于一体，是安徽省经营规模最大的综合性现代化百货商场之一。,1,1.0,1.0,0,0,0,,,,,1,14.4592,0.0,,,21.52,0,5,1,1,,,,,,,,,,,,,,,,,,,,,,,,,38.0,21.52,+2.75%,2.75,,,,,0,,,0,,,,,,,,,,商场样本/点评为商圈聚合；人口、收入、社零、交通、餐饮、政策多为城市级代理；客流/核心租金仅部分重点商圈有明细。,正向: 商场样本数、收入社零、公共交通客运、餐饮集聚、年轻客群、政策支持；逆向或成本约束: 租金/空置率。
东北区,吉林,吉林,东方商厦,商圈/商场聚合,东方商厦,吉林市市区河南街251号,吉林市最大的现代化综合性百货零售企业。,1,1.0,1.0,0,0,0,,,,,1,9.8856,56.21,89.0,,,0,5,1,1,2317.0,4232.1,306.0,42.1,,89.0,3.8,103191.0,27043.0,66950.0,65.78,34.22,4.17,9.02,-4.85,2.23,18265.43,181.7,44.54,11.67,28.9,,,,,,,,,,,,0,,,0,,,,,,,,,,商场样本/点评为商圈聚合；人口、收入、社零、交通、餐饮、政策多为城市级代理；客流/核心租金仅部分重点商圈有明细。,正向: 商场样本数、收入社零、公共交通客运、餐饮集聚、年轻客群、政策支持；逆向或成本约束: 租金/空置率。
东北区,吉林,吉林,商业大厦,商圈/商场聚合,商业大厦,吉林市市区河南街120号,综合性购物商场·,1,1.0,1.0,0,0,0,,,,,1,9.8856,56.21,89.0,,,0,5,1,1,2317.0,4232.1,306.0,42.1,,89.0,3.8,103191.0,27043.0,66950.0,65.78,34.22,4.17,9.02,-4.85,2.23,18265.43,181.7,44.54,11.67,28.9,,,,,,,,,,,,0,,,0,,,,,,,,,,商场样本/点评为商圈聚合；人口、收入、社零、交通、餐饮、政策多为城市级代理；客流/核心租金仅部分重点商圈有明细。,正向: 商场样本数、收入社零、公共交通客运、餐饮集聚、年轻客群、政策支持；逆向或成本约束: 租金/空置率。
东北区,吉林,吉林,国贸购物中心,商圈/商场聚合,国贸购物中心,吉林市市区重庆街1188号,综合性购物商场·,1,1.0,1.0,0,0,0,,,,,1,9.8856,56.21,89.0,,,0,5,1,1,2317.0,4232.1,306.0,42.1,,89.0,3.8,103191.0,27043.0,66950.0,65.78,34.22,4.17,9.02,-4.85,2.23,18265.43,181.7,44.54,11.67,28.9,,,,,,,,,,,,0,,,0,,,,,,,,,,商场样本/点评为商圈聚合；人口、收入、社零、交通、餐饮、政策多为城市级代理；客流/核心租金仅部分重点商圈有明细。,正向: 商场样本数、收入社零、公共交通客运、餐饮集聚、年轻客群、政策支持；逆向或成本约束: 租金/空置率。
东北区,吉林,吉林,百货大楼,商圈/商场聚合,百货大楼,吉林市市区重庆街103号,百货零售商店!,1,1.0,1.0,0,0,0,,,,,1,9.8856,56.21,89.0,,,0,5,1,1,2317.0,4232.1,306.0,42.1,,89.0,3.8,103191.0,27043.0,66950.0,65.78,34.22,4.17,9.02,-4.85,2.23,18265.43,181.7,44.54,11.67,28.9,,,,,,,,,,,,0,,,0,,,,,,,,,,商场样本/点评为商圈聚合；人口、收入、社零、交通、餐饮、政策多为城市级代理；客流/核心租金仅部分重点商圈有明细。,正向: 商场样本数、收入社零、公共交通客运、餐饮集聚、年轻客群、政策支持；逆向或成本约束: 租金/空置率。
西北区,内蒙古,呼和浩特,华联商厦,商圈/商场聚合,华联商厦,,,1,0.0,0.0,0,0,0,,,,,1,14.4592,0.0,,,19.05,0,5,0,0,,,,,,,,,,,,,,,,,,,,,,,,,41.0,19.05,-7.54%,-7.54,,,,,0,,,0,,,,,,,,,,商场样本/点评为商圈聚合；人口、收入、社零、交通、餐饮、政策多为城市级代理；客流/核心租金仅部分重点商圈有明细。,正向: 商场样本数、收入社零、公共交通客运、餐饮集聚、年轻客群、政策支持；逆向或成本约束: 租金/空置率。
华北区,内蒙古,呼和浩特,华联商场,商圈/商场聚合,华联商场,呼和浩特市巴尔虎西路,综合性购物商场！,1,1.0,1.0,0,0,0,,,,,1,14.4592,0.0,,,19.05,0,5,1,1,,,,,,,,,,,,,,,,,,,,,,,,,41.0,19.05,-7.54%,-7.54,,,,,0,,,0,,,,,,,,,,商场样本/点评为商圈聚合；人口、收入、社零、交通、餐饮、政策多为城市级代理；客流/核心租金仅部分重点商圈有明细。,正向: 商场样本数、收入社零、公共交通客运、餐饮集聚、年轻客群、政策支持；逆向或成本约束: 租金/空置率。
华北区；西北区,内蒙古,呼和浩特,天元百货,商圈/商场聚合,天元百货,呼和浩特市市区中山西路90号,大型购物商场！,1,0.5,0.5,0,0,0,,,,,1,14.4592,0.0,,,19.05,0,5,1,1,,,,,,,,,,,,,,,,,,,,,,,,,41.0,19.05,-7.54%,-7.54,,,,,0,,,0,,,,,,,,,,商场样本/点评为商圈聚合；人口、收入、社零、交通、餐饮、政策多为城市级代理；客流/核心租金仅部分重点商圈有明细。,正向: 商场样本数、收入社零、公共交通客运、餐饮集聚、年轻客群、政策支持；逆向或成本约束: 租金/空置率。
西北区,内蒙古,呼和浩特,新世界百货,商圈/商场聚合,新世界百货,,,1,0.0,0.0,0,0,0,,,,,1,14.4592,0.0,,,19.05,0,5,0,0,,,,,,,,,,,,,,,,,,,,,,,,,41.0,19.05,-7.54%,-7.54,,,,,0,,,0,,,,,,,,,,商场样本/点评为商圈聚合；人口、收入、社零、交通、餐饮、政策多为城市级代理；客流/核心租金仅部分重点商圈有明细。,正向: 商场样本数、收入社零、公共交通客运、餐饮集聚、年轻客群、政策支持；逆向或成本约束: 租金/空置率。
华北区；西北区,内蒙古,呼和浩特,民族商场,商圈/商场聚合,民族商场,,,1,0.0,0.0,0,0,0,,,,,1,14.4592,0.0,,,19.05,0,5,0,0,,,,,,,,,,,,,,,,,,,,,,,,,41.0,19.05,-7.54%,-7.54,,,,,0,,,0,,,,,,,,,,商场样本/点评为商圈聚合；人口、收入、社零、交通、餐饮、政策多为城市级代理；客流/核心租金仅部分重点商圈有明细。,正向: 商场样本数、收入社零、公共交通客运、餐饮集聚、年轻客群、政策支持；逆向或成本约束: 租金/空置率。
西北区,内蒙古,呼和浩特,海拉尔友谊,商圈/商场聚合,海拉尔友谊,,,1,0.0,0.0,0,0,0,,,,,1,14.4592,0.0,,,19.05,0,5,0,0,,,,,,,,,,,,,,,,,,,,,,,,,41.0,19.05,-7.54%,-7.54,,,,,0,,,0,,,,,,,,,,商场样本/点评为商圈聚合；人口、收入、社零、交通、餐饮、政策多为城市级代理；客流/核心租金仅部分重点商圈有明细。,正向: 商场样本数、收入社零、公共交通客运、餐饮集聚、年轻客群、政策支持；逆向或成本约束: 租金/空置率。
华北区,内蒙古,呼和浩特,百盛购物中心,商圈/商场聚合,百盛购物中心,呼和浩特市市区中山西路86号,中高档综合性商场！,1,1.0,1.0,1,0,0,,,,,1,14.4592,0.0,,,19.05,0,5,1,1,,,,,,,,,,,,,,,,,,,,,,,,,41.0,19.05,-7.54%,-7.54,,,,,0,,,0,,,,,,,,,,商场样本/点评为商圈聚合；人口、收入、社零、交通、餐饮、政策多为城市级代理；客流/核心租金仅部分重点商圈有明细。,正向: 商场样本数、收入社零、公共交通客运、餐饮集聚、年轻客群、政策支持；逆向或成本约束: 租金/空置率。
华北区；西北区,内蒙古,呼和浩特,维多利广场,商圈/商场聚合,维多利广场,中山西路；虞姐,综合购物广场！,1,1.0,0.5,0,0,0,,,,,1,14.4592,0.0,,,19.05,0,5,1,1,,,,,,,,,,,,,,,,,,,,,,,,,41.0,19.05,-7.54%,-7.54,,,,,0,,,0,,,,,,,,,,商场样本/点评为商圈聚合；人口、收入、社零、交通、餐饮、政策多为城市级代理；客流/核心租金仅部分重点商圈有明细。,正向: 商场样本数、收入社零、公共交通客运、餐饮集聚、年轻客群、政策支持；逆向或成本约束: 租金/空置率。
西北区,内蒙古,呼和浩特,荣资大厦,商圈/商场聚合,荣资大厦,,,1,0.0,0.0,0,0,0,,,,,1,14.4592,0.0,,,19.05,0,5,0,0,,,,,,,,,,,,,,,,,,,,,,,,,41.0,19.05,-7.54%,-7.54,,,,,0,,,0,,,,,,,,,,商场样本/点评为商圈聚合；人口、收入、社零、交通、餐饮、政策多为城市级代理；客流/核心租金仅部分重点商圈有明细。,正向: 商场样本数、收入社零、公共交通客运、餐饮集聚、年轻客群、政策支持；逆向或成本约束: 租金/空置率。
西北区,内蒙古,呼和浩特,首府商厦,商圈/商场聚合,首府商厦,,,1,0.0,0.0,0,0,0,,,,,1,14.4592,0.0,,,19.05,0,5,0,0,,,,,,,,,,,,,,,,,,,,,,,,,41.0,19.05,-7.54%,-7.54,,,,,0,,,0,,,,,,,,,,商场样本/点评为商圈聚合；人口、收入、社零、交通、餐饮、政策多为城市级代理；客流/核心租金仅部分重点商圈有明细。,正向: 商场样本数、收入社零、公共交通客运、餐饮集聚、年轻客群、政策支持；逆向或成本约束: 租金/空置率。
华北区,内蒙古,呼和浩特,首府商场,商圈/商场聚合,首府商场,中山西路与锡林北路交叉口,综合性购物商场！,1,1.0,1.0,0,0,0,,,,,1,14.4592,0.0,,,19.05,0,5,1,1,,,,,,,,,,,,,,,,,,,,,,,,,41.0,19.05,-7.54%,-7.54,,,,,0,,,0,,,,,,,,,,商场样本/点评为商圈聚合；人口、收入、社零、交通、餐饮、政策多为城市级代理；客流/核心租金仅部分重点商圈有明细。,正向: 商场样本数、收入社零、公共交通客运、餐饮集聚、年轻客群、政策支持；逆向或成本约束: 租金/空置率。
东北区,黑龙江,哈尔滨,中央商城,商圈/商场聚合,中央商城,哈尔滨中央大街100号；道里区中央大街100号,集购物、娱乐、休闲、旅游为一体的大型现代化国有商业企业！；集购物、娱乐、休闲、旅游为一体的大型现代化商业企业。,2,1.0,1.0,0,0,0,,,,,2,14.4592,0.0,,,32.65,0,5,2,2,,,,,,,,,,,,,,,,,,,,,,,,,9.0,32.65,+3.12%,3.12,,,,,0,,,0,,,,,,,,,,商场样本/点评为商圈聚合；人口、收入、社零、交通、餐饮、政策多为城市级代理；客流/核心租金仅部分重点商圈有明细。,正向: 商场样本数、收入社零、公共交通客运、餐饮集聚、年轻客群、政策支持；逆向或成本约束: 租金/空置率。
东北区,黑龙江,哈尔滨,哈尔滨松雷商厦,商圈/商场聚合,哈尔滨松雷商厦,道里店国际商厦-道里区中央大街62号,松雷国际商厦确定了以中高档商品为市场定位，同时实施名牌战略松雷国际商厦以经营时装为主。,1,1.0,1.0,1,0,0,,,,,1,14.4592,0.0,,,32.65,0,5,1,1,,,,,,,,,,,,,,,,,,,,,,,,,9.0,32.65,+3.12%,3.12,,,,,0,,,0,,,,,,,,,,商场样本/点评为商圈聚合；人口、收入、社零、交通、餐饮、政策多为城市级代理；客流/核心租金仅部分重点商圈有明细。,正向: 商场样本数、收入社零、公共交通客运、餐饮集聚、年轻客群、政策支持；逆向或成本约束: 租金/空置率。
东北区,黑龙江,哈尔滨,新世界百货商场,商圈/商场聚合,新世界百货商场,南岗区花园街403号,综合性购物商场·,1,1.0,1.0,0,0,0,,,,,1,14.4592,0.0,,,32.65,0,5,1,1,,,,,,,,,,,,,,,,,,,,,,,,,9.0,32.65,+3.12%,3.12,,,,,0,,,0,,,,,,,,,,商场样本/点评为商圈聚合；人口、收入、社零、交通、餐饮、政策多为城市级代理；客流/核心租金仅部分重点商圈有明细。,正向: 商场样本数、收入社零、公共交通客运、餐饮集聚、年轻客群、政策支持；逆向或成本约束: 租金/空置率。
东北区,黑龙江,哈尔滨,百盛购物中心,商圈/商场聚合,百盛购物中心,道里区中央大街220号,定位于大众流行，面向中层消费群体·,1,1.0,1.0,0,1,0,,,,,1,14.4592,0.0,,,32.65,0,5,1,1,,,,,,,,,,,,,,,,,,,,,,,,,9.0,32.65,+3.12%,3.12,,,,,0,,,0,,,,,,,,,,商场样本/点评为商圈聚合；人口、收入、社零、交通、餐饮、政策多为城市级代理；客流/核心租金仅部分重点商圈有明细。,正向: 商场样本数、收入社零、公共交通客运、餐饮集聚、年轻客群、政策支持；逆向或成本约束: 租金/空置率。
东北区,黑龙江,哈尔滨,秋林集团,商圈/商场聚合,秋林集团,哈尔滨南岗区东大街319号,老楼定位成熟客户群，以中高档品牌为主，新楼定位于大众流行，面向中层消费群体·,1,1.0,1.0,1,1,0,,,,,1,14.4592,0.0,,,32.65,0,5,1,1,,,,,,,,,,,,,,,,,,,,,,,,,9.0,32.65,+3.12%,3.12,,,,,0,,,0,,,,,,,,,,商场样本/点评为商圈聚合；人口、收入、社零、交通、餐饮、政策多为城市级代理；客流/核心租金仅部分重点商圈有明细。,正向: 商场样本数、收入社零、公共交通客运、餐饮集聚、年轻客群、政策支持；逆向或成本约束: 租金/空置率。
东北区,黑龙江,哈尔滨,第一百货,商圈/商场聚合,第一百货,道里区石头道街118号,综合性购物商场·,1,1.0,1.0,0,0,0,,,,,1,14.4592,0.0,,,32.65,0,5,1,1,,,,,,,,,,,,,,,,,,,,,,,,,9.0,32.65,+3.12%,3.12,,,,,0,,,0,,,,,,,,,,商场样本/点评为商圈聚合；人口、收入、社零、交通、餐饮、政策多为城市级代理；客流/核心租金仅部分重点商圈有明细。,正向: 商场样本数、收入社零、公共交通客运、餐饮集聚、年轻客群、政策支持；逆向或成本约束: 租金/空置率。
东北区,黑龙江,哈尔滨,远大百货,商圈/商场聚合,远大百货,哈尔滨市南岗区果戈里大街378号,"融购物、休闲、娱乐、餐饮为一体,是目前黑龙江省最大的多元组合现代化购物中心。",1,1.0,1.0,0,0,0,,,,,1,14.4592,0.0,,,32.65,0,5,1,1,,,,,,,,,,,,,,,,,,,,,,,,,9.0,32.65,+3.12%,3.12,,,,,0,,,0,,,,,,,,,,商场样本/点评为商圈聚合；人口、收入、社零、交通、餐饮、政策多为城市级代理；客流/核心租金仅部分重点商圈有明细。,正向: 商场样本数、收入社零、公共交通客运、餐饮集聚、年轻客群、政策支持；逆向或成本约束: 租金/空置率。
东北区,辽宁,大连,伊都锦,商圈/商场聚合,伊都锦,大连中山区友好街11号,"以经营服装、鞋、包、首饰、居室用品、美容、休闲吧等的特定领域为中心的大型时装商厦,其中1层至5层的服装楼层推出三十余个来自法国、意大利、西班牙、日本等国的著名时装设计师的独创品牌，为地方追求时尚的人们提供世界服饰最新信息！",1,1.0,1.0,0,0,0,,,,,1,14.4592,0.0,,,30.61,0,5,1,1,,,,,,,,,,,,,,,,,,,,,,,,,13.0,30.61,-4.27%,-4.27,,,,,0,,,0,,,,,,,,,,商场样本/点评为商圈聚合；人口、收入、社零、交通、餐饮、政策多为城市级代理；客流/核心租金仅部分重点商圈有明细。,正向: 商场样本数、收入社零、公共交通客运、餐饮集聚、年轻客群、政策支持；逆向或成本约束: 租金/空置率。
东北区,辽宁,大连,大连友谊商城,商圈/商场聚合,大连友谊商城,大连市人民路6-8号,是一座大型、高档、现代化的综合性商厦。,1,1.0,1.0,1,0,0,,,,,1,14.4592,0.0,,,30.61,0,5,1,1,,,,,,,,,,,,,,,,,,,,,,,,,13.0,30.61,-4.27%,-4.27,,,,,0,,,0,,,,,,,,,,商场样本/点评为商圈聚合；人口、收入、社零、交通、餐饮、政策多为城市级代理；客流/核心租金仅部分重点商圈有明细。,正向: 商场样本数、收入社零、公共交通客运、餐饮集聚、年轻客群、政策支持；逆向或成本约束: 租金/空置率。
东北区,辽宁,大连,大连新玛特,商圈/商场聚合,大连新玛特,大连,集购物、餐饮、健身、体闲、娱乐、商住为一体，采用现代shop- ping mall经营理念的超大型购物中心。,1,1.0,1.0,0,0,0,,,,,1,14.4592,0.0,,,30.61,0,5,1,1,,,,,,,,,,,,,,,,,,,,,,,,,13.0,30.61,-4.27%,-4.27,,,,,0,,,0,,,,,,,,,,商场样本/点评为商圈聚合；人口、收入、社零、交通、餐饮、政策多为城市级代理；客流/核心租金仅部分重点商圈有明细。,正向: 商场样本数、收入社零、公共交通客运、餐饮集聚、年轻客群、政策支持；逆向或成本约束: 租金/空置率。
东北区,辽宁,大连,大连连洋百货,商圈/商场聚合,大连连洋百货,大连市中山区解放路19号,以经营中高档品牌化妆品、服装家用、靴鞋箱包、家电健身器材等商品为主。,1,1.0,1.0,1,0,0,,,,,1,14.4592,0.0,,,30.61,0,5,1,1,,,,,,,,,,,,,,,,,,,,,,,,,13.0,30.61,-4.27%,-4.27,,,,,0,,,0,,,,,,,,,,商场样本/点评为商圈聚合；人口、收入、社零、交通、餐饮、政策多为城市级代理；客流/核心租金仅部分重点商圈有明细。,正向: 商场样本数、收入社零、公共交通客运、餐饮集聚、年轻客群、政策支持；逆向或成本约束: 租金/空置率。
东北区,辽宁,大连,天百大楼,商圈/商场聚合,天百大楼,大连市天津街160号,中高低档综合性商场！,1,1.0,1.0,1,0,0,,,,,1,14.4592,0.0,,,30.61,0,5,1,1,,,,,,,,,,,,,,,,,,,,,,,,,13.0,30.61,-4.27%,-4.27,,,,,0,,,0,,,,,,,,,,商场样本/点评为商圈聚合；人口、收入、社零、交通、餐饮、政策多为城市级代理；客流/核心租金仅部分重点商圈有明细。,正向: 商场样本数、收入社零、公共交通客运、餐饮集聚、年轻客群、政策支持；逆向或成本约束: 租金/空置率。
东北区,辽宁,大连,新世界百货,商圈/商场聚合,新世界百货,中山区天津街200号,综合性购物商场！,1,1.0,1.0,0,0,0,,,,,1,14.4592,0.0,,,30.61,0,5,1,1,,,,,,,,,,,,,,,,,,,,,,,,,13.0,30.61,-4.27%,-4.27,,,,,0,,,0,,,,,,,,,,商场样本/点评为商圈聚合；人口、收入、社零、交通、餐饮、政策多为城市级代理；客流/核心租金仅部分重点商圈有明细。,正向: 商场样本数、收入社零、公共交通客运、餐饮集聚、年轻客群、政策支持；逆向或成本约束: 租金/空置率。
东北区,辽宁,大连,百年城购物广场,商圈/商场聚合,百年城购物广场,,,1,0.0,0.0,0,0,0,,,,,1,14.4592,0.0,,,30.61,0,5,0,0,,,,,,,,,,,,,,,,,,,,,,,,,13.0,30.61,-4.27%,-4.27,,,,,0,,,0,,,,,,,,,,商场样本/点评为商圈聚合；人口、收入、社零、交通、餐饮、政策多为城市级代理；客流/核心租金仅部分重点商圈有明细。,正向: 商场样本数、收入社零、公共交通客运、餐饮集聚、年轻客群、政策支持；逆向或成本约束: 租金/空置率。
东北区,辽宁,大连,迈凯乐大连商场,商圈/商场聚合,迈凯乐大连商场,大连,中外合资大型零售企业,1,1.0,1.0,0,0,0,,,,,1,14.4592,0.0,,,30.61,0,5,1,1,,,,,,,,,,,,,,,,,,,,,,,,,13.0,30.61,-4.27%,-4.27,,,,,0,,,0,,,,,,,,,,商场样本/点评为商圈聚合；人口、收入、社零、交通、餐饮、政策多为城市级代理；客流/核心租金仅部分重点商圈有明细。,正向: 商场样本数、收入社零、公共交通客运、餐饮集聚、年轻客群、政策支持；逆向或成本约束: 租金/空置率。
华北区,山西,太原,五一商厦,商圈/商场聚合,五一商厦,火车站附近,以中高档商品为主。,1,1.0,1.0,1,0,0,,,,,1,14.4592,0.0,,,21.82,0,5,1,1,,,,,,,,,,,,,,,,,,,,,,,,,35.0,21.82,-2.89%,-2.89,,,,,0,,,0,,,,,,,,,,商场样本/点评为商圈聚合；人口、收入、社零、交通、餐饮、政策多为城市级代理；客流/核心租金仅部分重点商圈有明细。,正向: 商场样本数、收入社零、公共交通客运、餐饮集聚、年轻客群、政策支持；逆向或成本约束: 租金/空置率。
华北区,山西,太原,五一大楼,商圈/商场聚合,五一大楼,位于五一广场,服饰以中挡商品为主。,1,1.0,1.0,0,0,0,,,,,1,14.4592,0.0,,,21.82,0,5,1,1,,,,,,,,,,,,,,,,,,,,,,,,,35.0,21.82,-2.89%,-2.89,,,,,0,,,0,,,,,,,,,,商场样本/点评为商圈聚合；人口、收入、社零、交通、餐饮、政策多为城市级代理；客流/核心租金仅部分重点商圈有明细。,正向: 商场样本数、收入社零、公共交通客运、餐饮集聚、年轻客群、政策支持；逆向或成本约束: 租金/空置率。
华北区,山西,太原,华宇购物中心,商圈/商场聚合,华宇购物中心,解放路与开化寺街交叉口,集购物、餐饮、娱乐为一体的综合商场。,1,1.0,1.0,0,0,0,,,,,1,14.4592,0.0,,,21.82,0,5,1,1,,,,,,,,,,,,,,,,,,,,,,,,,35.0,21.82,-2.89%,-2.89,,,,,0,,,0,,,,,,,,,,商场样本/点评为商圈聚合；人口、收入、社零、交通、餐饮、政策多为城市级代理；客流/核心租金仅部分重点商圈有明细。,正向: 商场样本数、收入社零、公共交通客运、餐饮集聚、年轻客群、政策支持；逆向或成本约束: 租金/空置率。
华北区,山西,太原,太原解放百货大楼,商圈/商场聚合,太原解放百货大楼,太原市解放路312号,工薪阶层消费，中老年装居多！,1,1.0,1.0,0,1,0,,,,,1,14.4592,0.0,,,21.82,0,5,1,1,,,,,,,,,,,,,,,,,,,,,,,,,35.0,21.82,-2.89%,-2.89,,,,,0,,,0,,,,,,,,,,商场样本/点评为商圈聚合；人口、收入、社零、交通、餐饮、政策多为城市级代理；客流/核心租金仅部分重点商圈有明细。,正向: 商场样本数、收入社零、公共交通客运、餐饮集聚、年轻客群、政策支持；逆向或成本约束: 租金/空置率。
华北区,山西,太原,柳南夜市一条街,商圈/商场聚合,天美名店,太原市市区水西关街,以奢侈品和精品居多！,1,1.0,1.0,1,0,1,,,,,1,14.4592,0.0,,,21.82,0,5,1,1,,,,,,,,,,,,,,,,,,,,,,,,,35.0,21.82,-2.89%,-2.89,,,,,0,,,0,,,,,,,,,,商场样本/点评为商圈聚合；人口、收入、社零、交通、餐饮、政策多为城市级代理；客流/核心租金仅部分重点商圈有明细。,正向: 商场样本数、收入社零、公共交通客运、餐饮集聚、年轻客群、政策支持；逆向或成本约束: 租金/空置率。
华北区,山西,太原,柳巷商品街,商圈/商场聚合,太原梅园百盛,太原市市区亲贤北街189号,太原市南部地区唯一集超市、百货零售、家具销售、快餐业和金融业于一体的综合性商厦！,1,1.0,1.0,0,0,1,,,,,1,14.4592,0.0,,,21.82,0,5,1,1,,,,,,,,,,,,,,,,,,,,,,,,,35.0,21.82,-2.89%,-2.89,,,,,0,,,0,,,,,,,,,,商场样本/点评为商圈聚合；人口、收入、社零、交通、餐饮、政策多为城市级代理；客流/核心租金仅部分重点商圈有明细。,正向: 商场样本数、收入社零、公共交通客运、餐饮集聚、年轻客群、政策支持；逆向或成本约束: 租金/空置率。
华北区,山西,太原,钟楼街,商圈/商场聚合,贵都商厦,太原市柳巷商业区,"定位中、高档,以服装、服饰等百货精品为经营主导。",1,1.0,1.0,1,0,1,,,,,1,14.4592,0.0,,,21.82,0,5,1,1,,,,,,,,,,,,,,,,,,,,,,,,,35.0,21.82,-2.89%,-2.89,,,,,0,,,0,,,,,,,,,,商场样本/点评为商圈聚合；人口、收入、社零、交通、餐饮、政策多为城市级代理；客流/核心租金仅部分重点商圈有明细。,正向: 商场样本数、收入社零、公共交通客运、餐饮集聚、年轻客群、政策支持；逆向或成本约束: 租金/空置率。
华东区,江苏,无锡,崇安寺步行街,商圈/商场聚合,大洋百货,,,1,0.0,0.0,0,0,1,,,,,1,14.4592,0.0,,,20.15,0,5,0,0,,,,,,,,,,,,,,,,,,,,,,,,,40.0,20.15,-0.36%,-0.36,,,,,0,,,0,,,,,,,,,,商场样本/点评为商圈聚合；人口、收入、社零、交通、餐饮、政策多为城市级代理；客流/核心租金仅部分重点商圈有明细。,正向: 商场样本数、收入社零、公共交通客运、餐饮集聚、年轻客群、政策支持；逆向或成本约束: 租金/空置率。
华东区,江苏,无锡,无锡八佰伴,商圈/商场聚合,无锡八佰伴,无锡市中山路168号,无锡八佰伴位于无锡繁华商业街区，地处中山路与学前东路十字交汇处，二、三楼以品牌衣料为主的综合性商场,1,1.0,1.0,0,0,0,,,,,1,14.4592,0.0,,,20.15,0,5,1,1,,,,,,,,,,,,,,,,,,,,,,,,,40.0,20.15,-0.36%,-0.36,,,,,0,,,0,,,,,,,,,,商场样本/点评为商圈聚合；人口、收入、社零、交通、餐饮、政策多为城市级代理；客流/核心租金仅部分重点商圈有明细。,正向: 商场样本数、收入社零、公共交通客运、餐饮集聚、年轻客群、政策支持；逆向或成本约束: 租金/空置率。
华东区,江苏,无锡,无锡商业大厦,商圈/商场聚合,无锡商业大厦,中山路343号,无锡市销售规模最大的百货零售企业，全国百强零售企业之一。,1,1.0,1.0,0,0,0,,,,,1,14.4592,0.0,,,20.15,0,5,1,1,,,,,,,,,,,,,,,,,,,,,,,,,40.0,20.15,-0.36%,-0.36,,,,,0,,,0,,,,,,,,,,商场样本/点评为商圈聚合；人口、收入、社零、交通、餐饮、政策多为城市级代理；客流/核心租金仅部分重点商圈有明细。,正向: 商场样本数、收入社零、公共交通客运、餐饮集聚、年轻客群、政策支持；逆向或成本约束: 租金/空置率。
华东区,江苏,无锡,无锡新世界百货,商圈/商场聚合,无锡新世界百货,无锡市中山路341号,综合性购物商场！,1,1.0,1.0,0,0,0,,,,,1,14.4592,0.0,,,20.15,0,5,1,1,,,,,,,,,,,,,,,,,,,,,,,,,40.0,20.15,-0.36%,-0.36,,,,,0,,,0,,,,,,,,,,商场样本/点评为商圈聚合；人口、收入、社零、交通、餐饮、政策多为城市级代理；客流/核心租金仅部分重点商圈有明细。,正向: 商场样本数、收入社零、公共交通客运、餐饮集聚、年轻客群、政策支持；逆向或成本约束: 租金/空置率。
华东区,江苏,无锡,无锡第一百货,商圈/商场聚合,无锡第一百货,北大街8号,以品牌为主导，以差异创特色，以优势创规模。,1,1.0,1.0,0,0,0,,,,,1,14.4592,0.0,,,20.15,0,5,1,1,,,,,,,,,,,,,,,,,,,,,,,,,40.0,20.15,-0.36%,-0.36,,,,,0,,,0,,,,,,,,,,商场样本/点评为商圈聚合；人口、收入、社零、交通、餐饮、政策多为城市级代理；客流/核心租金仅部分重点商圈有明细。,正向: 商场样本数、收入社零、公共交通客运、餐饮集聚、年轻客群、政策支持；逆向或成本约束: 租金/空置率。
华东区,江苏,无锡,时代百货,商圈/商场聚合,时代百货,无锡市人民南路60号,位于锡城五爱广场旁黄金地段，位居无锡市十大商业企业之列。,1,1.0,1.0,0,0,0,,,,,1,14.4592,0.0,,,20.15,0,5,1,1,,,,,,,,,,,,,,,,,,,,,,,,,40.0,20.15,-0.36%,-0.36,,,,,0,,,0,,,,,,,,,,商场样本/点评为商圈聚合；人口、收入、社零、交通、餐饮、政策多为城市级代理；客流/核心租金仅部分重点商圈有明细。,正向: 商场样本数、收入社零、公共交通客运、餐饮集聚、年轻客群、政策支持；逆向或成本约束: 租金/空置率。
西南区,云南,昆明,东大街步行街,商圈/商场聚合,金星购物商场,市区北京路,综合购物商场！,1,1.0,1.0,0,0,1,,,,,1,14.4592,0.0,,,24.06,0,5,1,1,,,,,,,,,,,,,,,,,,,,,,,,,27.0,24.06,-4.47%,-4.47,,,,,0,,,0,,,,,,,,,,商场样本/点评为商圈聚合；人口、收入、社零、交通、餐饮、政策多为城市级代理；客流/核心租金仅部分重点商圈有明细。,正向: 商场样本数、收入社零、公共交通客运、餐饮集聚、年轻客群、政策支持；逆向或成本约束: 租金/空置率。
西南区,云南,昆明,双龙商场,商圈/商场聚合,双龙商场,,批发加盟,1,0.0,1.0,0,0,0,,,,,1,14.4592,0.0,,,24.06,0,5,0,1,,,,,,,,,,,,,,,,,,,,,,,,,27.0,24.06,-4.47%,-4.47,,,,,0,,,0,,,,,,,,,,商场样本/点评为商圈聚合；人口、收入、社零、交通、餐饮、政策多为城市级代理；客流/核心租金仅部分重点商圈有明细。,正向: 商场样本数、收入社零、公共交通客运、餐饮集聚、年轻客群、政策支持；逆向或成本约束: 租金/空置率。
西南区,云南,昆明,新世界百货,商圈/商场聚合,新世界百货,昆明市五华区青年路432号,综合性购物商场·,1,1.0,1.0,0,0,0,,,,,1,14.4592,0.0,,,24.06,0,5,1,1,,,,,,,,,,,,,,,,,,,,,,,,,27.0,24.06,-4.47%,-4.47,,,,,0,,,0,,,,,,,,,,商场样本/点评为商圈聚合；人口、收入、社零、交通、餐饮、政策多为城市级代理；客流/核心租金仅部分重点商圈有明细。,正向: 商场样本数、收入社零、公共交通客运、餐饮集聚、年轻客群、政策支持；逆向或成本约束: 租金/空置率。
西南区,云南,昆明,柏联百盛,商圈/商场聚合,柏联百盛,昆明市三市街6号,综合性购物商场。,1,1.0,1.0,0,0,0,,,,,1,14.4592,0.0,,,24.06,0,5,1,1,,,,,,,,,,,,,,,,,,,,,,,,,27.0,24.06,-4.47%,-4.47,,,,,0,,,0,,,,,,,,,,商场样本/点评为商圈聚合；人口、收入、社零、交通、餐饮、政策多为城市级代理；客流/核心租金仅部分重点商圈有明细。,正向: 商场样本数、收入社零、公共交通客运、餐饮集聚、年轻客群、政策支持；逆向或成本约束: 租金/空置率。
西南区,云南,昆明,樱花购物中心,商圈/商场聚合,樱花购物中心,东风东路25号,综合性购物商场。,1,1.0,1.0,0,0,0,,,,,1,14.4592,0.0,,,24.06,0,5,1,1,,,,,,,,,,,,,,,,,,,,,,,,,27.0,24.06,-4.47%,-4.47,,,,,0,,,0,,,,,,,,,,商场样本/点评为商圈聚合；人口、收入、社零、交通、餐饮、政策多为城市级代理；客流/核心租金仅部分重点商圈有明细。,正向: 商场样本数、收入社零、公共交通客运、餐饮集聚、年轻客群、政策支持；逆向或成本约束: 租金/空置率。
西南区,云南,昆明,百货大楼,商圈/商场聚合,百货大楼,昆明市东风西路99号,综合性购物商场。,1,1.0,1.0,0,0,0,,,,,1,14.4592,0.0,,,24.06,0,5,1,1,,,,,,,,,,,,,,,,,,,,,,,,,27.0,24.06,-4.47%,-4.47,,,,,0,,,0,,,,,,,,,,商场样本/点评为商圈聚合；人口、收入、社零、交通、餐饮、政策多为城市级代理；客流/核心租金仅部分重点商圈有明细。,正向: 商场样本数、收入社零、公共交通客运、餐饮集聚、年轻客群、政策支持；逆向或成本约束: 租金/空置率。
西南区,云南,昆明,红联百货广场,商圈/商场聚合,红联百货广场,人民西路109号,集购物、餐饮于一体的购物商场！,1,1.0,1.0,0,0,0,,,,,1,14.4592,0.0,,,24.06,0,5,1,1,,,,,,,,,,,,,,,,,,,,,,,,,27.0,24.06,-4.47%,-4.47,,,,,0,,,0,,,,,,,,,,商场样本/点评为商圈聚合；人口、收入、社零、交通、餐饮、政策多为城市级代理；客流/核心租金仅部分重点商圈有明细。,正向: 商场样本数、收入社零、公共交通客运、餐饮集聚、年轻客群、政策支持；逆向或成本约束: 租金/空置率。
西南区,云南,昆明,红联（北市）百货广场,商圈/商场聚合,红联（北市）百货广场,环城北路,综合性购物商场。,1,1.0,1.0,0,0,0,,,,,1,14.4592,0.0,,,24.06,0,5,1,1,,,,,,,,,,,,,,,,,,,,,,,,,27.0,24.06,-4.47%,-4.47,,,,,0,,,0,,,,,,,,,,商场样本/点评为商圈聚合；人口、收入、社零、交通、餐饮、政策多为城市级代理；客流/核心租金仅部分重点商圈有明细。,正向: 商场样本数、收入社零、公共交通客运、餐饮集聚、年轻客群、政策支持；逆向或成本约束: 租金/空置率。
西南区,云南,昆明,美辰百货,商圈/商场聚合,美辰百货,人民中路富春街98号C8楼,综合性购物商场。,1,1.0,1.0,0,0,0,,,,,1,14.4592,0.0,,,24.06,0,5,1,1,,,,,,,,,,,,,,,,,,,,,,,,,27.0,24.06,-4.47%,-4.47,,,,,0,,,0,,,,,,,,,,商场样本/点评为商圈聚合；人口、收入、社零、交通、餐饮、政策多为城市级代理；客流/核心租金仅部分重点商圈有明细。,正向: 商场样本数、收入社零、公共交通客运、餐饮集聚、年轻客群、政策支持；逆向或成本约束: 租金/空置率。
西南区,云南,昆明,金格购物中心,商圈/商场聚合,金格购物中心,北京路和东风路交叉口的东南端,综合性购物商场。,1,1.0,1.0,0,0,0,,,,,1,14.4592,0.0,,,24.06,0,5,1,1,,,,,,,,,,,,,,,,,,,,,,,,,27.0,24.06,-4.47%,-4.47,,,,,0,,,0,,,,,,,,,,商场样本/点评为商圈聚合；人口、收入、社零、交通、餐饮、政策多为城市级代理；客流/核心租金仅部分重点商圈有明细。,正向: 商场样本数、收入社零、公共交通客运、餐饮集聚、年轻客群、政策支持；逆向或成本约束: 租金/空置率。
西南区,云南,昆明,骡马市商业步行街,商圈/商场聚合,金龙百货,北京路和东风路交叉口,主打时尚商品！,1,1.0,1.0,0,0,1,,,,,1,14.4592,0.0,,,24.06,0,5,1,1,,,,,,,,,,,,,,,,,,,,,,,,,27.0,24.06,-4.47%,-4.47,,,,,0,,,0,,,,,,,,,,商场样本/点评为商圈聚合；人口、收入、社零、交通、餐饮、政策多为城市级代理；客流/核心租金仅部分重点商圈有明细。,正向: 商场样本数、收入社零、公共交通客运、餐饮集聚、年轻客群、政策支持；逆向或成本约束: 租金/空置率。
中南区,湖北,武汉,SOGO(崇光百货),商圈/商场聚合,SOGO(崇光百货),,,1,0.0,0.0,0,0,0,,,,,1,13.2701,0.0,,,27.94,1,5,0,0,,,,,,,,,,,,,,,,,,,,,,68700.0,4.1,武汉市统计局,17.0,27.94,+1.53%,1.53,,,,,1,武汉市首店经济政策,待获取,1,,,,,,,,,,商场样本/点评为商圈聚合；人口、收入、社零、交通、餐饮、政策多为城市级代理；客流/核心租金仅部分重点商圈有明细。,正向: 商场样本数、收入社零、公共交通客运、餐饮集聚、年轻客群、政策支持；逆向或成本约束: 租金/空置率。
中南区,湖北,武汉,中南商场,商圈/商场聚合,中南商场,武昌中南路,综合性购物商场！,1,1.0,1.0,0,0,0,,,,,1,13.2701,0.0,,,27.94,1,5,1,1,,,,,,,,,,,,,,,,,,,,,,68700.0,4.1,武汉市统计局,17.0,27.94,+1.53%,1.53,,,,,1,武汉市首店经济政策,待获取,1,,,,,,,,,,商场样本/点评为商圈聚合；人口、收入、社零、交通、餐饮、政策多为城市级代理；客流/核心租金仅部分重点商圈有明细。,正向: 商场样本数、收入社零、公共交通客运、餐饮集聚、年轻客群、政策支持；逆向或成本约束: 租金/空置率。
中南区,湖北,武汉,中商（SHOPPING MALL）,商圈/商场聚合,中商（SHOPPING MALL）,武汉徐东大街18号,集商品购物、餐饮美食、休闲娱乐、服务特展、精神文化五大中心于一体的华中地区最大的购物休闲中心,1,1.0,1.0,0,0,0,,,,,1,13.2701,0.0,,,27.94,1,5,1,1,,,,,,,,,,,,,,,,,,,,,,68700.0,4.1,武汉市统计局,17.0,27.94,+1.53%,1.53,,,,,1,武汉市首店经济政策,待获取,1,,,,,,,,,,商场样本/点评为商圈聚合；人口、收入、社零、交通、餐饮、政策多为城市级代理；客流/核心租金仅部分重点商圈有明细。,正向: 商场样本数、收入社零、公共交通客运、餐饮集聚、年轻客群、政策支持；逆向或成本约束: 租金/空置率。
中南区,湖北,武汉,中百商场,商圈/商场聚合,中百商场,青山区和平大道1542号,"超市和仓储,与民润超市一样操作模式",1,1.0,1.0,0,0,0,,,,,1,13.2701,0.0,,,27.94,1,5,1,1,,,,,,,,,,,,,,,,,,,,,,68700.0,4.1,武汉市统计局,17.0,27.94,+1.53%,1.53,,,,,1,武汉市首店经济政策,待获取,1,,,,,,,,,,商场样本/点评为商圈聚合；人口、收入、社零、交通、餐饮、政策多为城市级代理；客流/核心租金仅部分重点商圈有明细。,正向: 商场样本数、收入社零、公共交通客运、餐饮集聚、年轻客群、政策支持；逆向或成本约束: 租金/空置率。
中南区,湖北,武汉,九通商厦,商圈/商场聚合,九通商厦,武昌区解放路,综合性购物商场！,1,1.0,1.0,0,0,0,,,,,1,13.2701,0.0,,,27.94,1,5,1,1,,,,,,,,,,,,,,,,,,,,,,68700.0,4.1,武汉市统计局,17.0,27.94,+1.53%,1.53,,,,,1,武汉市首店经济政策,待获取,1,,,,,,,,,,商场样本/点评为商圈聚合；人口、收入、社零、交通、餐饮、政策多为城市级代理；客流/核心租金仅部分重点商圈有明细。,正向: 商场样本数、收入社零、公共交通客运、餐饮集聚、年轻客群、政策支持；逆向或成本约束: 租金/空置率。
中南区,湖北,武汉,亚贸广场,商圈/商场聚合,亚贸广场,武昌区武珞路628号,集购物、娱乐、餐饮、商务、休闲于一体的豪华型购物中心。,1,1.0,1.0,0,0,0,,,,,1,13.2701,0.0,,,27.94,1,5,1,1,,,,,,,,,,,,,,,,,,,,,,68700.0,4.1,武汉市统计局,17.0,27.94,+1.53%,1.53,,,,,1,武汉市首店经济政策,待获取,1,,,,,,,,,,商场样本/点评为商圈聚合；人口、收入、社零、交通、餐饮、政策多为城市级代理；客流/核心租金仅部分重点商圈有明细。,正向: 商场样本数、收入社零、公共交通客运、餐饮集聚、年轻客群、政策支持；逆向或成本约束: 租金/空置率。
中南区,湖北,武汉,六渡桥商业区,商圈/商场聚合,世贸广场,汉口解放大道与武胜路交口,"武商“摩尔”商业城的重要组成部分,是大型的商业购物娱乐中心。",1,1.0,1.0,0,0,0,,,,,1,13.2701,0.0,,,27.94,1,5,1,1,,,,,,,,,,,,,,,,,,,,,,68700.0,4.1,武汉市统计局,17.0,27.94,+1.53%,1.53,,,,,1,武汉市首店经济政策,待获取,1,,,,,,,,,,商场样本/点评为商圈聚合；人口、收入、社零、交通、餐饮、政策多为城市级代理；客流/核心租金仅部分重点商圈有明细。,正向: 商场样本数、收入社零、公共交通客运、餐饮集聚、年轻客群、政策支持；逆向或成本约束: 租金/空置率。
中南区,湖北,武汉,商场氛围不是很理想,商圈/商场聚合,世纪中商,武昌区中南路14号,综合性购物商场。,1,1.0,1.0,0,0,0,,,,,1,13.2701,0.0,,,27.94,1,5,1,1,,,,,,,,,,,,,,,,,,,,,,68700.0,4.1,武汉市统计局,17.0,27.94,+1.53%,1.53,,,,,1,武汉市首店经济政策,待获取,1,,,,,,,,,,商场样本/点评为商圈聚合；人口、收入、社零、交通、餐饮、政策多为城市级代理；客流/核心租金仅部分重点商圈有明细。,正向: 商场样本数、收入社零、公共交通客运、餐饮集聚、年轻客群、政策支持；逆向或成本约束: 租金/空置率。
中南区,湖北,武汉,大洋百货,商圈/商场聚合,大洋百货,坐落于繁华的商业老街江汉路(汉口大洋),装修豪华、经营众多知名品牌，是时尚人士购物的理想选择。,1,1.0,1.0,0,0,0,,,,,1,13.2701,0.0,,,27.94,1,5,1,1,,,,,,,,,,,,,,,,,,,,,,68700.0,4.1,武汉市统计局,17.0,27.94,+1.53%,1.53,,,,,1,武汉市首店经济政策,待获取,1,,,,,,,,,,商场样本/点评为商圈聚合；人口、收入、社零、交通、餐饮、政策多为城市级代理；客流/核心租金仅部分重点商圈有明细。,正向: 商场样本数、收入社零、公共交通客运、餐饮集聚、年轻客群、政策支持；逆向或成本约束: 租金/空置率。
中南区,湖北,武汉,新世界时尚广场,商圈/商场聚合,新世界时尚广场,江汉路步行街北段，中心百货对面,综合性购物商场。,1,1.0,1.0,0,0,0,,,,,1,13.2701,0.0,,,27.94,1,5,1,1,,,,,,,,,,,,,,,,,,,,,,68700.0,4.1,武汉市统计局,17.0,27.94,+1.53%,1.53,,,,,1,武汉市首店经济政策,待获取,1,,,,,,,,,,商场样本/点评为商圈聚合；人口、收入、社零、交通、餐饮、政策多为城市级代理；客流/核心租金仅部分重点商圈有明细。,正向: 商场样本数、收入社零、公共交通客运、餐饮集聚、年轻客群、政策支持；逆向或成本约束: 租金/空置率。
中南区,湖北,武汉,新世界百货 － 桥口店,商圈/商场聚合,新世界百货 － 桥口店,漢口解放大道632號,综合性购物商场。,1,1.0,1.0,0,0,0,,,,,1,13.2701,0.0,,,27.94,1,5,1,1,,,,,,,,,,,,,,,,,,,,,,68700.0,4.1,武汉市统计局,17.0,27.94,+1.53%,1.53,,,,,1,武汉市首店经济政策,待获取,1,,,,,,,,,,商场样本/点评为商圈聚合；人口、收入、社零、交通、餐饮、政策多为城市级代理；客流/核心租金仅部分重点商圈有明细。,正向: 商场样本数、收入社零、公共交通客运、餐饮集聚、年轻客群、政策支持；逆向或成本约束: 租金/空置率。
中南区,湖北,武汉,新世界百货商场,商圈/商场聚合,新世界百货商场,武汉市汉口建设大道566号,综合性购物商场。,1,1.0,1.0,0,0,0,,,,,1,13.2701,0.0,,,27.94,1,5,1,1,,,,,,,,,,,,,,,,,,,,,,68700.0,4.1,武汉市统计局,17.0,27.94,+1.53%,1.53,,,,,1,武汉市首店经济政策,待获取,1,,,,,,,,,,商场样本/点评为商圈聚合；人口、收入、社零、交通、餐饮、政策多为城市级代理；客流/核心租金仅部分重点商圈有明细。,正向: 商场样本数、收入社零、公共交通客运、餐饮集聚、年轻客群、政策支持；逆向或成本约束: 租金/空置率。
中南区,湖北,武汉,新世界百货－武昌店,商圈/商场聚合,新世界百货－武昌店,武汉市洪山区珞瑜路1号,综合性购物商场。,1,1.0,1.0,0,0,0,,,,,1,13.2701,0.0,,,27.94,1,5,1,1,,,,,,,,,,,,,,,,,,,,,,68700.0,4.1,武汉市统计局,17.0,27.94,+1.53%,1.53,,,,,1,武汉市首店经济政策,待获取,1,,,,,,,,,,商场样本/点评为商圈聚合；人口、收入、社零、交通、餐饮、政策多为城市级代理；客流/核心租金仅部分重点商圈有明细。,正向: 商场样本数、收入社零、公共交通客运、餐饮集聚、年轻客群、政策支持；逆向或成本约束: 租金/空置率。
中南区,湖北,武汉,武汉国际广场,商圈/商场聚合,武汉国际广场,解放大道黄金商圈,集购物、娱乐、餐饮、商务、休闲于一体的豪华型购物中心。,1,1.0,1.0,0,0,0,,,,,1,13.2701,0.0,,,27.94,1,5,1,1,,,,,,,,,,,,,,,,,,,,,,68700.0,4.1,武汉市统计局,17.0,27.94,+1.53%,1.53,,,,,1,武汉市首店经济政策,待获取,1,,,,,,,,,,商场样本/点评为商圈聚合；人口、收入、社零、交通、餐饮、政策多为城市级代理；客流/核心租金仅部分重点商圈有明细。,正向: 商场样本数、收入社零、公共交通客运、餐饮集聚、年轻客群、政策支持；逆向或成本约束: 租金/空置率。
中南区,湖北,武汉,武汉广场,商圈/商场聚合,武汉广场,武汉市解放大道688号,华中地区集购物、娱乐、餐饮、商务、休闲、文化于一体的豪华型购物中心。,1,1.0,1.0,0,0,0,,,,,1,13.2701,0.0,,,27.94,1,5,1,1,,,,,,,,,,,,,,,,,,,,,,68700.0,4.1,武汉市统计局,17.0,27.94,+1.53%,1.53,,,,,1,武汉市首店经济政策,待获取,1,,,,,,,,,,商场样本/点评为商圈聚合；人口、收入、社零、交通、餐饮、政策多为城市级代理；客流/核心租金仅部分重点商圈有明细。,正向: 商场样本数、收入社零、公共交通客运、餐饮集聚、年轻客群、政策支持；逆向或成本约束: 租金/空置率。
中南区,湖北,武汉,汉阳商场,商圈/商场聚合,汉阳商场,汉阳区汉阳大道139号,综合性购物商场！,1,1.0,1.0,0,0,0,,,,,1,13.2701,0.0,,,27.94,1,5,1,1,,,,,,,,,,,,,,,,,,,,,,68700.0,4.1,武汉市统计局,17.0,27.94,+1.53%,1.53,,,,,1,武汉市首店经济政策,待获取,1,,,,,,,,,,商场样本/点评为商圈聚合；人口、收入、社零、交通、餐饮、政策多为城市级代理；客流/核心租金仅部分重点商圈有明细。,正向: 商场样本数、收入社零、公共交通客运、餐饮集聚、年轻客群、政策支持；逆向或成本约束: 租金/空置率。
中南区,湖北,武汉,汉阳铜锣湾,商圈/商场聚合,汉阳铜锣湾,汉阳区汉阳鹦鹉大道128号,一半作为大型百货，一半开发成为洗浴中心、百老汇影城等配套功能店,1,1.0,1.0,0,0,0,,,,,1,13.2701,0.0,,,27.94,1,5,1,1,,,,,,,,,,,,,,,,,,,,,,68700.0,4.1,武汉市统计局,17.0,27.94,+1.53%,1.53,,,,,1,武汉市首店经济政策,待获取,1,,,,,,,,,,商场样本/点评为商圈聚合；人口、收入、社零、交通、餐饮、政策多为城市级代理；客流/核心租金仅部分重点商圈有明细。,正向: 商场样本数、收入社零、公共交通客运、餐饮集聚、年轻客群、政策支持；逆向或成本约束: 租金/空置率。
中南区,湖北,武汉,江汉路商业一条街,商圈/商场聚合,武汉王府井,中山大道江汉路,"武汉王府井百货是集商场、购物、休闲、娱乐等为一体的大型购物中心,是武汉市目前最大的商业零售企业之一。",1,1.0,1.0,0,0,1,,,,,1,13.2701,0.0,,,27.94,1,5,1,1,,,,,,,,,,,,,,,,,,,,,,68700.0,4.1,武汉市统计局,17.0,27.94,+1.53%,1.53,,,,,1,武汉市首店经济政策,待获取,1,,,,,,,,,,商场样本/点评为商圈聚合；人口、收入、社零、交通、餐饮、政策多为城市级代理；客流/核心租金仅部分重点商圈有明细。,正向: 商场样本数、收入社零、公共交通客运、餐饮集聚、年轻客群、政策支持；逆向或成本约束: 租金/空置率。
中南区,湖北,武汉,群光广场,商圈/商场聚合,群光广场,武汉市洪山区珞瑜路6号,集购物、娱乐、餐饮、商务、休闲于一体的豪华型购物中心，二楼为少女流行馆。,1,1.0,1.0,0,0,0,,,,,1,13.2701,0.0,,,27.94,1,5,1,1,,,,,,,,,,,,,,,,,,,,,,68700.0,4.1,武汉市统计局,17.0,27.94,+1.53%,1.53,,,,,1,武汉市首店经济政策,待获取,1,,,,,,,,,,商场样本/点评为商圈聚合；人口、收入、社零、交通、餐饮、政策多为城市级代理；客流/核心租金仅部分重点商圈有明细。,正向: 商场样本数、收入社零、公共交通客运、餐饮集聚、年轻客群、政策支持；逆向或成本约束: 租金/空置率。
中南区,湖北,武汉,较差,商圈/商场聚合,鲁巷广场,东湖高新技术开发区的中心地带,集购物、休闲、娱乐为一体的大型综合性购物广场，二楼经营女装。,1,1.0,1.0,0,0,0,,,,,1,13.2701,0.0,,,27.94,1,5,1,1,,,,,,,,,,,,,,,,,,,,,,68700.0,4.1,武汉市统计局,17.0,27.94,+1.53%,1.53,,,,,1,武汉市首店经济政策,待获取,1,,,,,,,,,,商场样本/点评为商圈聚合；人口、收入、社零、交通、餐饮、政策多为城市级代理；客流/核心租金仅部分重点商圈有明细。,正向: 商场样本数、收入社零、公共交通客运、餐饮集聚、年轻客群、政策支持；逆向或成本约束: 租金/空置率。
中南区,湖北,武汉,还可以,商圈/商场聚合,,武昌大洋,2007年国庆开业,0,,,0,0,0,,,,,0,13.2701,0.0,,,27.94,1,5,1,1,,,,,,,,,,,,,,,,,,,,,,68700.0,4.1,武汉市统计局,17.0,27.94,+1.53%,1.53,,,,,1,武汉市首店经济政策,待获取,1,,,,,,,,,,商场样本/点评为商圈聚合；人口、收入、社零、交通、餐饮、政策多为城市级代理；客流/核心租金仅部分重点商圈有明细。,正向: 商场样本数、收入社零、公共交通客运、餐饮集聚、年轻客群、政策支持；逆向或成本约束: 租金/空置率。
东北区,辽宁,沈阳,兴隆百货,商圈/商场聚合,兴隆百货,沈阳和平区太原南街1号,属于沈阳首家摩尔,1,1.0,1.0,0,0,0,,,,,1,14.4592,0.0,,,21.74,0,5,1,1,,,,,,,,,,,,,,,,,,,,,,,,,37.0,21.74,-3.97%,-3.97,,,,,0,,,0,,,,,,,,,,商场样本/点评为商圈聚合；人口、收入、社零、交通、餐饮、政策多为城市级代理；客流/核心租金仅部分重点商圈有明细。,正向: 商场样本数、收入社零、公共交通客运、餐饮集聚、年轻客群、政策支持；逆向或成本约束: 租金/空置率。
东北区,辽宁,沈阳,沈阳中兴商业大厦,商圈/商场聚合,沈阳中兴商业大厦,沈阳和平区 太原北街86号,东北首屈一指的经济文化商贸中心！,1,1.0,1.0,0,0,0,,,,,1,14.4592,0.0,,,21.74,0,5,1,1,,,,,,,,,,,,,,,,,,,,,,,,,37.0,21.74,-3.97%,-3.97,,,,,0,,,0,,,,,,,,,,商场样本/点评为商圈聚合；人口、收入、社零、交通、餐饮、政策多为城市级代理；客流/核心租金仅部分重点商圈有明细。,正向: 商场样本数、收入社零、公共交通客运、餐饮集聚、年轻客群、政策支持；逆向或成本约束: 租金/空置率。
东北区,辽宁,沈阳,沈阳商业城,商圈/商场聚合,沈阳商业城,沈河区中街路212号,集零售、批发、餐饮、娱乐、房产开发、国际贸易、服装加工、宾馆服务、连锁经营为一体的综合性国有大型商业企业。,1,1.0,1.0,0,0,0,,,,,1,14.4592,0.0,,,21.74,0,5,1,1,,,,,,,,,,,,,,,,,,,,,,,,,37.0,21.74,-3.97%,-3.97,,,,,0,,,0,,,,,,,,,,商场样本/点评为商圈聚合；人口、收入、社零、交通、餐饮、政策多为城市级代理；客流/核心租金仅部分重点商圈有明细。,正向: 商场样本数、收入社零、公共交通客运、餐饮集聚、年轻客群、政策支持；逆向或成本约束: 租金/空置率。
东北区,辽宁,沈阳,沈阳新世界百货,商圈/商场聚合,沈阳新世界百货,南京街店-和平区南京南街2号,定位在高端，国际、国内知名品牌居多！,1,1.0,1.0,1,0,0,,,,,1,14.4592,0.0,,,21.74,0,5,1,1,,,,,,,,,,,,,,,,,,,,,,,,,37.0,21.74,-3.97%,-3.97,,,,,0,,,0,,,,,,,,,,商场样本/点评为商圈聚合；人口、收入、社零、交通、餐饮、政策多为城市级代理；客流/核心租金仅部分重点商圈有明细。,正向: 商场样本数、收入社零、公共交通客运、餐饮集聚、年轻客群、政策支持；逆向或成本约束: 租金/空置率。
东北区,辽宁,沈阳,沈阳新玛特购物广场,商圈/商场聚合,沈阳新玛特购物广场,大东区小东路1号新玛特购物广场一层,中高档综合性商场！,1,1.0,1.0,1,0,0,,,,,1,14.4592,0.0,,,21.74,0,5,1,1,,,,,,,,,,,,,,,,,,,,,,,,,37.0,21.74,-3.97%,-3.97,,,,,0,,,0,,,,,,,,,,商场样本/点评为商圈聚合；人口、收入、社零、交通、餐饮、政策多为城市级代理；客流/核心租金仅部分重点商圈有明细。,正向: 商场样本数、收入社零、公共交通客运、餐饮集聚、年轻客群、政策支持；逆向或成本约束: 租金/空置率。
东北区,辽宁,沈阳,沈阳春天百货,商圈/商场聚合,沈阳春天百货,沈河区中街168号,优雅的购物环境、高档时尚的定位！,1,1.0,1.0,1,0,0,,,,,1,14.4592,0.0,,,21.74,0,5,1,1,,,,,,,,,,,,,,,,,,,,,,,,,37.0,21.74,-3.97%,-3.97,,,,,0,,,0,,,,,,,,,,商场样本/点评为商圈聚合；人口、收入、社零、交通、餐饮、政策多为城市级代理；客流/核心租金仅部分重点商圈有明细。,正向: 商场样本数、收入社零、公共交通客运、餐饮集聚、年轻客群、政策支持；逆向或成本约束: 租金/空置率。
东北区,辽宁,沈阳,沈阳联营公司,商圈/商场聚合,沈阳联营公司,沈阳市和平区中华路63号,老牌商场！,1,1.0,1.0,0,0,0,,,,,1,14.4592,0.0,,,21.74,0,5,1,1,,,,,,,,,,,,,,,,,,,,,,,,,37.0,21.74,-3.97%,-3.97,,,,,0,,,0,,,,,,,,,,商场样本/点评为商圈聚合；人口、收入、社零、交通、餐饮、政策多为城市级代理；客流/核心租金仅部分重点商圈有明细。,正向: 商场样本数、收入社零、公共交通客运、餐饮集聚、年轻客群、政策支持；逆向或成本约束: 租金/空置率。
东北区,辽宁,沈阳,百盛购物中心,商圈/商场聚合,百盛购物中心,沈阳市市区长江街99号,定位与工薪阶层的消费水平，以运动休闲为主·,1,1.0,1.0,0,1,0,,,,,1,14.4592,0.0,,,21.74,0,5,1,1,,,,,,,,,,,,,,,,,,,,,,,,,37.0,21.74,-3.97%,-3.97,,,,,0,,,0,,,,,,,,,,商场样本/点评为商圈聚合；人口、收入、社零、交通、餐饮、政策多为城市级代理；客流/核心租金仅部分重点商圈有明细。,正向: 商场样本数、收入社零、公共交通客运、餐饮集聚、年轻客群、政策支持；逆向或成本约束: 租金/空置率。
东北区,辽宁,沈阳,铁西友谊百货,商圈/商场聚合,铁西友谊百货,,,1,0.0,0.0,0,0,0,,,,,1,14.4592,0.0,,,21.74,0,5,0,0,,,,,,,,,,,,,,,,,,,,,,,,,37.0,21.74,-3.97%,-3.97,,,,,0,,,0,,,,,,,,,,商场样本/点评为商圈聚合；人口、收入、社零、交通、餐饮、政策多为城市级代理；客流/核心租金仅部分重点商圈有明细。,正向: 商场样本数、收入社零、公共交通客运、餐饮集聚、年轻客群、政策支持；逆向或成本约束: 租金/空置率。
中南区,山东,济南,人民商场,商圈/商场聚合,人民商场,中区经四路13号,老牌的综合性购物商场·,1,1.0,1.0,0,0,0,,,,,1,14.4592,0.0,,,25.69,0,5,1,1,,,,,,,,,,,,,,,,,,,,,,,,,20.0,25.69,+3.28%,3.28,,,,,0,,,0,,,,,,,,,,商场样本/点评为商圈聚合；人口、收入、社零、交通、餐饮、政策多为城市级代理；客流/核心租金仅部分重点商圈有明细。,正向: 商场样本数、收入社零、公共交通客运、餐饮集聚、年轻客群、政策支持；逆向或成本约束: 租金/空置率。
中南区,山东,济南,华联商厦,商圈/商场聚合,华联商厦,中区经二路571号,集购物、休闲、餐饮、娱乐、住宿为一体的商业集团！,1,1.0,1.0,0,0,0,,,,,1,14.4592,0.0,,,25.69,0,5,1,1,,,,,,,,,,,,,,,,,,,,,,,,,20.0,25.69,+3.28%,3.28,,,,,0,,,0,,,,,,,,,,商场样本/点评为商圈聚合；人口、收入、社零、交通、餐饮、政策多为城市级代理；客流/核心租金仅部分重点商圈有明细。,正向: 商场样本数、收入社零、公共交通客运、餐饮集聚、年轻客群、政策支持；逆向或成本约束: 租金/空置率。
中南区,山东,济南,嘉华购物广场,商圈/商场聚合,嘉华购物广场,中区经二路588号,定位在休闲、时尚的高中档大型购物中心,1,1.0,1.0,0,1,0,,,,,1,14.4592,0.0,,,25.69,0,5,1,1,,,,,,,,,,,,,,,,,,,,,,,,,20.0,25.69,+3.28%,3.28,,,,,0,,,0,,,,,,,,,,商场样本/点评为商圈聚合；人口、收入、社零、交通、餐饮、政策多为城市级代理；客流/核心租金仅部分重点商圈有明细。,正向: 商场样本数、收入社零、公共交通客运、餐饮集聚、年轻客群、政策支持；逆向或成本约束: 租金/空置率。
中南区,山东,济南,济南银座,商圈/商场聚合,济南银座,商城店-泺源大街66号,集购物、休闲、餐饮、娱乐于一体的大型现代化商业连锁商场！,1,1.0,1.0,0,0,0,,,,,1,14.4592,0.0,,,25.69,0,5,1,1,,,,,,,,,,,,,,,,,,,,,,,,,20.0,25.69,+3.28%,3.28,,,,,0,,,0,,,,,,,,,,商场样本/点评为商圈聚合；人口、收入、社零、交通、餐饮、政策多为城市级代理；客流/核心租金仅部分重点商圈有明细。,正向: 商场样本数、收入社零、公共交通客运、餐饮集聚、年轻客群、政策支持；逆向或成本约束: 租金/空置率。
中南区,山东,济南,贵和商厦,商圈/商场聚合,贵和商厦,济南泉城路147号,是具有国际水准的高中档次大型综合购物场所，三楼为少淑区！,1,1.0,1.0,0,1,0,,,,,1,14.4592,0.0,,,25.69,0,5,1,1,,,,,,,,,,,,,,,,,,,,,,,,,20.0,25.69,+3.28%,3.28,,,,,0,,,0,,,,,,,,,,商场样本/点评为商圈聚合；人口、收入、社零、交通、餐饮、政策多为城市级代理；客流/核心租金仅部分重点商圈有明细。,正向: 商场样本数、收入社零、公共交通客运、餐饮集聚、年轻客群、政策支持；逆向或成本约束: 租金/空置率。
中南区,山东,济南,贵和购物中心,商圈/商场聚合,贵和购物中心,天地坛街1号,女装区设在二楼。,1,1.0,1.0,0,0,0,,,,,1,14.4592,0.0,,,25.69,0,5,1,1,,,,,,,,,,,,,,,,,,,,,,,,,20.0,25.69,+3.28%,3.28,,,,,0,,,0,,,,,,,,,,商场样本/点评为商圈聚合；人口、收入、社零、交通、餐饮、政策多为城市级代理；客流/核心租金仅部分重点商圈有明细。,正向: 商场样本数、收入社零、公共交通客运、餐饮集聚、年轻客群、政策支持；逆向或成本约束: 租金/空置率。
中南区,海南,海口,DC商业城,商圈/商场聚合,DC商业城,,,1,0.0,0.0,0,0,0,,,,,1,14.4592,0.0,,,24.88,0,5,0,0,,,,,,,,,,,,,,,,,,,,,,,,,21.0,24.88,-5.29%,-5.29,,,,,0,,,0,,,,,,,,,,商场样本/点评为商圈聚合；人口、收入、社零、交通、餐饮、政策多为城市级代理；客流/核心租金仅部分重点商圈有明细。,正向: 商场样本数、收入社零、公共交通客运、餐饮集聚、年轻客群、政策支持；逆向或成本约束: 租金/空置率。
中南区,海南,海口,乐普生百货,商圈/商场聚合,乐普生百货,,,1,0.0,0.0,0,0,0,,,,,1,14.4592,0.0,,,24.88,0,5,0,0,,,,,,,,,,,,,,,,,,,,,,,,,21.0,24.88,-5.29%,-5.29,,,,,0,,,0,,,,,,,,,,商场样本/点评为商圈聚合；人口、收入、社零、交通、餐饮、政策多为城市级代理；客流/核心租金仅部分重点商圈有明细。,正向: 商场样本数、收入社零、公共交通客运、餐饮集聚、年轻客群、政策支持；逆向或成本约束: 租金/空置率。
中南区,海南,海口,广百百货,商圈/商场聚合,广百百货,海口市金贸区金龙路8号,以中高档现代精品百货公司的形象,1,1.0,1.0,1,0,0,,,,,1,14.4592,0.0,,,24.88,0,5,1,1,,,,,,,,,,,,,,,,,,,,,,,,,21.0,24.88,-5.29%,-5.29,,,,,0,,,0,,,,,,,,,,商场样本/点评为商圈聚合；人口、收入、社零、交通、餐饮、政策多为城市级代理；客流/核心租金仅部分重点商圈有明细。,正向: 商场样本数、收入社零、公共交通客运、餐饮集聚、年轻客群、政策支持；逆向或成本约束: 租金/空置率。
中南区,海南,海口,新世界购物城,商圈/商场聚合,新世界购物城,,,1,0.0,0.0,0,0,0,,,,,1,14.4592,0.0,,,24.88,0,5,0,0,,,,,,,,,,,,,,,,,,,,,,,,,21.0,24.88,-5.29%,-5.29,,,,,0,,,0,,,,,,,,,,商场样本/点评为商圈聚合；人口、收入、社零、交通、餐饮、政策多为城市级代理；客流/核心租金仅部分重点商圈有明细。,正向: 商场样本数、收入社零、公共交通客运、餐饮集聚、年轻客群、政策支持；逆向或成本约束: 租金/空置率。
中南区,海南,海口,明珠百惠百货,商圈/商场聚合,明珠百惠百货,海口市海秀路16号明珠广场一层东区,,1,1.0,0.0,0,0,0,,,,,1,14.4592,0.0,,,24.88,0,5,1,0,,,,,,,,,,,,,,,,,,,,,,,,,21.0,24.88,-5.29%,-5.29,,,,,0,,,0,,,,,,,,,,商场样本/点评为商圈聚合；人口、收入、社零、交通、餐饮、政策多为城市级代理；客流/核心租金仅部分重点商圈有明细。,正向: 商场样本数、收入社零、公共交通客运、餐饮集聚、年轻客群、政策支持；逆向或成本约束: 租金/空置率。
中南区,海南,海口,泰龙商城,商圈/商场聚合,泰龙商城,,,1,0.0,0.0,0,0,0,,,,,1,14.4592,0.0,,,24.88,0,5,0,0,,,,,,,,,,,,,,,,,,,,,,,,,21.0,24.88,-5.29%,-5.29,,,,,0,,,0,,,,,,,,,,商场样本/点评为商圈聚合；人口、收入、社零、交通、餐饮、政策多为城市级代理；客流/核心租金仅部分重点商圈有明细。,正向: 商场样本数、收入社零、公共交通客运、餐饮集聚、年轻客群、政策支持；逆向或成本约束: 租金/空置率。
中南区,海南,海口,海口友谊,商圈/商场聚合,海口友谊,海口市文建路,,1,1.0,0.0,0,0,0,,,,,1,14.4592,0.0,,,24.88,0,5,1,0,,,,,,,,,,,,,,,,,,,,,,,,,21.0,24.88,-5.29%,-5.29,,,,,0,,,0,,,,,,,,,,商场样本/点评为商圈聚合；人口、收入、社零、交通、餐饮、政策多为城市级代理；客流/核心租金仅部分重点商圈有明细。,正向: 商场样本数、收入社零、公共交通客运、餐饮集聚、年轻客群、政策支持；逆向或成本约束: 租金/空置率。
中南区,海南,海口,生生百货,商圈/商场聚合,生生百货,海口市龙昆北路2号珠江广场,主要以国内外高中档品牌,1,1.0,1.0,0,1,0,,,,,1,14.4592,0.0,,,24.88,0,5,1,1,,,,,,,,,,,,,,,,,,,,,,,,,21.0,24.88,-5.29%,-5.29,,,,,0,,,0,,,,,,,,,,商场样本/点评为商圈聚合；人口、收入、社零、交通、餐饮、政策多为城市级代理；客流/核心租金仅部分重点商圈有明细。,正向: 商场样本数、收入社零、公共交通客运、餐饮集聚、年轻客群、政策支持；逆向或成本约束: 租金/空置率。
中南区,海南,海口,第一百货商场,商圈/商场聚合,第一百货商场,海口市海秀路,,1,1.0,0.0,0,0,0,,,,,1,14.4592,0.0,,,24.88,0,5,1,0,,,,,,,,,,,,,,,,,,,,,,,,,21.0,24.88,-5.29%,-5.29,,,,,0,,,0,,,,,,,,,,商场样本/点评为商圈聚合；人口、收入、社零、交通、餐饮、政策多为城市级代理；客流/核心租金仅部分重点商圈有明细。,正向: 商场样本数、收入社零、公共交通客运、餐饮集聚、年轻客群、政策支持；逆向或成本约束: 租金/空置率。
中南区,海南,海口,美美百货,商圈/商场聚合,美美百货,,,1,0.0,0.0,0,0,0,,,,,1,14.4592,0.0,,,24.88,0,5,0,0,,,,,,,,,,,,,,,,,,,,,,,,,21.0,24.88,-5.29%,-5.29,,,,,0,,,0,,,,,,,,,,商场样本/点评为商圈聚合；人口、收入、社零、交通、餐饮、政策多为城市级代理；客流/核心租金仅部分重点商圈有明细。,正向: 商场样本数、收入社零、公共交通客运、餐饮集聚、年轻客群、政策支持；逆向或成本约束: 租金/空置率。
华东区,浙江,温州,开太百货,商圈/商场聚合,开太百货,温州市人民东路1号开太大厦四楼,综合百货零售商场·,1,1.0,1.0,0,0,0,,,,,1,14.4592,0.0,,,30.21,0,5,1,1,,,,,,,,,,,,,,,,,,,,,,,,,14.0,30.21,-3.95%,-3.95,,,,,0,,,0,,,,,,,,,,商场样本/点评为商圈聚合；人口、收入、社零、交通、餐饮、政策多为城市级代理；客流/核心租金仅部分重点商圈有明细。,正向: 商场样本数、收入社零、公共交通客运、餐饮集聚、年轻客群、政策支持；逆向或成本约束: 租金/空置率。
华东区,浙江,温州,联合广场,商圈/商场聚合,联合广场,温州市大南门联合广场,集购物、餐饮、娱乐休闲与一体的大型综合百货公司。,1,1.0,1.0,0,0,0,,,,,1,14.4592,0.0,,,30.21,0,5,1,1,,,,,,,,,,,,,,,,,,,,,,,,,14.0,30.21,-3.95%,-3.95,,,,,0,,,0,,,,,,,,,,商场样本/点评为商圈聚合；人口、收入、社零、交通、餐饮、政策多为城市级代理；客流/核心租金仅部分重点商圈有明细。,正向: 商场样本数、收入社零、公共交通客运、餐饮集聚、年轻客群、政策支持；逆向或成本约束: 租金/空置率。
中南区,广东,珠海,万佳百货,商圈/商场聚合,万佳百货,拱北迎宾北路,一家全国范围发展的大型零售连锁企,1,1.0,1.0,0,0,0,,,,,1,14.4592,0.0,,,31.88,0,5,1,1,,,,,,,,,,,,,,,,,,,,,,,,,11.0,31.88,+2.52%,2.52,,,,,0,,,0,,,,,,,,,,商场样本/点评为商圈聚合；人口、收入、社零、交通、餐饮、政策多为城市级代理；客流/核心租金仅部分重点商圈有明细。,正向: 商场样本数、收入社零、公共交通客运、餐饮集聚、年轻客群、政策支持；逆向或成本约束: 租金/空置率。
中南区,广东,珠海,免税商场,商圈/商场聚合,免税商场,吉大区景山路,,1,1.0,0.0,0,0,0,,,,,1,14.4592,0.0,,,31.88,0,5,1,0,,,,,,,,,,,,,,,,,,,,,,,,,11.0,31.88,+2.52%,2.52,,,,,0,,,0,,,,,,,,,,商场样本/点评为商圈聚合；人口、收入、社零、交通、餐饮、政策多为城市级代理；客流/核心租金仅部分重点商圈有明细。,正向: 商场样本数、收入社零、公共交通客运、餐饮集聚、年轻客群、政策支持；逆向或成本约束: 租金/空置率。
中南区,广东,珠海,国贸海天城,商圈/商场聚合,国贸海天城,吉大区景山路,,1,1.0,0.0,0,0,0,,,,,1,14.4592,0.0,,,31.88,0,5,1,0,,,,,,,,,,,,,,,,,,,,,,,,,11.0,31.88,+2.52%,2.52,,,,,0,,,0,,,,,,,,,,商场样本/点评为商圈聚合；人口、收入、社零、交通、餐饮、政策多为城市级代理；客流/核心租金仅部分重点商圈有明细。,正向: 商场样本数、收入社零、公共交通客运、餐饮集聚、年轻客群、政策支持；逆向或成本约束: 租金/空置率。
中南区,广东,珠海,国际广场,商圈/商场聚合,国际广场,拱北迎宾北路,,1,1.0,0.0,0,0,0,,,,,1,14.4592,0.0,,,31.88,0,5,1,0,,,,,,,,,,,,,,,,,,,,,,,,,11.0,31.88,+2.52%,2.52,,,,,0,,,0,,,,,,,,,,商场样本/点评为商圈聚合；人口、收入、社零、交通、餐饮、政策多为城市级代理；客流/核心租金仅部分重点商圈有明细。,正向: 商场样本数、收入社零、公共交通客运、餐饮集聚、年轻客群、政策支持；逆向或成本约束: 租金/空置率。
中南区,广东,珠海,茂业百货,商圈/商场聚合,茂业百货,香洲香洲紫荆路301号,,1,1.0,0.0,0,0,0,,,,,1,14.4592,0.0,,,31.88,0,5,1,0,,,,,,,,,,,,,,,,,,,,,,,,,11.0,31.88,+2.52%,2.52,,,,,0,,,0,,,,,,,,,,商场样本/点评为商圈聚合；人口、收入、社零、交通、餐饮、政策多为城市级代理；客流/核心租金仅部分重点商圈有明细。,正向: 商场样本数、收入社零、公共交通客运、餐饮集聚、年轻客群、政策支持；逆向或成本约束: 租金/空置率。
中南区,广东,珠海,迎宾广场,商圈/商场聚合,迎宾广场,拱北迎宾北路1114号,完全时尚、个性、差异化特色的经营商业定位，各大国际品牌,1,1.0,1.0,0,0,0,,,,,1,14.4592,0.0,,,31.88,0,5,1,1,,,,,,,,,,,,,,,,,,,,,,,,,11.0,31.88,+2.52%,2.52,,,,,0,,,0,,,,,,,,,,商场样本/点评为商圈聚合；人口、收入、社零、交通、餐饮、政策多为城市级代理；客流/核心租金仅部分重点商圈有明细。,正向: 商场样本数、收入社零、公共交通客运、餐饮集聚、年轻客群、政策支持；逆向或成本约束: 租金/空置率。
中南区,广东,珠海,香洲百分百百货,商圈/商场聚合,香洲百分百百货,香洲区,,1,1.0,0.0,0,0,0,,,,,1,14.4592,0.0,,,31.88,0,5,1,0,,,,,,,,,,,,,,,,,,,,,,,,,11.0,31.88,+2.52%,2.52,,,,,0,,,0,,,,,,,,,,商场样本/点评为商圈聚合；人口、收入、社零、交通、餐饮、政策多为城市级代理；客流/核心租金仅部分重点商圈有明细。,正向: 商场样本数、收入社零、公共交通客运、餐饮集聚、年轻客群、政策支持；逆向或成本约束: 租金/空置率。
华北区,河北,石家庄,三利国际名店原西美百货,商圈/商场聚合,三利国际名店原西美百货,石家庄市中山东路188号,定位高端！,1,1.0,1.0,1,0,0,,,,,1,14.4592,0.0,,,18.11,0,5,1,1,,,,,,,,,,,,,,,,,,,,,,,,,42.0,18.11,-3.46%,-3.46,,,,,0,,,0,,,,,,,,,,商场样本/点评为商圈聚合；人口、收入、社零、交通、餐饮、政策多为城市级代理；客流/核心租金仅部分重点商圈有明细。,正向: 商场样本数、收入社零、公共交通客运、餐饮集聚、年轻客群、政策支持；逆向或成本约束: 租金/空置率。
华北区,河北,石家庄,东方城市广场,商圈/商场聚合,东方城市广场,石家庄市中山西路83号,定位中高档，口碑较好！,1,1.0,1.0,1,0,0,,,,,1,14.4592,0.0,,,18.11,0,5,1,1,,,,,,,,,,,,,,,,,,,,,,,,,42.0,18.11,-3.46%,-3.46,,,,,0,,,0,,,,,,,,,,商场样本/点评为商圈聚合；人口、收入、社零、交通、餐饮、政策多为城市级代理；客流/核心租金仅部分重点商圈有明细。,正向: 商场样本数、收入社零、公共交通客运、餐饮集聚、年轻客群、政策支持；逆向或成本约束: 租金/空置率。
华北区,河北,石家庄,北国商城,商圈/商场聚合,北国商城,石家庄市中山东路一段188号,人七旺，出销售，以中高档为主！,1,1.0,1.0,1,0,0,,,,,1,14.4592,0.0,,,18.11,0,5,1,1,,,,,,,,,,,,,,,,,,,,,,,,,42.0,18.11,-3.46%,-3.46,,,,,0,,,0,,,,,,,,,,商场样本/点评为商圈聚合；人口、收入、社零、交通、餐饮、政策多为城市级代理；客流/核心租金仅部分重点商圈有明细。,正向: 商场样本数、收入社零、公共交通客运、餐饮集聚、年轻客群、政策支持；逆向或成本约束: 租金/空置率。
华北区,河北,石家庄,柳南夜市一条街,商圈/商场聚合,天元名品,石家庄市中山西路,以另类、叛逆风格为主，学生为其主要消费群。,1,1.0,1.0,0,0,1,,,,,1,14.4592,0.0,,,18.11,0,5,1,1,,,,,,,,,,,,,,,,,,,,,,,,,42.0,18.11,-3.46%,-3.46,,,,,0,,,0,,,,,,,,,,商场样本/点评为商圈聚合；人口、收入、社零、交通、餐饮、政策多为城市级代理；客流/核心租金仅部分重点商圈有明细。,正向: 商场样本数、收入社零、公共交通客运、餐饮集聚、年轻客群、政策支持；逆向或成本约束: 租金/空置率。
华北区,河北,石家庄,益友百货,商圈/商场聚合,益友百货,石家庄裕华路与友谊大街交叉口,定位在特级超市，名品百货。高中底档都有进驻！,1,1.0,1.0,0,0,0,,,,,1,14.4592,0.0,,,18.11,0,5,1,1,,,,,,,,,,,,,,,,,,,,,,,,,42.0,18.11,-3.46%,-3.46,,,,,0,,,0,,,,,,,,,,商场样本/点评为商圈聚合；人口、收入、社零、交通、餐饮、政策多为城市级代理；客流/核心租金仅部分重点商圈有明细。,正向: 商场样本数、收入社零、公共交通客运、餐饮集聚、年轻客群、政策支持；逆向或成本约束: 租金/空置率。
华北区,河北,石家庄,石家庄新百广场,商圈/商场聚合,石家庄新百广场,石家庄市中山东路139号,老牌商场，中底档为主！,1,1.0,1.0,0,0,0,,,,,1,14.4592,0.0,,,18.11,0,5,1,1,,,,,,,,,,,,,,,,,,,,,,,,,42.0,18.11,-3.46%,-3.46,,,,,0,,,0,,,,,,,,,,商场样本/点评为商圈聚合；人口、收入、社零、交通、餐饮、政策多为城市级代理；客流/核心租金仅部分重点商圈有明细。,正向: 商场样本数、收入社零、公共交通客运、餐饮集聚、年轻客群、政策支持；逆向或成本约束: 租金/空置率。
中南区,福建,福州,六渡桥商业区,商圈/商场聚合,东方百货,福州市鼓楼区杨桥东路8号,综合型百姓百货.,1,1.0,1.0,0,0,1,,,,,1,14.4592,0.0,,,32.37,0,5,1,1,,,,,,,,,,,,,,,,,,,,,,,,,10.0,32.37,-1.88%,-1.88,,,,,0,,,0,,,,,,,,,,商场样本/点评为商圈聚合；人口、收入、社零、交通、餐饮、政策多为城市级代理；客流/核心租金仅部分重点商圈有明细。,正向: 商场样本数、收入社零、公共交通客运、餐饮集聚、年轻客群、政策支持；逆向或成本约束: 租金/空置率。
中南区,福建,福州,大洋百货,商圈/商场聚合,大洋百货,福州市鼓楼区八一七北路133号,时尚、年轻、女性、休闲，引入的近十个国际顶级化妆品品牌使之在榕城消费者心目中树立了“时尚百货”的形象。,1,1.0,1.0,0,0,0,,,,,1,14.4592,0.0,,,32.37,0,5,1,1,,,,,,,,,,,,,,,,,,,,,,,,,10.0,32.37,-1.88%,-1.88,,,,,0,,,0,,,,,,,,,,商场样本/点评为商圈聚合；人口、收入、社零、交通、餐饮、政策多为城市级代理；客流/核心租金仅部分重点商圈有明细。,正向: 商场样本数、收入社零、公共交通客运、餐饮集聚、年轻客群、政策支持；逆向或成本约束: 租金/空置率。
中南区,福建,福州,天虹百货,商圈/商场聚合,天虹百货,福州市工业路.,天虹的经营模式是“流行百货 精品超市”，5000平方米的超市将能让消费者实现一站式购物。,1,1.0,1.0,0,0,0,,,,,1,14.4592,0.0,,,32.37,0,5,1,1,,,,,,,,,,,,,,,,,,,,,,,,,10.0,32.37,-1.88%,-1.88,,,,,0,,,0,,,,,,,,,,商场样本/点评为商圈聚合；人口、收入、社零、交通、餐饮、政策多为城市级代理；客流/核心租金仅部分重点商圈有明细。,正向: 商场样本数、收入社零、公共交通客运、餐饮集聚、年轻客群、政策支持；逆向或成本约束: 租金/空置率。
中南区,福建,福州,新华都百货,商圈/商场聚合,新华都百货,东街口商业区8号。,综合型百姓百货.,1,1.0,1.0,0,0,0,,,,,1,14.4592,0.0,,,32.37,0,5,1,1,,,,,,,,,,,,,,,,,,,,,,,,,10.0,32.37,-1.88%,-1.88,,,,,0,,,0,,,,,,,,,,商场样本/点评为商圈聚合；人口、收入、社零、交通、餐饮、政策多为城市级代理；客流/核心租金仅部分重点商圈有明细。,正向: 商场样本数、收入社零、公共交通客运、餐饮集聚、年轻客群、政策支持；逆向或成本约束: 租金/空置率。
中南区,福建,福州,正大广场,商圈/商场聚合,正大广场,福州鼓楼区五一广场东侧,经营上，主打各品牌的旗舰店，拥有众多丰富的时尚活动。,1,1.0,1.0,0,0,0,,,,,1,14.4592,0.0,,,32.37,0,5,1,1,,,,,,,,,,,,,,,,,,,,,,,,,10.0,32.37,-1.88%,-1.88,,,,,0,,,0,,,,,,,,,,商场样本/点评为商圈聚合；人口、收入、社零、交通、餐饮、政策多为城市级代理；客流/核心租金仅部分重点商圈有明细。,正向: 商场样本数、收入社零、公共交通客运、餐饮集聚、年轻客群、政策支持；逆向或成本约束: 租金/空置率。
中南区,福建,福州,江汉路商业一条街,商圈/商场聚合,康城百货,台江区工业路193号宝龙城市广场,公司以“精致生活、时尚前沿”为经营定位，汇集中外名品、展示流行趋势，引导时尚消费的精品时尚百货。,1,1.0,1.0,0,0,1,,,,,1,14.4592,0.0,,,32.37,0,5,1,1,,,,,,,,,,,,,,,,,,,,,,,,,10.0,32.37,-1.88%,-1.88,,,,,0,,,0,,,,,,,,,,商场样本/点评为商圈聚合；人口、收入、社零、交通、餐饮、政策多为城市级代理；客流/核心租金仅部分重点商圈有明细。,正向: 商场样本数、收入社零、公共交通客运、餐饮集聚、年轻客群、政策支持；逆向或成本约束: 租金/空置率。
华东区,江苏,苏州,东吴国际,商圈/商场聚合,东吴国际,,,1,0.0,0.0,0,0,0,,,,,1,14.4797,0.0,,,27.13,0,5,0,0,,,,,,,,,,,,,,,,,,,,,,80796.0,4.2,苏州市统计局,19.0,27.13,+3.86%,3.86,,,,,0,,,0,,,,,,,,,,商场样本/点评为商圈聚合；人口、收入、社零、交通、餐饮、政策多为城市级代理；客流/核心租金仅部分重点商圈有明细。,正向: 商场样本数、收入社零、公共交通客运、餐饮集聚、年轻客群、政策支持；逆向或成本约束: 租金/空置率。
华东区,江苏,苏州,人民商场,商圈/商场聚合,人民商场,观前街,综合性购物商场·,1,1.0,1.0,0,0,0,,,,,1,14.4797,0.0,,,27.13,0,5,1,1,,,,,,,,,,,,,,,,,,,,,,80796.0,4.2,苏州市统计局,19.0,27.13,+3.86%,3.86,,,,,0,,,0,,,,,,,,,,商场样本/点评为商圈聚合；人口、收入、社零、交通、餐饮、政策多为城市级代理；客流/核心租金仅部分重点商圈有明细。,正向: 商场样本数、收入社零、公共交通客运、餐饮集聚、年轻客群、政策支持；逆向或成本约束: 租金/空置率。
华东区,江苏,苏州,新苏州百货,商圈/商场聚合,新苏州百货,观前街,综合性购物商场·,1,1.0,1.0,0,0,0,,,,,1,14.4797,0.0,,,27.13,0,5,1,1,,,,,,,,,,,,,,,,,,,,,,80796.0,4.2,苏州市统计局,19.0,27.13,+3.86%,3.86,,,,,0,,,0,,,,,,,,,,商场样本/点评为商圈聚合；人口、收入、社零、交通、餐饮、政策多为城市级代理；客流/核心租金仅部分重点商圈有明细。,正向: 商场样本数、收入社零、公共交通客运、餐饮集聚、年轻客群、政策支持；逆向或成本约束: 租金/空置率。
华东区,江苏,苏州,泰华商场,商圈/商场聚合,泰华商场,苏州市人民路383号,泰华商城始终坚持走个性化、品牌化、特色化经营之路。,1,1.0,1.0,0,0,0,,,,,1,14.4797,0.0,,,27.13,0,5,1,1,,,,,,,,,,,,,,,,,,,,,,80796.0,4.2,苏州市统计局,19.0,27.13,+3.86%,3.86,,,,,0,,,0,,,,,,,,,,商场样本/点评为商圈聚合；人口、收入、社零、交通、餐饮、政策多为城市级代理；客流/核心租金仅部分重点商圈有明细。,正向: 商场样本数、收入社零、公共交通客运、餐饮集聚、年轻客群、政策支持；逆向或成本约束: 租金/空置率。
华东区,江苏,苏州,石路国际商场,商圈/商场聚合,石路国际商场,苏州石路18号,是目前苏州市区单体营业面积最大的综合性商场。,1,1.0,1.0,0,0,0,,,,,1,14.4797,0.0,,,27.13,0,5,1,1,,,,,,,,,,,,,,,,,,,,,,80796.0,4.2,苏州市统计局,19.0,27.13,+3.86%,3.86,,,,,0,,,0,,,,,,,,,,商场样本/点评为商圈聚合；人口、收入、社零、交通、餐饮、政策多为城市级代理；客流/核心租金仅部分重点商圈有明细。,正向: 商场样本数、收入社零、公共交通客运、餐饮集聚、年轻客群、政策支持；逆向或成本约束: 租金/空置率。
华东区,江苏,苏州,石路步行街,商圈/商场聚合,长发商厦,苏州市临顿路65-80号,以中档名优商品为主！,1,1.0,1.0,0,1,1,,,,,1,14.4797,0.0,,,27.13,0,5,1,1,,,,,,,,,,,,,,,,,,,,,,80796.0,4.2,苏州市统计局,19.0,27.13,+3.86%,3.86,,,,,0,,,0,,,,,,,,,,商场样本/点评为商圈聚合；人口、收入、社零、交通、餐饮、政策多为城市级代理；客流/核心租金仅部分重点商圈有明细。,正向: 商场样本数、收入社零、公共交通客运、餐饮集聚、年轻客群、政策支持；逆向或成本约束: 租金/空置率。
华东区,江苏,苏州,美罗商城,商圈/商场聚合,美罗商城,苏州平江区观前街245号,以中高档商品为主！2F时尚女装，3F淑女时装！,1,1.0,1.0,1,0,0,,,,,1,14.4797,0.0,,,27.13,0,5,1,1,,,,,,,,,,,,,,,,,,,,,,80796.0,4.2,苏州市统计局,19.0,27.13,+3.86%,3.86,,,,,0,,,0,,,,,,,,,,商场样本/点评为商圈聚合；人口、收入、社零、交通、餐饮、政策多为城市级代理；客流/核心租金仅部分重点商圈有明细。,正向: 商场样本数、收入社零、公共交通客运、餐饮集聚、年轻客群、政策支持；逆向或成本约束: 租金/空置率。
华东区,江苏,苏州,观前路步行街,商圈/商场聚合,第一百货,苏州市人民路440号,综合性购物商场·,1,1.0,1.0,0,0,1,,,,,1,14.4797,0.0,,,27.13,0,5,1,1,,,,,,,,,,,,,,,,,,,,,,80796.0,4.2,苏州市统计局,19.0,27.13,+3.86%,3.86,,,,,0,,,0,,,,,,,,,,商场样本/点评为商圈聚合；人口、收入、社零、交通、餐饮、政策多为城市级代理；客流/核心租金仅部分重点商圈有明细。,正向: 商场样本数、收入社零、公共交通客运、餐饮集聚、年轻客群、政策支持；逆向或成本约束: 租金/空置率。
华东区,江苏,苏州,金鹰国际购物中心,商圈/商场聚合,金鹰国际购物中心,苏州市观前街1号,综合性商业零售企业！,1,1.0,1.0,0,0,0,,,,,1,14.4797,0.0,,,27.13,0,5,1,1,,,,,,,,,,,,,,,,,,,,,,80796.0,4.2,苏州市统计局,19.0,27.13,+3.86%,3.86,,,,,0,,,0,,,,,,,,,,商场样本/点评为商圈聚合；人口、收入、社零、交通、餐饮、政策多为城市级代理；客流/核心租金仅部分重点商圈有明细。,正向: 商场样本数、收入社零、公共交通客运、餐饮集聚、年轻客群、政策支持；逆向或成本约束: 租金/空置率。
华东区,江苏,苏州,长江路,商圈/商场聚合,大洋百货苏州店,苏州市人民路 1331 号,二楼三楼经营少淑装！,1,1.0,1.0,0,0,1,,,,,1,14.4797,0.0,,,27.13,0,5,1,1,,,,,,,,,,,,,,,,,,,,,,80796.0,4.2,苏州市统计局,19.0,27.13,+3.86%,3.86,,,,,0,,,0,,,,,,,,,,商场样本/点评为商圈聚合；人口、收入、社零、交通、餐饮、政策多为城市级代理；客流/核心租金仅部分重点商圈有明细。,正向: 商场样本数、收入社零、公共交通客运、餐饮集聚、年轻客群、政策支持；逆向或成本约束: 租金/空置率。
西北区,青海,西宁,西单商场,商圈/商场聚合,西单商场,西宁市西大街5号,综合性购物商场！；综合零售企业。,2,0.5,1.0,0,0,0,,,,,2,14.4592,0.0,,,22.4,0,5,1,2,,,,,,,,,,,,,,,,,,,,,,,,,34.0,22.4,-1.14%,-1.14,,,,,0,,,0,,,,,,,,,,商场样本/点评为商圈聚合；人口、收入、社零、交通、餐饮、政策多为城市级代理；客流/核心租金仅部分重点商圈有明细。,正向: 商场样本数、收入社零、公共交通客运、餐饮集聚、年轻客群、政策支持；逆向或成本约束: 租金/空置率。
西北区,青海,西宁,新华百货,商圈/商场聚合,新华百货,,,1,0.0,0.0,0,0,0,,,,,1,14.4592,0.0,,,22.4,0,5,0,0,,,,,,,,,,,,,,,,,,,,,,,,,34.0,22.4,-1.14%,-1.14,,,,,0,,,0,,,,,,,,,,商场样本/点评为商圈聚合；人口、收入、社零、交通、餐饮、政策多为城市级代理；客流/核心租金仅部分重点商圈有明细。,正向: 商场样本数、收入社零、公共交通客运、餐饮集聚、年轻客群、政策支持；逆向或成本约束: 租金/空置率。
西北区,青海,西宁,王府井商场,商圈/商场聚合,王府井商场,西宁市长江路创新大厦,二层经营：少淑装，休闲装,1,1.0,1.0,0,0,0,,,,,1,14.4592,0.0,,,22.4,0,5,1,1,,,,,,,,,,,,,,,,,,,,,,,,,34.0,22.4,-1.14%,-1.14,,,,,0,,,0,,,,,,,,,,商场样本/点评为商圈聚合；人口、收入、社零、交通、餐饮、政策多为城市级代理；客流/核心租金仅部分重点商圈有明细。,正向: 商场样本数、收入社零、公共交通客运、餐饮集聚、年轻客群、政策支持；逆向或成本约束: 租金/空置率。
西北区,青海,西宁,青海三丰商贸城,商圈/商场聚合,青海三丰商贸城,西宁市城西区五四大街,综合性购物商场！,1,1.0,1.0,0,0,0,,,,,1,14.4592,0.0,,,22.4,0,5,1,1,,,,,,,,,,,,,,,,,,,,,,,,,34.0,22.4,-1.14%,-1.14,,,,,0,,,0,,,,,,,,,,商场样本/点评为商圈聚合；人口、收入、社零、交通、餐饮、政策多为城市级代理；客流/核心租金仅部分重点商圈有明细。,正向: 商场样本数、收入社零、公共交通客运、餐饮集聚、年轻客群、政策支持；逆向或成本约束: 租金/空置率。
西南区,四川,贵阳,北京路,商圈/商场聚合,国贸,大十字,,1,1.0,0.0,0,0,0,,,,,1,14.4592,0.0,,,23.06,0,5,1,0,,,,,,,,,,,,,,,,,,,,,,,,,30.0,23.06,-4.31%,-4.31,,,,,0,,,0,,,,,,,,,,商场样本/点评为商圈聚合；人口、收入、社零、交通、餐饮、政策多为城市级代理；客流/核心租金仅部分重点商圈有明细。,正向: 商场样本数、收入社零、公共交通客运、餐饮集聚、年轻客群、政策支持；逆向或成本约束: 租金/空置率。
西南区,四川,贵阳,友谊,商圈/商场聚合,友谊,市西路590号,综合性购物商场·,1,1.0,1.0,0,0,0,,,,,1,14.4592,0.0,,,23.06,0,5,1,1,,,,,,,,,,,,,,,,,,,,,,,,,30.0,23.06,-4.31%,-4.31,,,,,0,,,0,,,,,,,,,,商场样本/点评为商圈聚合；人口、收入、社零、交通、餐饮、政策多为城市级代理；客流/核心租金仅部分重点商圈有明细。,正向: 商场样本数、收入社零、公共交通客运、餐饮集聚、年轻客群、政策支持；逆向或成本约束: 租金/空置率。
西南区,四川,贵阳,市西路,商圈/商场聚合,银座,大十字,新开商场。,1,1.0,1.0,0,0,0,,,,,1,14.4592,0.0,,,23.06,0,5,1,1,,,,,,,,,,,,,,,,,,,,,,,,,30.0,23.06,-4.31%,-4.31,,,,,0,,,0,,,,,,,,,,商场样本/点评为商圈聚合；人口、收入、社零、交通、餐饮、政策多为城市级代理；客流/核心租金仅部分重点商圈有明细。,正向: 商场样本数、收入社零、公共交通客运、餐饮集聚、年轻客群、政策支持；逆向或成本约束: 租金/空置率。
西南区,四川,贵阳,延安路,商圈/商场聚合,百货大楼,云岩区中华中路2号,是集餐饮、购物、娱乐、商务、休闲、住宿为一体的多功能现代化购物商场。,1,1.0,1.0,0,0,0,,,,,1,14.4592,0.0,,,23.06,0,5,1,1,,,,,,,,,,,,,,,,,,,,,,,,,30.0,23.06,-4.31%,-4.31,,,,,0,,,0,,,,,,,,,,商场样本/点评为商圈聚合；人口、收入、社零、交通、餐饮、政策多为城市级代理；客流/核心租金仅部分重点商圈有明细。,正向: 商场样本数、收入社零、公共交通客运、餐饮集聚、年轻客群、政策支持；逆向或成本约束: 租金/空置率。
西南区,四川,贵阳,时代广场,商圈/商场聚合,时代广场,南明区中华中路14号,综合购物商场·,1,1.0,1.0,0,0,0,,,,,1,14.4592,0.0,,,23.06,0,5,1,1,,,,,,,,,,,,,,,,,,,,,,,,,30.0,23.06,-4.31%,-4.31,,,,,0,,,0,,,,,,,,,,商场样本/点评为商圈聚合；人口、收入、社零、交通、餐饮、政策多为城市级代理；客流/核心租金仅部分重点商圈有明细。,正向: 商场样本数、收入社零、公共交通客运、餐饮集聚、年轻客群、政策支持；逆向或成本约束: 租金/空置率。
西南区,四川,贵阳,星力：瑞金和中山店,商圈/商场聚合,星力：瑞金和中山店,大西门的十字路口交界处,,1,1.0,0.0,0,0,0,,,,,1,14.4592,0.0,,,23.06,0,5,1,0,,,,,,,,,,,,,,,,,,,,,,,,,30.0,23.06,-4.31%,-4.31,,,,,0,,,0,,,,,,,,,,商场样本/点评为商圈聚合；人口、收入、社零、交通、餐饮、政策多为城市级代理；客流/核心租金仅部分重点商圈有明细。,正向: 商场样本数、收入社零、公共交通客运、餐饮集聚、年轻客群、政策支持；逆向或成本约束: 租金/空置率。
西南区,四川,贵阳,智诚名店,商圈/商场聚合,智诚名店,商业黄金地段喷水池畔,定位于为高消费客层提供国际国内著名品牌服装服饰精品，满足追求高生活质量的高消费群体的需求。,1,1.0,1.0,0,0,0,,,,,1,14.4592,0.0,,,23.06,0,5,1,1,,,,,,,,,,,,,,,,,,,,,,,,,30.0,23.06,-4.31%,-4.31,,,,,0,,,0,,,,,,,,,,商场样本/点评为商圈聚合；人口、收入、社零、交通、餐饮、政策多为城市级代理；客流/核心租金仅部分重点商圈有明细。,正向: 商场样本数、收入社零、公共交通客运、餐饮集聚、年轻客群、政策支持；逆向或成本约束: 租金/空置率。
西南区,四川,贵阳,百盛购物中心,商圈/商场聚合,百盛购物中心,云岩区中华中路117号,综合购物商场，二楼为少淑区。,1,1.0,1.0,0,0,0,,,,,1,14.4592,0.0,,,23.06,0,5,1,1,,,,,,,,,,,,,,,,,,,,,,,,,30.0,23.06,-4.31%,-4.31,,,,,0,,,0,,,,,,,,,,商场样本/点评为商圈聚合；人口、收入、社零、交通、餐饮、政策多为城市级代理；客流/核心租金仅部分重点商圈有明细。,正向: 商场样本数、收入社零、公共交通客运、餐饮集聚、年轻客群、政策支持；逆向或成本约束: 租金/空置率。
中南区,河南,郑州,中原商贸城,商圈/商场聚合,中原商贸城,,,1,0.0,0.0,0,0,0,,,,,1,14.4592,0.0,,,28.85,0,5,0,0,,,,,,,,,,,,,,,,,,,,,,,,,16.0,28.85,+0.70%,0.7,,,,,0,,,0,,,,,,,,,,商场样本/点评为商圈聚合；人口、收入、社零、交通、餐饮、政策多为城市级代理；客流/核心租金仅部分重点商圈有明细。,正向: 商场样本数、收入社零、公共交通客运、餐饮集聚、年轻客群、政策支持；逆向或成本约束: 租金/空置率。
中南区,河南,郑州,丹尼斯,商圈/商场聚合,丹尼斯,郑州市经二路２号中州都会广场,中高挡综合型购物商场，2楼为少淑区！,1,1.0,1.0,1,0,0,,,,,1,14.4592,0.0,,,28.85,0,5,1,1,,,,,,,,,,,,,,,,,,,,,,,,,16.0,28.85,+0.70%,0.7,,,,,0,,,0,,,,,,,,,,商场样本/点评为商圈聚合；人口、收入、社零、交通、餐饮、政策多为城市级代理；客流/核心租金仅部分重点商圈有明细。,正向: 商场样本数、收入社零、公共交通客运、餐饮集聚、年轻客群、政策支持；逆向或成本约束: 租金/空置率。
中南区,河南,郑州,北京华联,商圈/商场聚合,北京华联,,,1,0.0,0.0,0,0,0,,,,,1,14.4592,0.0,,,28.85,0,5,0,0,,,,,,,,,,,,,,,,,,,,,,,,,16.0,28.85,+0.70%,0.7,,,,,0,,,0,,,,,,,,,,商场样本/点评为商圈聚合；人口、收入、社零、交通、餐饮、政策多为城市级代理；客流/核心租金仅部分重点商圈有明细。,正向: 商场样本数、收入社零、公共交通客运、餐饮集聚、年轻客群、政策支持；逆向或成本约束: 租金/空置率。
中南区,河南,郑州,北京华联商厦,商圈/商场聚合,北京华联商厦,二七区保全街,一家集购物、休闲、餐饮、娱乐、文化为一体的大型综合性商业中心！,1,1.0,1.0,0,0,0,,,,,1,14.4592,0.0,,,28.85,0,5,1,1,,,,,,,,,,,,,,,,,,,,,,,,,16.0,28.85,+0.70%,0.7,,,,,0,,,0,,,,,,,,,,商场样本/点评为商圈聚合；人口、收入、社零、交通、餐饮、政策多为城市级代理；客流/核心租金仅部分重点商圈有明细。,正向: 商场样本数、收入社零、公共交通客运、餐饮集聚、年轻客群、政策支持；逆向或成本约束: 租金/空置率。
中南区,河南,郑州,正弦国际,商圈/商场聚合,正弦国际,,商端产品,1,0.0,1.0,0,0,0,,,,,1,14.4592,0.0,,,28.85,0,5,0,1,,,,,,,,,,,,,,,,,,,,,,,,,16.0,28.85,+0.70%,0.7,,,,,0,,,0,,,,,,,,,,商场样本/点评为商圈聚合；人口、收入、社零、交通、餐饮、政策多为城市级代理；客流/核心租金仅部分重点商圈有明细。,正向: 商场样本数、收入社零、公共交通客运、餐饮集聚、年轻客群、政策支持；逆向或成本约束: 租金/空置率。
中南区,河南,郑州,百年德化步行街,商圈/商场聚合,百年德化步行街,,,1,0.0,0.0,0,0,1,,,,,1,14.4592,0.0,,,28.85,0,5,0,0,,,,,,,,,,,,,,,,,,,,,,,,,16.0,28.85,+0.70%,0.7,,,,,0,,,0,,,,,,,,,,商场样本/点评为商圈聚合；人口、收入、社零、交通、餐饮、政策多为城市级代理；客流/核心租金仅部分重点商圈有明细。,正向: 商场样本数、收入社零、公共交通客运、餐饮集聚、年轻客群、政策支持；逆向或成本约束: 租金/空置率。
中南区,河南,郑州,百年德化老街,商圈/商场聚合,新玛特金博大,郑州市二七路200号,主要经营中高档商品，集购物、休闲、娱乐为一体的大型商业中心！,1,1.0,1.0,1,0,1,,,,,1,14.4592,0.0,,,28.85,0,5,1,1,,,,,,,,,,,,,,,,,,,,,,,,,16.0,28.85,+0.70%,0.7,,,,,0,,,0,,,,,,,,,,商场样本/点评为商圈聚合；人口、收入、社零、交通、餐饮、政策多为城市级代理；客流/核心租金仅部分重点商圈有明细。,正向: 商场样本数、收入社零、公共交通客运、餐饮集聚、年轻客群、政策支持；逆向或成本约束: 租金/空置率。
中南区,河南,郑州,百盛,商圈/商场聚合,百盛,,,1,0.0,0.0,0,0,0,,,,,1,14.4592,0.0,,,28.85,0,5,0,0,,,,,,,,,,,,,,,,,,,,,,,,,16.0,28.85,+0.70%,0.7,,,,,0,,,0,,,,,,,,,,商场样本/点评为商圈聚合；人口、收入、社零、交通、餐饮、政策多为城市级代理；客流/核心租金仅部分重点商圈有明细。,正向: 商场样本数、收入社零、公共交通客运、餐饮集聚、年轻客群、政策支持；逆向或成本约束: 租金/空置率。
中南区,河南,郑州,百货大楼,商圈/商场聚合,百货大楼,郑州市市区二七路49号,老牌的综合性购物商场·,1,1.0,1.0,0,0,0,,,,,1,14.4592,0.0,,,28.85,0,5,1,1,,,,,,,,,,,,,,,,,,,,,,,,,16.0,28.85,+0.70%,0.7,,,,,0,,,0,,,,,,,,,,商场样本/点评为商圈聚合；人口、收入、社零、交通、餐饮、政策多为城市级代理；客流/核心租金仅部分重点商圈有明细。,正向: 商场样本数、收入社零、公共交通客运、餐饮集聚、年轻客群、政策支持；逆向或成本约束: 租金/空置率。
东北区,吉林,长春,亚细亚百货,商圈/商场聚合,亚细亚百货,长春市红旗大街5号,有家电、服装、娱乐的综合性商场,1,1.0,1.0,0,0,0,,,,,1,14.4592,0.0,,,22.05,0,5,1,1,,,,,,,,,,,,,,,,,,,,,,,,,35.0,22.05,-5.99%,-5.99,,,,,0,,,0,,,,,,,,,,商场样本/点评为商圈聚合；人口、收入、社零、交通、餐饮、政策多为城市级代理；客流/核心租金仅部分重点商圈有明细。,正向: 商场样本数、收入社零、公共交通客运、餐饮集聚、年轻客群、政策支持；逆向或成本约束: 租金/空置率。
东北区,吉林,长春,卓展购物中心,商圈/商场聚合,卓展购物中心,重庆路1255号,定位与中高端消费群体。,1,1.0,1.0,1,0,0,,,,,1,14.4592,0.0,,,22.05,0,5,1,1,,,,,,,,,,,,,,,,,,,,,,,,,35.0,22.05,-5.99%,-5.99,,,,,0,,,0,,,,,,,,,,商场样本/点评为商圈聚合；人口、收入、社零、交通、餐饮、政策多为城市级代理；客流/核心租金仅部分重点商圈有明细。,正向: 商场样本数、收入社零、公共交通客运、餐饮集聚、年轻客群、政策支持；逆向或成本约束: 租金/空置率。
东北区,吉林,长春,国商百货,商圈/商场聚合,国商百货,长春市朝阳区人民大街1811号,,1,1.0,0.0,0,0,0,,,,,1,14.4592,0.0,,,22.05,0,5,1,0,,,,,,,,,,,,,,,,,,,,,,,,,35.0,22.05,-5.99%,-5.99,,,,,0,,,0,,,,,,,,,,商场样本/点评为商圈聚合；人口、收入、社零、交通、餐饮、政策多为城市级代理；客流/核心租金仅部分重点商圈有明细。,正向: 商场样本数、收入社零、公共交通客运、餐饮集聚、年轻客群、政策支持；逆向或成本约束: 租金/空置率。
东北区,吉林,长春,国贸商都,商圈/商场聚合,国贸商都,长春二道区东盛大街,综合性购物商场·,1,1.0,1.0,0,0,0,,,,,1,14.4592,0.0,,,22.05,0,5,1,1,,,,,,,,,,,,,,,,,,,,,,,,,35.0,22.05,-5.99%,-5.99,,,,,0,,,0,,,,,,,,,,商场样本/点评为商圈聚合；人口、收入、社零、交通、餐饮、政策多为城市级代理；客流/核心租金仅部分重点商圈有明细。,正向: 商场样本数、收入社零、公共交通客运、餐饮集聚、年轻客群、政策支持；逆向或成本约束: 租金/空置率。
东北区,吉林,长春,百货大楼,商圈/商场聚合,百货大楼,长春市朝阳区人民大街1881号,百货零售兼批发！,1,1.0,1.0,0,0,0,,,,,1,14.4592,0.0,,,22.05,0,5,1,1,,,,,,,,,,,,,,,,,,,,,,,,,35.0,22.05,-5.99%,-5.99,,,,,0,,,0,,,,,,,,,,商场样本/点评为商圈聚合；人口、收入、社零、交通、餐饮、政策多为城市级代理；客流/核心租金仅部分重点商圈有明细。,正向: 商场样本数、收入社零、公共交通客运、餐饮集聚、年轻客群、政策支持；逆向或成本约束: 租金/空置率。
东北区,吉林,长春,长春欧亚商都,商圈/商场聚合,长春欧亚商都,工农路1128号,位于工农大路14号繁华的红旗街路口交汇处，多元化、综合性经营！,1,1.0,1.0,0,0,0,,,,,1,14.4592,0.0,,,22.05,0,5,1,1,,,,,,,,,,,,,,,,,,,,,,,,,35.0,22.05,-5.99%,-5.99,,,,,0,,,0,,,,,,,,,,商场样本/点评为商圈聚合；人口、收入、社零、交通、餐饮、政策多为城市级代理；客流/核心租金仅部分重点商圈有明细。,正向: 商场样本数、收入社零、公共交通客运、餐饮集聚、年轻客群、政策支持；逆向或成本约束: 租金/空置率。
中南区,湖南,长沙,万达购物广场,商圈/商场聚合,万达购物广场,黄兴南路445号,步行街,1,1.0,1.0,0,0,0,,,,,1,13.6118,0.0,,,23.61,0,5,1,1,,,,,,,,,,,,,,,,,,,,,,72117.0,3.5,长沙市统计局2025年公报,29.0,23.61,+3.84%,3.84,,,,,0,,,0,,,,,,,,,,商场样本/点评为商圈聚合；人口、收入、社零、交通、餐饮、政策多为城市级代理；客流/核心租金仅部分重点商圈有明细。,正向: 商场样本数、收入社零、公共交通客运、餐饮集聚、年轻客群、政策支持；逆向或成本约束: 租金/空置率。
中南区,湖南,长沙,友谊,商圈/商场聚合,友谊,新友谊商店：五一东路278号,主要经营服装、百货、针棉、家电、副食等,1,1.0,1.0,0,0,0,,,,,1,13.6118,0.0,,,23.61,0,5,1,1,,,,,,,,,,,,,,,,,,,,,,72117.0,3.5,长沙市统计局2025年公报,29.0,23.61,+3.84%,3.84,,,,,0,,,0,,,,,,,,,,商场样本/点评为商圈聚合；人口、收入、社零、交通、餐饮、政策多为城市级代理；客流/核心租金仅部分重点商圈有明细。,正向: 商场样本数、收入社零、公共交通客运、餐饮集聚、年轻客群、政策支持；逆向或成本约束: 租金/空置率。
中南区,湖南,长沙,平和堂,商圈/商场聚合,平和堂,五一店：天心区黄兴中路88号,一个集商业零售、餐饮、休闲、文化娱乐、办公于一体的国际一流水平的商贸中心。 二楼为少淑区！,1,1.0,1.0,0,0,0,,,,,1,13.6118,0.0,,,23.61,0,5,1,1,,,,,,,,,,,,,,,,,,,,,,72117.0,3.5,长沙市统计局2025年公报,29.0,23.61,+3.84%,3.84,,,,,0,,,0,,,,,,,,,,商场样本/点评为商圈聚合；人口、收入、社零、交通、餐饮、政策多为城市级代理；客流/核心租金仅部分重点商圈有明细。,正向: 商场样本数、收入社零、公共交通客运、餐饮集聚、年轻客群、政策支持；逆向或成本约束: 租金/空置率。
中南区,湖南,长沙,新世界时尚广场,商圈/商场聚合,新世界时尚广场,长沙市五一西路153号,综合性购物商场。,1,1.0,1.0,0,0,0,,,,,1,13.6118,0.0,,,23.61,0,5,1,1,,,,,,,,,,,,,,,,,,,,,,72117.0,3.5,长沙市统计局2025年公报,29.0,23.61,+3.84%,3.84,,,,,0,,,0,,,,,,,,,,商场样本/点评为商圈聚合；人口、收入、社零、交通、餐饮、政策多为城市级代理；客流/核心租金仅部分重点商圈有明细。,正向: 商场样本数、收入社零、公共交通客运、餐饮集聚、年轻客群、政策支持；逆向或成本约束: 租金/空置率。
中南区,湖南,长沙,新世界百货（香港）,商圈/商场聚合,新世界百货（香港）,长沙市五一西路,"它主要以中高档的消费群体为主,品牌的引进也不错.",1,1.0,1.0,1,0,0,,,,,1,13.6118,0.0,,,23.61,0,5,1,1,,,,,,,,,,,,,,,,,,,,,,72117.0,3.5,长沙市统计局2025年公报,29.0,23.61,+3.84%,3.84,,,,,0,,,0,,,,,,,,,,商场样本/点评为商圈聚合；人口、收入、社零、交通、餐饮、政策多为城市级代理；客流/核心租金仅部分重点商圈有明细。,正向: 商场样本数、收入社零、公共交通客运、餐饮集聚、年轻客群、政策支持；逆向或成本约束: 租金/空置率。
中南区,湖南,长沙,春天百货,商圈/商场聚合,春天百货,五一广场黄兴中路49号,综合性购物商场，二楼为流行少女馆。,1,1.0,1.0,0,0,0,,,,,1,13.6118,0.0,,,23.61,0,5,1,1,,,,,,,,,,,,,,,,,,,,,,72117.0,3.5,长沙市统计局2025年公报,29.0,23.61,+3.84%,3.84,,,,,0,,,0,,,,,,,,,,商场样本/点评为商圈聚合；人口、收入、社零、交通、餐饮、政策多为城市级代理；客流/核心租金仅部分重点商圈有明细。,正向: 商场样本数、收入社零、公共交通客运、餐饮集聚、年轻客群、政策支持；逆向或成本约束: 租金/空置率。
中南区,湖南,长沙,王府井,商圈/商场聚合,王府井,长沙市天心区黄兴中路,综合性购物超市，三楼为女装。,1,1.0,1.0,0,0,0,,,,,1,13.6118,0.0,,,23.61,0,5,1,1,,,,,,,,,,,,,,,,,,,,,,72117.0,3.5,长沙市统计局2025年公报,29.0,23.61,+3.84%,3.84,,,,,0,,,0,,,,,,,,,,商场样本/点评为商圈聚合；人口、收入、社零、交通、餐饮、政策多为城市级代理；客流/核心租金仅部分重点商圈有明细。,正向: 商场样本数、收入社零、公共交通客运、餐饮集聚、年轻客群、政策支持；逆向或成本约束: 租金/空置率。
中南区,湖南,长沙,百联东方商厦,商圈/商场聚合,百联东方商厦,五一广场北面,"面积很大,比王府井百货还大,而且还有很多国际的名牌",1,1.0,1.0,0,0,0,,,,,1,13.6118,0.0,,,23.61,0,5,1,1,,,,,,,,,,,,,,,,,,,,,,72117.0,3.5,长沙市统计局2025年公报,29.0,23.61,+3.84%,3.84,,,,,0,,,0,,,,,,,,,,商场样本/点评为商圈聚合；人口、收入、社零、交通、餐饮、政策多为城市级代理；客流/核心租金仅部分重点商圈有明细。,正向: 商场样本数、收入社零、公共交通客运、餐饮集聚、年轻客群、政策支持；逆向或成本约束: 租金/空置率。
中南区,湖南,长沙,阿波罗商业城,商圈/商场聚合,阿波罗商业城,芙蓉区韶山北路49号,综合性购物商场。,1,1.0,1.0,0,0,0,,,,,1,13.6118,0.0,,,23.61,0,5,1,1,,,,,,,,,,,,,,,,,,,,,,72117.0,3.5,长沙市统计局2025年公报,29.0,23.61,+3.84%,3.84,,,,,0,,,0,,,,,,,,,,商场样本/点评为商圈聚合；人口、收入、社零、交通、餐饮、政策多为城市级代理；客流/核心租金仅部分重点商圈有明细。,正向: 商场样本数、收入社零、公共交通客运、餐饮集聚、年轻客群、政策支持；逆向或成本约束: 租金/空置率。
中南区,湖南,长沙,阿波罗商业广场,商圈/商场聚合,阿波罗商业广场,长沙火车站与八一路的交叉路口,集购物、娱乐、餐饮、休闲、商务、银行、电信、泊车、社交中心为一体的购物中心,1,1.0,1.0,0,0,0,,,,,1,13.6118,0.0,,,23.61,0,5,1,1,,,,,,,,,,,,,,,,,,,,,,72117.0,3.5,长沙市统计局2025年公报,29.0,23.61,+3.84%,3.84,,,,,0,,,0,,,,,,,,,,商场样本/点评为商圈聚合；人口、收入、社零、交通、餐饮、政策多为城市级代理；客流/核心租金仅部分重点商圈有明细。,正向: 商场样本数、收入社零、公共交通客运、餐饮集聚、年轻客群、政策支持；逆向或成本约束: 租金/空置率。
中南区,湖南,长沙,青和城,商圈/商场聚合,青和城,人民西路,新建综合型商场,1,1.0,1.0,0,0,0,,,,,1,13.6118,0.0,,,23.61,0,5,1,1,,,,,,,,,,,,,,,,,,,,,,72117.0,3.5,长沙市统计局2025年公报,29.0,23.61,+3.84%,3.84,,,,,0,,,0,,,,,,,,,,商场样本/点评为商圈聚合；人口、收入、社零、交通、餐饮、政策多为城市级代理；客流/核心租金仅部分重点商圈有明细。,正向: 商场样本数、收入社零、公共交通客运、餐饮集聚、年轻客群、政策支持；逆向或成本约束: 租金/空置率。
中南区,山东,青岛,东方贸易大厦,商圈/商场聚合,东方贸易大厦,胶州路140号,集购物和旅游服务为一体的商业中心！,1,1.0,1.0,0,0,0,,,,,1,12.9521,0.0,,,24.14,0,5,1,1,,,,,,,,,,,,,,,,,,,,,,65520.0,3.7,青岛市统计局,26.0,24.14,-2.11%,-2.11,,,,,0,,,0,,,,,,,,,,商场样本/点评为商圈聚合；人口、收入、社零、交通、餐饮、政策多为城市级代理；客流/核心租金仅部分重点商圈有明细。,正向: 商场样本数、收入社零、公共交通客运、餐饮集聚、年轻客群、政策支持；逆向或成本约束: 租金/空置率。
中南区,山东,青岛,利群海琴购物广场,商圈/商场聚合,利群海琴购物广场,青岛市四方区商丘路28号,集购物、休闲、娱乐为一体的综合性文化广场,1,1.0,1.0,0,0,0,,,,,1,12.9521,0.0,,,24.14,0,5,1,1,,,,,,,,,,,,,,,,,,,,,,65520.0,3.7,青岛市统计局,26.0,24.14,-2.11%,-2.11,,,,,0,,,0,,,,,,,,,,商场样本/点评为商圈聚合；人口、收入、社零、交通、餐饮、政策多为城市级代理；客流/核心租金仅部分重点商圈有明细。,正向: 商场样本数、收入社零、公共交通客运、餐饮集聚、年轻客群、政策支持；逆向或成本约束: 租金/空置率。
中南区,山东,青岛,利群瑞泰购物广场,商圈/商场聚合,利群瑞泰购物广场,青岛市开发区长江中路268号,第二个网点，,1,1.0,1.0,0,0,0,,,,,1,12.9521,0.0,,,24.14,0,5,1,1,,,,,,,,,,,,,,,,,,,,,,65520.0,3.7,青岛市统计局,26.0,24.14,-2.11%,-2.11,,,,,0,,,0,,,,,,,,,,商场样本/点评为商圈聚合；人口、收入、社零、交通、餐饮、政策多为城市级代理；客流/核心租金仅部分重点商圈有明细。,正向: 商场样本数、收入社零、公共交通客运、餐饮集聚、年轻客群、政策支持；逆向或成本约束: 租金/空置率。
中南区,山东,青岛,利群百惠商厦,商圈/商场聚合,利群百惠商厦,青岛市市北区延安路129号,原青岛百货总公司延安路第三百货店，集购物、休闲、娱乐、餐饮、商务为一体的大型综合性商厦,1,1.0,1.0,0,0,0,,,,,1,12.9521,0.0,,,24.14,0,5,1,1,,,,,,,,,,,,,,,,,,,,,,65520.0,3.7,青岛市统计局,26.0,24.14,-2.11%,-2.11,,,,,0,,,0,,,,,,,,,,商场样本/点评为商圈聚合；人口、收入、社零、交通、餐饮、政策多为城市级代理；客流/核心租金仅部分重点商圈有明细。,正向: 商场样本数、收入社零、公共交通客运、餐饮集聚、年轻客群、政策支持；逆向或成本约束: 租金/空置率。
中南区,山东,青岛,利群金海岸商厦,商圈/商场聚合,利群金海岸商厦,青岛市开发区长江东路696号,原青岛百货总公司延安路第三百货店，集购物、休闲、娱乐、餐饮、商务为一体的大型综合性商厦,1,1.0,1.0,0,0,0,,,,,1,12.9521,0.0,,,24.14,0,5,1,1,,,,,,,,,,,,,,,,,,,,,,65520.0,3.7,青岛市统计局,26.0,24.14,-2.11%,-2.11,,,,,0,,,0,,,,,,,,,,商场样本/点评为商圈聚合；人口、收入、社零、交通、餐饮、政策多为城市级代理；客流/核心租金仅部分重点商圈有明细。,正向: 商场样本数、收入社零、公共交通客运、餐饮集聚、年轻客群、政策支持；逆向或成本约束: 租金/空置率。
中南区,山东,青岛,利群长江商厦,商圈/商场聚合,利群长江商厦,青岛经济技术开发区香江路78号,集购物、住宿、餐饮于一体的休闲性购物中心，经济技术开发区繁华的香江路,1,1.0,1.0,0,0,0,,,,,1,12.9521,0.0,,,24.14,0,5,1,1,,,,,,,,,,,,,,,,,,,,,,65520.0,3.7,青岛市统计局,26.0,24.14,-2.11%,-2.11,,,,,0,,,0,,,,,,,,,,商场样本/点评为商圈聚合；人口、收入、社零、交通、餐饮、政策多为城市级代理；客流/核心租金仅部分重点商圈有明细。,正向: 商场样本数、收入社零、公共交通客运、餐饮集聚、年轻客群、政策支持；逆向或成本约束: 租金/空置率。
中南区,山东,青岛,利群长江购物广场,商圈/商场聚合,利群长江购物广场,青岛市开发区香江路67号,秉承利群一贯的服务理念，名品进名店”,1,1.0,1.0,0,0,0,,,,,1,12.9521,0.0,,,24.14,0,5,1,1,,,,,,,,,,,,,,,,,,,,,,65520.0,3.7,青岛市统计局,26.0,24.14,-2.11%,-2.11,,,,,0,,,0,,,,,,,,,,商场样本/点评为商圈聚合；人口、收入、社零、交通、餐饮、政策多为城市级代理；客流/核心租金仅部分重点商圈有明细。,正向: 商场样本数、收入社零、公共交通客运、餐饮集聚、年轻客群、政策支持；逆向或成本约束: 租金/空置率。
中南区,山东,青岛,利群集团前海购物广场,商圈/商场聚合,利群集团前海购物广场,青岛市贵州路40号,第五个网点，定位以中高档为主，填补了青岛市西部老城区无大型综合商业设施的空白,1,1.0,1.0,1,0,0,,,,,1,12.9521,0.0,,,24.14,0,5,1,1,,,,,,,,,,,,,,,,,,,,,,65520.0,3.7,青岛市统计局,26.0,24.14,-2.11%,-2.11,,,,,0,,,0,,,,,,,,,,商场样本/点评为商圈聚合；人口、收入、社零、交通、餐饮、政策多为城市级代理；客流/核心租金仅部分重点商圈有明细。,正向: 商场样本数、收入社零、公共交通客运、餐饮集聚、年轻客群、政策支持；逆向或成本约束: 租金/空置率。
中南区,山东,青岛,华联商厦,商圈/商场聚合,华联商厦,青岛市南区费县路6号,集购物、餐饮、娱乐为一体的大型购物商场！,1,1.0,1.0,0,0,0,,,,,1,12.9521,0.0,,,24.14,0,5,1,1,,,,,,,,,,,,,,,,,,,,,,65520.0,3.7,青岛市统计局,26.0,24.14,-2.11%,-2.11,,,,,0,,,0,,,,,,,,,,商场样本/点评为商圈聚合；人口、收入、社零、交通、餐饮、政策多为城市级代理；客流/核心租金仅部分重点商圈有明细。,正向: 商场样本数、收入社零、公共交通客运、餐饮集聚、年轻客群、政策支持；逆向或成本约束: 租金/空置率。
中南区,山东,青岛,台东利群(总部),商圈/商场聚合,台东利群(总部),青岛市台东三路77号,金鼎百货店品牌店，经营范围涉及到百货、服装、家电等，消费档次涵盖高档、中档，同时还兼顾低档商品，包括众多国内外知名品牌,1,1.0,1.0,1,1,0,,,,,1,12.9521,0.0,,,24.14,0,5,1,1,,,,,,,,,,,,,,,,,,,,,,65520.0,3.7,青岛市统计局,26.0,24.14,-2.11%,-2.11,,,,,0,,,0,,,,,,,,,,商场样本/点评为商圈聚合；人口、收入、社零、交通、餐饮、政策多为城市级代理；客流/核心租金仅部分重点商圈有明细。,正向: 商场样本数、收入社零、公共交通客运、餐饮集聚、年轻客群、政策支持；逆向或成本约束: 租金/空置率。
中南区,山东,青岛,国货城阳购物中心,商圈/商场聚合,国货城阳购物中心,青岛市市北区高密路80号,一楼为服装和珠宝销售区，二楼为自选超市，规模较小！,1,1.0,1.0,0,0,0,,,,,1,12.9521,0.0,,,24.14,0,5,1,1,,,,,,,,,,,,,,,,,,,,,,65520.0,3.7,青岛市统计局,26.0,24.14,-2.11%,-2.11,,,,,0,,,0,,,,,,,,,,商场样本/点评为商圈聚合；人口、收入、社零、交通、餐饮、政策多为城市级代理；客流/核心租金仅部分重点商圈有明细。,正向: 商场样本数、收入社零、公共交通客运、餐饮集聚、年轻客群、政策支持；逆向或成本约束: 租金/空置率。
中南区,山东,青岛,海信广场,商圈/商场聚合,海信广场,青岛市市南区山东路,集购物、休闲、餐饮、娱乐于一体的大型现代化商业连锁商场！http://www.hisense-plaza.com/webviewsq/index.aspx,1,1.0,1.0,0,0,0,,,,,1,12.9521,0.0,,,24.14,0,5,1,1,,,,,,,,,,,,,,,,,,,,,,65520.0,3.7,青岛市统计局,26.0,24.14,-2.11%,-2.11,,,,,0,,,0,,,,,,,,,,商场样本/点评为商圈聚合；人口、收入、社零、交通、餐饮、政策多为城市级代理；客流/核心租金仅部分重点商圈有明细。,正向: 商场样本数、收入社零、公共交通客运、餐饮集聚、年轻客群、政策支持；逆向或成本约束: 租金/空置率。
中南区,山东,青岛,百盛购物中心,商圈/商场聚合,百盛购物中心,中山路商业街,唯一具有购物、商务、休闲、娱乐、美食、公寓、停车、观光“八合一”的综合性多功能的智能型商厦。,1,1.0,1.0,0,0,0,,,,,1,12.9521,0.0,,,24.14,0,5,1,1,,,,,,,,,,,,,,,,,,,,,,65520.0,3.7,青岛市统计局,26.0,24.14,-2.11%,-2.11,,,,,0,,,0,,,,,,,,,,商场样本/点评为商圈聚合；人口、收入、社零、交通、餐饮、政策多为城市级代理；客流/核心租金仅部分重点商圈有明细。,正向: 商场样本数、收入社零、公共交通客运、餐饮集聚、年轻客群、政策支持；逆向或成本约束: 租金/空置率。
中南区,河南,三门峡,千禧,商圈/商场聚合,千禧,,,1,0.0,0.0,0,0,0,,,,,1,14.4592,0.0,,,,0,4,0,0,,,,,,,,,,,,,,,,,,,,,,,,,,,,,,,,,0,,,0,,,,,,,,,,商场样本/点评为商圈聚合；人口、收入、社零、交通、餐饮、政策多为城市级代理；客流/核心租金仅部分重点商圈有明细。,正向: 商场样本数、收入社零、公共交通客运、餐饮集聚、年轻客群、政策支持；逆向或成本约束: 租金/空置率。
华东区,浙江,上虞,第一百货,商圈/商场聚合,第一百货,上虞市龙山路,综合性购物商场·,1,1.0,1.0,0,0,0,,,,,1,14.4592,0.0,,,,0,4,1,1,,,,,,,,,,,,,,,,,,,,,,,,,,,,,,,,,0,,,0,,,,,,,,,,商场样本/点评为商圈聚合；人口、收入、社零、交通、餐饮、政策多为城市级代理；客流/核心租金仅部分重点商圈有明细。,正向: 商场样本数、收入社零、公共交通客运、餐饮集聚、年轻客群、政策支持；逆向或成本约束: 租金/空置率。
中南区,山东,东营,东营银座,商圈/商场聚合,东营银座,济南路296,集购物、休闲、餐饮、娱乐于一体的大型现代化商业连锁商场！,1,1.0,1.0,0,0,0,,,,,1,14.4592,0.0,,,,0,4,1,1,,,,,,,,,,,,,,,,,,,,,,,,,,,,,,,,,0,,,0,,,,,,,,,,商场样本/点评为商圈聚合；人口、收入、社零、交通、餐饮、政策多为城市级代理；客流/核心租金仅部分重点商圈有明细。,正向: 商场样本数、收入社零、公共交通客运、餐饮集聚、年轻客群、政策支持；逆向或成本约束: 租金/空置率。
中南区,广东,中山,中山百货,商圈/商场聚合,中山百货,广东省中山市中区石岐孙文西路58-60号,零售(综合商场),1,1.0,1.0,0,0,0,,,,,1,14.4592,0.0,,,,0,4,1,1,,,,,,,,,,,,,,,,,,,,,,,,,,,,,,,,,0,,,0,,,,,,,,,,商场样本/点评为商圈聚合；人口、收入、社零、交通、餐饮、政策多为城市级代理；客流/核心租金仅部分重点商圈有明细。,正向: 商场样本数、收入社零、公共交通客运、餐饮集聚、年轻客群、政策支持；逆向或成本约束: 租金/空置率。
中南区,广东,中山,中肯百货,商圈/商场聚合,中肯百货,广东省中山市石岐安栏路18号,,1,1.0,0.0,0,0,0,,,,,1,14.4592,0.0,,,,0,4,1,0,,,,,,,,,,,,,,,,,,,,,,,,,,,,,,,,,0,,,0,,,,,,,,,,商场样本/点评为商圈聚合；人口、收入、社零、交通、餐饮、政策多为城市级代理；客流/核心租金仅部分重点商圈有明细。,正向: 商场样本数、收入社零、公共交通客运、餐饮集聚、年轻客群、政策支持；逆向或成本约束: 租金/空置率。
中南区,广东,中山,优越城百货,商圈/商场聚合,优越城百货,石岐区莲塘东路大信新都汇 1 — 3 层,是中山市最具规模与发展潜力的中、高档百货。,1,1.0,1.0,1,0,0,,,,,1,14.4592,0.0,,,,0,4,1,1,,,,,,,,,,,,,,,,,,,,,,,,,,,,,,,,,0,,,0,,,,,,,,,,商场样本/点评为商圈聚合；人口、收入、社零、交通、餐饮、政策多为城市级代理；客流/核心租金仅部分重点商圈有明细。,正向: 商场样本数、收入社零、公共交通客运、餐饮集聚、年轻客群、政策支持；逆向或成本约束: 租金/空置率。
中南区,广东,中山,益华百货,商圈/商场聚合,益华百货,中山市古镇镇中兴大道国贸广场,定位为一个城市综合商业服务与日常“吃、喝、玩、乐、住”众功能的“生活馆”。是中山市最早诠释的国际流行商业模式MALL。,1,1.0,1.0,0,0,0,,,,,1,14.4592,0.0,,,,0,4,1,1,,,,,,,,,,,,,,,,,,,,,,,,,,,,,,,,,0,,,0,,,,,,,,,,商场样本/点评为商圈聚合；人口、收入、社零、交通、餐饮、政策多为城市级代理；客流/核心租金仅部分重点商圈有明细。,正向: 商场样本数、收入社零、公共交通客运、餐饮集聚、年轻客群、政策支持；逆向或成本约束: 租金/空置率。
中南区,广东,中山,益华百货总部,商圈/商场聚合,益华百货总部,中山市中山三路怡华商业大厦,定位为一个城市综合商业服务与日常“吃、喝、玩、乐、住”众功能的“生活馆”。是中山市最早诠释的国际流行商业模式MALL。,1,1.0,1.0,0,0,0,,,,,1,14.4592,0.0,,,,0,4,1,1,,,,,,,,,,,,,,,,,,,,,,,,,,,,,,,,,0,,,0,,,,,,,,,,商场样本/点评为商圈聚合；人口、收入、社零、交通、餐饮、政策多为城市级代理；客流/核心租金仅部分重点商圈有明细。,正向: 商场样本数、收入社零、公共交通客运、餐饮集聚、年轻客群、政策支持；逆向或成本约束: 租金/空置率。
中南区,山东,临沂,九州商厦,商圈/商场聚合,九州商厦,解放路183号,是一家融百货业态与超市业态于一体的大型商业购物中心,1,1.0,1.0,0,0,0,,,,,1,14.4592,0.0,,,,0,4,1,1,,,,,,,,,,,,,,,,,,,,,,,,,,,,,,,,,0,,,0,,,,,,,,,,商场样本/点评为商圈聚合；人口、收入、社零、交通、餐饮、政策多为城市级代理；客流/核心租金仅部分重点商圈有明细。,正向: 商场样本数、收入社零、公共交通客运、餐饮集聚、年轻客群、政策支持；逆向或成本约束: 租金/空置率。
中南区,山东,临沂,摩登百货,商圈/商场聚合,摩登百货,,,1,0.0,0.0,0,0,0,,,,,1,14.4592,0.0,,,,0,4,0,0,,,,,,,,,,,,,,,,,,,,,,,,,,,,,,,,,0,,,0,,,,,,,,,,商场样本/点评为商圈聚合；人口、收入、社零、交通、餐饮、政策多为城市级代理；客流/核心租金仅部分重点商圈有明细。,正向: 商场样本数、收入社零、公共交通客运、餐饮集聚、年轻客群、政策支持；逆向或成本约束: 租金/空置率。
中南区,山东,临沂,桃园大世界,商圈/商场聚合,桃园大世界,沂蒙路中段,定位高端的老牌商场，在竞争日趋激烈的情况下也逐渐趋平民化。,1,1.0,1.0,1,0,0,,,,,1,14.4592,0.0,,,,0,4,1,1,,,,,,,,,,,,,,,,,,,,,,,,,,,,,,,,,0,,,0,,,,,,,,,,商场样本/点评为商圈聚合；人口、收入、社零、交通、餐饮、政策多为城市级代理；客流/核心租金仅部分重点商圈有明细。,正向: 商场样本数、收入社零、公共交通客运、餐饮集聚、年轻客群、政策支持；逆向或成本约束: 租金/空置率。
中南区,山东,临沂,蓝天步行街,商圈/商场聚合,临沂银座,临沂市兰山区红旗路11号,集购物、休闲、餐饮、娱乐于一体的大型现代化商业连锁商场！,1,1.0,1.0,0,0,1,,,,,1,14.4592,0.0,,,,0,4,1,1,,,,,,,,,,,,,,,,,,,,,,,,,,,,,,,,,0,,,0,,,,,,,,,,商场样本/点评为商圈聚合；人口、收入、社零、交通、餐饮、政策多为城市级代理；客流/核心租金仅部分重点商圈有明细。,正向: 商场样本数、收入社零、公共交通客运、餐饮集聚、年轻客群、政策支持；逆向或成本约束: 租金/空置率。
西南区,四川,乐山,华联商厦,商圈/商场聚合,华联商厦,,"汽车站,氛围还没形成.",1,0.0,1.0,0,0,0,,,,,1,14.4592,0.0,,,,0,4,0,1,,,,,,,,,,,,,,,,,,,,,,,,,,,,,,,,,0,,,0,,,,,,,,,,商场样本/点评为商圈聚合；人口、收入、社零、交通、餐饮、政策多为城市级代理；客流/核心租金仅部分重点商圈有明细。,正向: 商场样本数、收入社零、公共交通客运、餐饮集聚、年轻客群、政策支持；逆向或成本约束: 租金/空置率。
西南区,四川,乐山,摩尔春天,商圈/商场聚合,摩尔春天,,"嘉定南路商圈,一流商场",1,0.0,1.0,0,0,0,,,,,1,14.4592,0.0,,,,0,4,0,1,,,,,,,,,,,,,,,,,,,,,,,,,,,,,,,,,0,,,0,,,,,,,,,,商场样本/点评为商圈聚合；人口、收入、社零、交通、餐饮、政策多为城市级代理；客流/核心租金仅部分重点商圈有明细。,正向: 商场样本数、收入社零、公共交通客运、餐饮集聚、年轻客群、政策支持；逆向或成本约束: 租金/空置率。
中南区,江西,九江,"主要以步行街为主,",商圈/商场聚合,太平洋购物广场,浔阳路258号(新大中大百货),大型综合性购物商场！,1,1.0,1.0,0,0,1,,,,,1,14.4592,0.0,,,,0,4,1,1,,,,,,,,,,,,,,,,,,,,,,,,,,,,,,,,,0,,,0,,,,,,,,,,商场样本/点评为商圈聚合；人口、收入、社零、交通、餐饮、政策多为城市级代理；客流/核心租金仅部分重点商圈有明细。,正向: 商场样本数、收入社零、公共交通客运、餐饮集聚、年轻客群、政策支持；逆向或成本约束: 租金/空置率。
中南区,江西,九江,信华城市广场,商圈/商场聚合,信华城市广场,大中路500号,是九江第一座国际级的都会型观光休闲购物中心，集购物、观光、娱乐、餐饮、休闲为一体。,1,1.0,1.0,0,0,0,,,,,1,14.4592,0.0,,,,0,4,1,1,,,,,,,,,,,,,,,,,,,,,,,,,,,,,,,,,0,,,0,,,,,,,,,,商场样本/点评为商圈聚合；人口、收入、社零、交通、餐饮、政策多为城市级代理；客流/核心租金仅部分重点商圈有明细。,正向: 商场样本数、收入社零、公共交通客运、餐饮集聚、年轻客群、政策支持；逆向或成本约束: 租金/空置率。
中南区,江西,九江,大中路步行街(中档大众品牌)\浔阳路商档品牌区,商圈/商场聚合,浔客隆,,位置很偏,1,0.0,1.0,0,0,1,,,,,1,14.4592,0.0,,,,0,4,0,1,,,,,,,,,,,,,,,,,,,,,,,,,,,,,,,,,0,,,0,,,,,,,,,,商场样本/点评为商圈聚合；人口、收入、社零、交通、餐饮、政策多为城市级代理；客流/核心租金仅部分重点商圈有明细。,正向: 商场样本数、收入社零、公共交通客运、餐饮集聚、年轻客群、政策支持；逆向或成本约束: 租金/空置率。
华北区,河北,保定,北国商城,商圈/商场聚合,北国商城,,,1,0.0,0.0,0,0,0,,,,,1,14.4592,0.0,,,,0,4,0,0,,,,,,,,,,,,,,,,,,,,,,,,,,,,,,,,,0,,,0,,,,,,,,,,商场样本/点评为商圈聚合；人口、收入、社零、交通、餐饮、政策多为城市级代理；客流/核心租金仅部分重点商圈有明细。,正向: 商场样本数、收入社零、公共交通客运、餐饮集聚、年轻客群、政策支持；逆向或成本约束: 租金/空置率。
中南区,河南,信阳,西亚商场,商圈/商场聚合,西亚商场,,,1,0.0,0.0,0,0,0,,,,,1,14.4592,0.0,,,,0,4,0,0,,,,,,,,,,,,,,,,,,,,,,,,,,,,,,,,,0,,,0,,,,,,,,,,商场样本/点评为商圈聚合；人口、收入、社零、交通、餐饮、政策多为城市级代理；客流/核心租金仅部分重点商圈有明细。,正向: 商场样本数、收入社零、公共交通客运、餐饮集聚、年轻客群、政策支持；逆向或成本约束: 租金/空置率。
西南区,四川,内江,天津街\中央街,商圈/商场聚合,天津街\中央街,,,1,0.0,0.0,0,0,1,,,,,1,14.4592,0.0,,,,0,4,0,0,,,,,,,,,,,,,,,,,,,,,,,,,,,,,,,,,0,,,0,,,,,,,,,,商场样本/点评为商圈聚合；人口、收入、社零、交通、餐饮、政策多为城市级代理；客流/核心租金仅部分重点商圈有明细。,正向: 商场样本数、收入社零、公共交通客运、餐饮集聚、年轻客群、政策支持；逆向或成本约束: 租金/空置率。
西南区,四川,内江,摩尔卓尔购物中心,商圈/商场聚合,摩尔卓尔购物中心,,,1,0.0,0.0,0,0,0,,,,,1,14.4592,0.0,,,,0,4,0,0,,,,,,,,,,,,,,,,,,,,,,,,,,,,,,,,,0,,,0,,,,,,,,,,商场样本/点评为商圈聚合；人口、收入、社零、交通、餐饮、政策多为城市级代理；客流/核心租金仅部分重点商圈有明细。,正向: 商场样本数、收入社零、公共交通客运、餐饮集聚、年轻客群、政策支持；逆向或成本约束: 租金/空置率。
西南区,四川,凯里,东方大厦,商圈/商场聚合,东方大厦,凯里中心区,综合性购物商场·,1,1.0,1.0,0,0,0,,,,,1,14.4592,0.0,,,,0,4,1,1,,,,,,,,,,,,,,,,,,,,,,,,,,,,,,,,,0,,,0,,,,,,,,,,商场样本/点评为商圈聚合；人口、收入、社零、交通、餐饮、政策多为城市级代理；客流/核心租金仅部分重点商圈有明细。,正向: 商场样本数、收入社零、公共交通客运、餐饮集聚、年轻客群、政策支持；逆向或成本约束: 租金/空置率。
西南区,四川,凯里,佳惠购物中心,商圈/商场聚合,佳惠购物中心,凯里中心区,综合性购物超市。,1,1.0,1.0,0,0,0,,,,,1,14.4592,0.0,,,,0,4,1,1,,,,,,,,,,,,,,,,,,,,,,,,,,,,,,,,,0,,,0,,,,,,,,,,商场样本/点评为商圈聚合；人口、收入、社零、交通、餐饮、政策多为城市级代理；客流/核心租金仅部分重点商圈有明细。,正向: 商场样本数、收入社零、公共交通客运、餐饮集聚、年轻客群、政策支持；逆向或成本约束: 租金/空置率。
西南区,四川,凯里,林贸大厦,商圈/商场聚合,林贸大厦,凯里中心区,综合性购物商场·,1,1.0,1.0,0,0,0,,,,,1,14.4592,0.0,,,,0,4,1,1,,,,,,,,,,,,,,,,,,,,,,,,,,,,,,,,,0,,,0,,,,,,,,,,商场样本/点评为商圈聚合；人口、收入、社零、交通、餐饮、政策多为城市级代理；客流/核心租金仅部分重点商圈有明细。,正向: 商场样本数、收入社零、公共交通客运、餐饮集聚、年轻客群、政策支持；逆向或成本约束: 租金/空置率。
华北区；西北区,内蒙古,包头,王府井,商圈/商场聚合,王府井,包头市市区钢铁大街71号,坐落于包头市钢铁大街中心商业区最繁华地段，以中高档商品为主的大型购物中心,1,0.5,0.5,1,0,0,,,,,1,14.4592,0.0,,,,0,4,1,1,,,,,,,,,,,,,,,,,,,,,,,,,,,,,,,,,0,,,0,,,,,,,,,,商场样本/点评为商圈聚合；人口、收入、社零、交通、餐饮、政策多为城市级代理；客流/核心租金仅部分重点商圈有明细。,正向: 商场样本数、收入社零、公共交通客运、餐饮集聚、年轻客群、政策支持；逆向或成本约束: 租金/空置率。
华北区,内蒙古,包头,百货大楼,商圈/商场聚合,百货大楼,包头市市区钢铁大街67号,规模较大的以零售业为主、多元化经营的商业企业！,1,1.0,1.0,0,0,0,,,,,1,14.4592,0.0,,,,0,4,1,1,,,,,,,,,,,,,,,,,,,,,,,,,,,,,,,,,0,,,0,,,,,,,,,,商场样本/点评为商圈聚合；人口、收入、社零、交通、餐饮、政策多为城市级代理；客流/核心租金仅部分重点商圈有明细。,正向: 商场样本数、收入社零、公共交通客运、餐饮集聚、年轻客群、政策支持；逆向或成本约束: 租金/空置率。
华北区；西北区,内蒙古,包头,蓝天百货,商圈/商场聚合,蓝天百货,包头市阿尔丁大街1号,综合性购物商场！,1,0.5,0.5,0,0,0,,,,,1,14.4592,0.0,,,,0,4,1,1,,,,,,,,,,,,,,,,,,,,,,,,,,,,,,,,,0,,,0,,,,,,,,,,商场样本/点评为商圈聚合；人口、收入、社零、交通、餐饮、政策多为城市级代理；客流/核心租金仅部分重点商圈有明细。,正向: 商场样本数、收入社零、公共交通客运、餐饮集聚、年轻客群、政策支持；逆向或成本约束: 租金/空置率。
华北区；西北区,内蒙古,包头,金融大厦,商圈/商场聚合,金融大厦,包头市市区钢铁大街,综合性购物商场！,1,0.5,0.5,0,0,0,,,,,1,14.4592,0.0,,,,0,4,1,1,,,,,,,,,,,,,,,,,,,,,,,,,,,,,,,,,0,,,0,,,,,,,,,,商场样本/点评为商圈聚合；人口、收入、社零、交通、餐饮、政策多为城市级代理；客流/核心租金仅部分重点商圈有明细。,正向: 商场样本数、收入社零、公共交通客运、餐饮集聚、年轻客群、政策支持；逆向或成本约束: 租金/空置率。
西北区,内蒙古,包头,张掖步行街,商圈/商场聚合,,,,0,,,0,0,1,,,,,0,14.4592,0.0,,,,0,4,0,0,,,,,,,,,,,,,,,,,,,,,,,,,,,,,,,,,0,,,0,,,,,,,,,,商场样本/点评为商圈聚合；人口、收入、社零、交通、餐饮、政策多为城市级代理；客流/核心租金仅部分重点商圈有明细。,正向: 商场样本数、收入社零、公共交通客运、餐饮集聚、年轻客群、政策支持；逆向或成本约束: 租金/空置率。
中南区,广西,北海,步行街,商圈/商场聚合,步行街,,,1,0.0,0.0,0,0,1,,,,,1,14.4592,0.0,,,,0,4,0,0,,,,,,,,,,,,,,,,,,,,,,,,,,,,,,,,,0,,,0,,,,,,,,,,商场样本/点评为商圈聚合；人口、收入、社零、交通、餐饮、政策多为城市级代理；客流/核心租金仅部分重点商圈有明细。,正向: 商场样本数、收入社零、公共交通客运、餐饮集聚、年轻客群、政策支持；逆向或成本约束: 租金/空置率。
西南区,四川,南充,人民中路段步街,商圈/商场聚合,人民中路段步街,,,1,0.0,0.0,0,0,1,,,,,1,14.4592,0.0,,,,0,4,0,0,,,,,,,,,,,,,,,,,,,,,,,,,,,,,,,,,0,,,0,,,,,,,,,,商场样本/点评为商圈聚合；人口、收入、社零、交通、餐饮、政策多为城市级代理；客流/核心租金仅部分重点商圈有明细。,正向: 商场样本数、收入社零、公共交通客运、餐饮集聚、年轻客群、政策支持；逆向或成本约束: 租金/空置率。
西南区,四川,南充,人民商场,商圈/商场聚合,人民商场,,五星花园,1,0.0,1.0,0,0,0,,,,,1,14.4592,0.0,,,,0,4,0,1,,,,,,,,,,,,,,,,,,,,,,,,,,,,,,,,,0,,,0,,,,,,,,,,商场样本/点评为商圈聚合；人口、收入、社零、交通、餐饮、政策多为城市级代理；客流/核心租金仅部分重点商圈有明细。,正向: 商场样本数、收入社零、公共交通客运、餐饮集聚、年轻客群、政策支持；逆向或成本约束: 租金/空置率。
西南区,四川,南充,盛华堂百货,商圈/商场聚合,盛华堂百货,,,1,0.0,0.0,0,0,0,,,,,1,14.4592,0.0,,,,0,4,0,0,,,,,,,,,,,,,,,,,,,,,,,,,,,,,,,,,0,,,0,,,,,,,,,,商场样本/点评为商圈聚合；人口、收入、社零、交通、餐饮、政策多为城市级代理；客流/核心租金仅部分重点商圈有明细。,正向: 商场样本数、收入社零、公共交通客运、餐饮集聚、年轻客群、政策支持；逆向或成本约束: 租金/空置率。
中南区,河南,南阳,大统百货,商圈/商场聚合,大统百货,,,1,0.0,0.0,0,0,0,,,,,1,14.4592,0.0,,,,0,4,0,0,,,,,,,,,,,,,,,,,,,,,,,,,,,,,,,,,0,,,0,,,,,,,,,,商场样本/点评为商圈聚合；人口、收入、社零、交通、餐饮、政策多为城市级代理；客流/核心租金仅部分重点商圈有明细。,正向: 商场样本数、收入社零、公共交通客运、餐饮集聚、年轻客群、政策支持；逆向或成本约束: 租金/空置率。
中南区,河南,南阳,金玛特购物中心,商圈/商场聚合,金玛特购物中心,,,1,0.0,0.0,0,0,0,,,,,1,14.4592,0.0,,,,0,4,0,0,,,,,,,,,,,,,,,,,,,,,,,,,,,,,,,,,0,,,0,,,,,,,,,,商场样本/点评为商圈聚合；人口、收入、社零、交通、餐饮、政策多为城市级代理；客流/核心租金仅部分重点商圈有明细。,正向: 商场样本数、收入社零、公共交通客运、餐饮集聚、年轻客群、政策支持；逆向或成本约束: 租金/空置率。
中南区,河南,南阳,鸿德百货,商圈/商场聚合,鸿德百货,,,1,0.0,0.0,0,0,0,,,,,1,14.4592,0.0,,,,0,4,0,0,,,,,,,,,,,,,,,,,,,,,,,,,,,,,,,,,0,,,0,,,,,,,,,,商场样本/点评为商圈聚合；人口、收入、社零、交通、餐饮、政策多为城市级代理；客流/核心租金仅部分重点商圈有明细。,正向: 商场样本数、收入社零、公共交通客运、餐饮集聚、年轻客群、政策支持；逆向或成本约束: 租金/空置率。
中南区,河南,南阳,鸿德购物公园(步行街),商圈/商场聚合,鸿德购物公园(步行街),,,1,0.0,0.0,0,0,1,,,,,1,14.4592,0.0,,,,0,4,0,0,,,,,,,,,,,,,,,,,,,,,,,,,,,,,,,,,0,,,0,,,,,,,,,,商场样本/点评为商圈聚合；人口、收入、社零、交通、餐饮、政策多为城市级代理；客流/核心租金仅部分重点商圈有明细。,正向: 商场样本数、收入社零、公共交通客运、餐饮集聚、年轻客群、政策支持；逆向或成本约束: 租金/空置率。
西北区,陕西,咸阳,人民商场,商圈/商场聚合,人民商场,乐育南路21号,,1,1.0,0.0,0,0,0,,,,,1,14.4592,0.0,,,,0,4,1,0,,,,,,,,,,,,,,,,,,,,,,,,,,,,,,,,,0,,,0,,,,,,,,,,商场样本/点评为商圈聚合；人口、收入、社零、交通、餐饮、政策多为城市级代理；客流/核心租金仅部分重点商圈有明细。,正向: 商场样本数、收入社零、公共交通客运、餐饮集聚、年轻客群、政策支持；逆向或成本约束: 租金/空置率。
西北区,陕西,咸阳,利民商场,商圈/商场聚合,利民商场,西兰路39号,,1,1.0,0.0,0,0,0,,,,,1,14.4592,0.0,,,,0,4,1,0,,,,,,,,,,,,,,,,,,,,,,,,,,,,,,,,,0,,,0,,,,,,,,,,商场样本/点评为商圈聚合；人口、收入、社零、交通、餐饮、政策多为城市级代理；客流/核心租金仅部分重点商圈有明细。,正向: 商场样本数、收入社零、公共交通客运、餐饮集聚、年轻客群、政策支持；逆向或成本约束: 租金/空置率。
西北区,陕西,咸阳,开元百货,商圈/商场聚合,开元百货,,新开业，属于西安开元分店,1,0.0,1.0,0,0,0,,,,,1,14.4592,0.0,,,,0,4,0,1,,,,,,,,,,,,,,,,,,,,,,,,,,,,,,,,,0,,,0,,,,,,,,,,商场样本/点评为商圈聚合；人口、收入、社零、交通、餐饮、政策多为城市级代理；客流/核心租金仅部分重点商圈有明细。,正向: 商场样本数、收入社零、公共交通客运、餐饮集聚、年轻客群、政策支持；逆向或成本约束: 租金/空置率。
西北区,陕西,咸阳,民生百货,商圈/商场聚合,民生百货,渭阳西路中段,,1,1.0,0.0,0,0,0,,,,,1,14.4592,0.0,,,,0,4,1,0,,,,,,,,,,,,,,,,,,,,,,,,,,,,,,,,,0,,,0,,,,,,,,,,商场样本/点评为商圈聚合；人口、收入、社零、交通、餐饮、政策多为城市级代理；客流/核心租金仅部分重点商圈有明细。,正向: 商场样本数、收入社零、公共交通客运、餐饮集聚、年轻客群、政策支持；逆向或成本约束: 租金/空置率。
西北区,陕西,咸阳,红旗百货,商圈/商场聚合,红旗百货,人民东路43号,,1,1.0,0.0,0,0,0,,,,,1,14.4592,0.0,,,,0,4,1,0,,,,,,,,,,,,,,,,,,,,,,,,,,,,,,,,,0,,,0,,,,,,,,,,商场样本/点评为商圈聚合；人口、收入、社零、交通、餐饮、政策多为城市级代理；客流/核心租金仅部分重点商圈有明细。,正向: 商场样本数、收入社零、公共交通客运、餐饮集聚、年轻客群、政策支持；逆向或成本约束: 租金/空置率。
华北区,河北,唐山,华联商厦,商圈/商场聚合,华联商厦,,客流都集中在这些地段，人流量也不错，但是品牌规划很无讲究,1,0.0,1.0,0,0,0,,,,,1,14.4592,0.0,,,,0,4,0,1,,,,,,,,,,,,,,,,,,,,,,,,,,,,,,,,,0,,,0,,,,,,,,,,商场样本/点评为商圈聚合；人口、收入、社零、交通、餐饮、政策多为城市级代理；客流/核心租金仅部分重点商圈有明细。,正向: 商场样本数、收入社零、公共交通客运、餐饮集聚、年轻客群、政策支持；逆向或成本约束: 租金/空置率。
华北区,河北,唐山,百货大楼,商圈/商场聚合,百货大楼,唐山新华东道125号,老牌商场！,1,1.0,1.0,0,0,0,,,,,1,14.4592,0.0,,,,0,4,1,1,,,,,,,,,,,,,,,,,,,,,,,,,,,,,,,,,0,,,0,,,,,,,,,,商场样本/点评为商圈聚合；人口、收入、社零、交通、餐饮、政策多为城市级代理；客流/核心租金仅部分重点商圈有明细。,正向: 商场样本数、收入社零、公共交通客运、餐饮集聚、年轻客群、政策支持；逆向或成本约束: 租金/空置率。
中南区,河南,商丘,京港百货,商圈/商场聚合,京港百货,,,1,0.0,0.0,0,0,0,,,,,1,14.4592,0.0,,,,0,4,0,0,,,,,,,,,,,,,,,,,,,,,,,,,,,,,,,,,0,,,0,,,,,,,,,,商场样本/点评为商圈聚合；人口、收入、社零、交通、餐饮、政策多为城市级代理；客流/核心租金仅部分重点商圈有明细。,正向: 商场样本数、收入社零、公共交通客运、餐饮集聚、年轻客群、政策支持；逆向或成本约束: 租金/空置率。
中南区,河南,商丘,天宇,商圈/商场聚合,天宇,,,1,0.0,0.0,0,0,0,,,,,1,14.4592,0.0,,,,0,4,0,0,,,,,,,,,,,,,,,,,,,,,,,,,,,,,,,,,0,,,0,,,,,,,,,,商场样本/点评为商圈聚合；人口、收入、社零、交通、餐饮、政策多为城市级代理；客流/核心租金仅部分重点商圈有明细。,正向: 商场样本数、收入社零、公共交通客运、餐饮集聚、年轻客群、政策支持；逆向或成本约束: 租金/空置率。
华东区,浙江,嘉兴,戴梦得购物中心,商圈/商场聚合,戴梦得购物中心,禾兴路366号,中高档定位，少淑区在二楼！,1,1.0,1.0,1,0,0,,,,,1,14.4592,0.0,,,,0,4,1,1,,,,,,,,,,,,,,,,,,,,,,,,,,,,,,,,,0,,,0,,,,,,,,,,商场样本/点评为商圈聚合；人口、收入、社零、交通、餐饮、政策多为城市级代理；客流/核心租金仅部分重点商圈有明细。,正向: 商场样本数、收入社零、公共交通客运、餐饮集聚、年轻客群、政策支持；逆向或成本约束: 租金/空置率。
华北区,山西,大同,云冈大厦,商圈/商场聚合,云冈大厦,大西街2号楼,"与中处驰名的旅游景点九龙壁、善化寺、华严寺呈众星捧月之势,是大同市大型现代商业零售企业。购物、游览、娱乐、观光最佳场所",1,1.0,1.0,0,0,0,,,,,1,14.4592,0.0,,,,0,4,1,1,,,,,,,,,,,,,,,,,,,,,,,,,,,,,,,,,0,,,0,,,,,,,,,,商场样本/点评为商圈聚合；人口、收入、社零、交通、餐饮、政策多为城市级代理；客流/核心租金仅部分重点商圈有明细。,正向: 商场样本数、收入社零、公共交通客运、餐饮集聚、年轻客群、政策支持；逆向或成本约束: 租金/空置率。
华北区,山西,大同,华丰百货,商圈/商场聚合,华丰百货,大同市大西街236号,规模、设施、功能比较剂全的综合性,1,1.0,1.0,0,0,0,,,,,1,14.4592,0.0,,,,0,4,1,1,,,,,,,,,,,,,,,,,,,,,,,,,,,,,,,,,0,,,0,,,,,,,,,,商场样本/点评为商圈聚合；人口、收入、社零、交通、餐饮、政策多为城市级代理；客流/核心租金仅部分重点商圈有明细。,正向: 商场样本数、收入社零、公共交通客运、餐饮集聚、年轻客群、政策支持；逆向或成本约束: 租金/空置率。
华北区,山西,大同,华林商厦,商圈/商场聚合,华林商厦,大同市小南街路西,是华北地区一流的集购物、餐饮、娱乐于一体的多元化综合型商业大厦,1,1.0,1.0,0,0,0,,,,,1,14.4592,0.0,,,,0,4,1,1,,,,,,,,,,,,,,,,,,,,,,,,,,,,,,,,,0,,,0,,,,,,,,,,商场样本/点评为商圈聚合；人口、收入、社零、交通、餐饮、政策多为城市级代理；客流/核心租金仅部分重点商圈有明细。,正向: 商场样本数、收入社零、公共交通客运、餐饮集聚、年轻客群、政策支持；逆向或成本约束: 租金/空置率。
华北区,山西,大同,贵都商厦,商圈/商场聚合,贵都商厦,,,1,0.0,0.0,0,0,0,,,,,1,14.4592,0.0,,,,0,4,0,0,,,,,,,,,,,,,,,,,,,,,,,,,,,,,,,,,0,,,0,,,,,,,,,,商场样本/点评为商圈聚合；人口、收入、社零、交通、餐饮、政策多为城市级代理；客流/核心租金仅部分重点商圈有明细。,正向: 商场样本数、收入社零、公共交通客运、餐饮集聚、年轻客群、政策支持；逆向或成本约束: 租金/空置率。
东北区,黑龙江,大庆,新玛特购物休闲广场,商圈/商场聚合,新玛特购物休闲广场,大庆市市区纬二路39号,集购物、娱乐、休闲、旅游为一体的大型现代化商业企业。,1,1.0,1.0,0,0,0,,,,,1,14.4592,0.0,,,,0,4,1,1,,,,,,,,,,,,,,,,,,,,,,,,,,,,,,,,,0,,,0,,,,,,,,,,商场样本/点评为商圈聚合；人口、收入、社零、交通、餐饮、政策多为城市级代理；客流/核心租金仅部分重点商圈有明细。,正向: 商场样本数、收入社零、公共交通客运、餐饮集聚、年轻客群、政策支持；逆向或成本约束: 租金/空置率。
东北区,黑龙江,大庆,百货大楼,商圈/商场聚合,百货大楼,大庆市市区会战大街22号,综合性购物商场·,1,1.0,1.0,0,0,0,,,,,1,14.4592,0.0,,,,0,4,1,1,,,,,,,,,,,,,,,,,,,,,,,,,,,,,,,,,0,,,0,,,,,,,,,,商场样本/点评为商圈聚合；人口、收入、社零、交通、餐饮、政策多为城市级代理；客流/核心租金仅部分重点商圈有明细。,正向: 商场样本数、收入社零、公共交通客运、餐饮集聚、年轻客群、政策支持；逆向或成本约束: 租金/空置率。
中南区,山东,威海,利群商场,商圈/商场聚合,利群商场,,,1,0.0,0.0,0,0,0,,,,,1,14.4592,0.0,,,,0,4,0,0,,,,,,,,,,,,,,,,,,,,,,,,,,,,,,,,,0,,,0,,,,,,,,,,商场样本/点评为商圈聚合；人口、收入、社零、交通、餐饮、政策多为城市级代理；客流/核心租金仅部分重点商圈有明细。,正向: 商场样本数、收入社零、公共交通客运、餐饮集聚、年轻客群、政策支持；逆向或成本约束: 租金/空置率。
中南区,山东,威海,华联商厦,商圈/商场聚合,华联商厦,威海市环翠区和平路8号,大型的综合性购物商场！,1,1.0,1.0,0,0,0,,,,,1,14.4592,0.0,,,,0,4,1,1,,,,,,,,,,,,,,,,,,,,,,,,,,,,,,,,,0,,,0,,,,,,,,,,商场样本/点评为商圈聚合；人口、收入、社零、交通、餐饮、政策多为城市级代理；客流/核心租金仅部分重点商圈有明细。,正向: 商场样本数、收入社零、公共交通客运、餐饮集聚、年轻客群、政策支持；逆向或成本约束: 租金/空置率。
中南区,山东,威海,威海银座家居,商圈/商场聚合,威海银座家居,青岛北路88号,集购物、休闲、餐饮、娱乐于一体的大型现代化商业连锁商场！,1,1.0,1.0,0,0,0,,,,,1,14.4592,0.0,,,,0,4,1,1,,,,,,,,,,,,,,,,,,,,,,,,,,,,,,,,,0,,,0,,,,,,,,,,商场样本/点评为商圈聚合；人口、收入、社零、交通、餐饮、政策多为城市级代理；客流/核心租金仅部分重点商圈有明细。,正向: 商场样本数、收入社零、公共交通客运、餐饮集聚、年轻客群、政策支持；逆向或成本约束: 租金/空置率。
中南区,湖南,娄底,春园路步行节,商圈/商场聚合,摩登百货,,,1,0.0,0.0,0,0,0,,,,,1,14.4592,0.0,,,,0,4,0,0,,,,,,,,,,,,,,,,,,,,,,,,,,,,,,,,,0,,,0,,,,,,,,,,商场样本/点评为商圈聚合；人口、收入、社零、交通、餐饮、政策多为城市级代理；客流/核心租金仅部分重点商圈有明细。,正向: 商场样本数、收入社零、公共交通客运、餐饮集聚、年轻客群、政策支持；逆向或成本约束: 租金/空置率。
中南区,湖南,娄底,步步高,商圈/商场聚合,步步高,,,1,0.0,0.0,0,0,0,,,,,1,14.4592,0.0,,,,0,4,0,0,,,,,,,,,,,,,,,,,,,,,,,,,,,,,,,,,0,,,0,,,,,,,,,,商场样本/点评为商圈聚合；人口、收入、社零、交通、餐饮、政策多为城市级代理；客流/核心租金仅部分重点商圈有明细。,正向: 商场样本数、收入社零、公共交通客运、餐饮集聚、年轻客群、政策支持；逆向或成本约束: 租金/空置率。
西北区,陕西,安康,人民商场,商圈/商场聚合,人民商场,,,1,0.0,0.0,0,0,0,,,,,1,14.4592,0.0,,,,0,4,0,0,,,,,,,,,,,,,,,,,,,,,,,,,,,,,,,,,0,,,0,,,,,,,,,,商场样本/点评为商圈聚合；人口、收入、社零、交通、餐饮、政策多为城市级代理；客流/核心租金仅部分重点商圈有明细。,正向: 商场样本数、收入社零、公共交通客运、餐饮集聚、年轻客群、政策支持；逆向或成本约束: 租金/空置率。
西北区,陕西,安康,兴安商场,商圈/商场聚合,兴安商场,,,1,0.0,0.0,0,0,0,,,,,1,14.4592,0.0,,,,0,4,0,0,,,,,,,,,,,,,,,,,,,,,,,,,,,,,,,,,0,,,0,,,,,,,,,,商场样本/点评为商圈聚合；人口、收入、社零、交通、餐饮、政策多为城市级代理；客流/核心租金仅部分重点商圈有明细。,正向: 商场样本数、收入社零、公共交通客运、餐饮集聚、年轻客群、政策支持；逆向或成本约束: 租金/空置率。
中南区,河南,安阳,丹尼斯百货,商圈/商场聚合,丹尼斯百货,北大街,定位中高档的综合性购物商场！,1,1.0,1.0,1,0,0,,,,,1,14.4592,0.0,,,,0,4,1,1,,,,,,,,,,,,,,,,,,,,,,,,,,,,,,,,,0,,,0,,,,,,,,,,商场样本/点评为商圈聚合；人口、收入、社零、交通、餐饮、政策多为城市级代理；客流/核心租金仅部分重点商圈有明细。,正向: 商场样本数、收入社零、公共交通客运、餐饮集聚、年轻客群、政策支持；逆向或成本约束: 租金/空置率。
西南区,四川,安顺,东方牛仔,商圈/商场聚合,东方牛仔,中华南路,综合商场。,1,1.0,1.0,0,0,0,,,,,1,14.4592,0.0,,,,0,4,1,1,,,,,,,,,,,,,,,,,,,,,,,,,,,,,,,,,0,,,0,,,,,,,,,,商场样本/点评为商圈聚合；人口、收入、社零、交通、餐饮、政策多为城市级代理；客流/核心租金仅部分重点商圈有明细。,正向: 商场样本数、收入社零、公共交通客运、餐饮集聚、年轻客群、政策支持；逆向或成本约束: 租金/空置率。
西南区,四川,安顺,东方百货休闲广场,商圈/商场聚合,东方百货休闲广场,中华东路,综合性购物商场。,1,1.0,1.0,0,0,0,,,,,1,14.4592,0.0,,,,0,4,1,1,,,,,,,,,,,,,,,,,,,,,,,,,,,,,,,,,0,,,0,,,,,,,,,,商场样本/点评为商圈聚合；人口、收入、社零、交通、餐饮、政策多为城市级代理；客流/核心租金仅部分重点商圈有明细。,正向: 商场样本数、收入社零、公共交通客运、餐饮集聚、年轻客群、政策支持；逆向或成本约束: 租金/空置率。
西南区,四川,安顺,恒远百货,商圈/商场聚合,恒远百货,钟山西路10号,综合性购物商场。,1,1.0,1.0,0,0,0,,,,,1,14.4592,0.0,,,,0,4,1,1,,,,,,,,,,,,,,,,,,,,,,,,,,,,,,,,,0,,,0,,,,,,,,,,商场样本/点评为商圈聚合；人口、收入、社零、交通、餐饮、政策多为城市级代理；客流/核心租金仅部分重点商圈有明细。,正向: 商场样本数、收入社零、公共交通客运、餐饮集聚、年轻客群、政策支持；逆向或成本约束: 租金/空置率。
华东区,江苏,宜兴,苏南商厦,商圈/商场聚合,苏南商厦,宜兴市太氵鬲 路,综合性商场,1,1.0,1.0,0,0,0,,,,,1,14.4592,0.0,,,,0,4,1,1,,,,,,,,,,,,,,,,,,,,,,,,,,,,,,,,,0,,,0,,,,,,,,,,商场样本/点评为商圈聚合；人口、收入、社零、交通、餐饮、政策多为城市级代理；客流/核心租金仅部分重点商圈有明细。,正向: 商场样本数、收入社零、公共交通客运、餐饮集聚、年轻客群、政策支持；逆向或成本约束: 租金/空置率。
华东区,江苏,宜兴,蛟桥商场,商圈/商场聚合,蛟桥商场,宜兴市人民中路228号,集购物、餐饮、娱乐、休闲、观光、停车于一体，已成为华东地区县级市中规模最大的批零兼营购物中心。,1,1.0,1.0,0,0,0,,,,,1,14.4592,0.0,,,,0,4,1,1,,,,,,,,,,,,,,,,,,,,,,,,,,,,,,,,,0,,,0,,,,,,,,,,商场样本/点评为商圈聚合；人口、收入、社零、交通、餐饮、政策多为城市级代理；客流/核心租金仅部分重点商圈有明细。,正向: 商场样本数、收入社零、公共交通客运、餐饮集聚、年轻客群、政策支持；逆向或成本约束: 租金/空置率。
西南区,四川,宜宾,仁和街\青树皮街,商圈/商场聚合,仁和街\青树皮街,,有发展前景,1,0.0,1.0,0,0,1,,,,,1,14.4592,0.0,,,,0,4,0,1,,,,,,,,,,,,,,,,,,,,,,,,,,,,,,,,,0,,,0,,,,,,,,,,商场样本/点评为商圈聚合；人口、收入、社零、交通、餐饮、政策多为城市级代理；客流/核心租金仅部分重点商圈有明细。,正向: 商场样本数、收入社零、公共交通客运、餐饮集聚、年轻客群、政策支持；逆向或成本约束: 租金/空置率。
西南区,四川,宜宾,十八间,商圈/商场聚合,十八间,,日见末落,1,0.0,1.0,0,0,0,,,,,1,14.4592,0.0,,,,0,4,0,1,,,,,,,,,,,,,,,,,,,,,,,,,,,,,,,,,0,,,0,,,,,,,,,,商场样本/点评为商圈聚合；人口、收入、社零、交通、餐饮、政策多为城市级代理；客流/核心租金仅部分重点商圈有明细。,正向: 商场样本数、收入社零、公共交通客运、餐饮集聚、年轻客群、政策支持；逆向或成本约束: 租金/空置率。
西南区,四川,宜宾,叙府广场,商圈/商场聚合,叙府广场,,当地最好商场,1,0.0,1.0,0,0,0,,,,,1,14.4592,0.0,,,,0,4,0,1,,,,,,,,,,,,,,,,,,,,,,,,,,,,,,,,,0,,,0,,,,,,,,,,商场样本/点评为商圈聚合；人口、收入、社零、交通、餐饮、政策多为城市级代理；客流/核心租金仅部分重点商圈有明细。,正向: 商场样本数、收入社零、公共交通客运、餐饮集聚、年轻客群、政策支持；逆向或成本约束: 租金/空置率。
西南区,四川,宜宾,大观楼北街,商圈/商场聚合,大观楼北街,,,1,0.0,0.0,0,0,1,,,,,1,14.4592,0.0,,,,0,4,0,0,,,,,,,,,,,,,,,,,,,,,,,,,,,,,,,,,0,,,0,,,,,,,,,,商场样本/点评为商圈聚合；人口、收入、社零、交通、餐饮、政策多为城市级代理；客流/核心租金仅部分重点商圈有明细。,正向: 商场样本数、收入社零、公共交通客运、餐饮集聚、年轻客群、政策支持；逆向或成本约束: 租金/空置率。
西南区,四川,宜宾,成都人民商场,商圈/商场聚合,成都人民商场,,"有街升级,硬件很差",1,0.0,1.0,0,0,0,,,,,1,14.4592,0.0,,,,0,4,0,1,,,,,,,,,,,,,,,,,,,,,,,,,,,,,,,,,0,,,0,,,,,,,,,,商场样本/点评为商圈聚合；人口、收入、社零、交通、餐饮、政策多为城市级代理；客流/核心租金仅部分重点商圈有明细。,正向: 商场样本数、收入社零、公共交通客运、餐饮集聚、年轻客群、政策支持；逆向或成本约束: 租金/空置率。
中南区,湖北,宜昌,丹尼斯,商圈/商场聚合,丹尼斯,,,1,0.0,0.0,0,0,0,,,,,1,14.4592,0.0,,,,0,4,0,0,,,,,,,,,,,,,,,,,,,,,,,,,,,,,,,,,0,,,0,,,,,,,,,,商场样本/点评为商圈聚合；人口、收入、社零、交通、餐饮、政策多为城市级代理；客流/核心租金仅部分重点商圈有明细。,正向: 商场样本数、收入社零、公共交通客运、餐饮集聚、年轻客群、政策支持；逆向或成本约束: 租金/空置率。
中南区,湖北,宜昌,九州购物广场,商圈/商场聚合,九州购物广场,夷陵路38号,,1,1.0,0.0,0,0,0,,,,,1,14.4592,0.0,,,,0,4,1,0,,,,,,,,,,,,,,,,,,,,,,,,,,,,,,,,,0,,,0,,,,,,,,,,商场样本/点评为商圈聚合；人口、收入、社零、交通、餐饮、政策多为城市级代理；客流/核心租金仅部分重点商圈有明细。,正向: 商场样本数、收入社零、公共交通客运、餐饮集聚、年轻客群、政策支持；逆向或成本约束: 租金/空置率。
中南区,湖北,宜昌,均瑶广场,商圈/商场聚合,均瑶广场,,,1,0.0,0.0,0,0,0,,,,,1,14.4592,0.0,,,,0,4,0,0,,,,,,,,,,,,,,,,,,,,,,,,,,,,,,,,,0,,,0,,,,,,,,,,商场样本/点评为商圈聚合；人口、收入、社零、交通、餐饮、政策多为城市级代理；客流/核心租金仅部分重点商圈有明细。,正向: 商场样本数、收入社零、公共交通客运、餐饮集聚、年轻客群、政策支持；逆向或成本约束: 租金/空置率。
中南区,湖北,宜昌,宜昌商场,商圈/商场聚合,宜昌商场,,,1,0.0,0.0,0,0,0,,,,,1,14.4592,0.0,,,,0,4,0,0,,,,,,,,,,,,,,,,,,,,,,,,,,,,,,,,,0,,,0,,,,,,,,,,商场样本/点评为商圈聚合；人口、收入、社零、交通、餐饮、政策多为城市级代理；客流/核心租金仅部分重点商圈有明细。,正向: 商场样本数、收入社零、公共交通客运、餐饮集聚、年轻客群、政策支持；逆向或成本约束: 租金/空置率。
中南区,湖北,宜昌,新世纪,商圈/商场聚合,新世纪,,,1,0.0,0.0,0,0,0,,,,,1,14.4592,0.0,,,,0,4,0,0,,,,,,,,,,,,,,,,,,,,,,,,,,,,,,,,,0,,,0,,,,,,,,,,商场样本/点评为商圈聚合；人口、收入、社零、交通、餐饮、政策多为城市级代理；客流/核心租金仅部分重点商圈有明细。,正向: 商场样本数、收入社零、公共交通客运、餐饮集聚、年轻客群、政策支持；逆向或成本约束: 租金/空置率。
中南区,湖北,宜昌,葛州坝商贸大厦,商圈/商场聚合,葛州坝商贸大厦,东山大道2-1号,,1,1.0,0.0,0,0,0,,,,,1,14.4592,0.0,,,,0,4,1,0,,,,,,,,,,,,,,,,,,,,,,,,,,,,,,,,,0,,,0,,,,,,,,,,商场样本/点评为商圈聚合；人口、收入、社零、交通、餐饮、政策多为城市级代理；客流/核心租金仅部分重点商圈有明细。,正向: 商场样本数、收入社零、公共交通客运、餐饮集聚、年轻客群、政策支持；逆向或成本约束: 租金/空置率。
中南区,湖北,宜昌,西陵路步行街,商圈/商场聚合,时代购物广场,"新兴购物广场,富有时代气息",,1,1.0,0.0,0,0,1,,,,,1,14.4592,0.0,,,,0,4,1,0,,,,,,,,,,,,,,,,,,,,,,,,,,,,,,,,,0,,,0,,,,,,,,,,商场样本/点评为商圈聚合；人口、收入、社零、交通、餐饮、政策多为城市级代理；客流/核心租金仅部分重点商圈有明细。,正向: 商场样本数、收入社零、公共交通客运、餐饮集聚、年轻客群、政策支持；逆向或成本约束: 租金/空置率。
中南区,湖北,宜昌,铁路坝/解放路,商圈/商场聚合,国贸大厦,宜昌市西陵区东山大道106,湖北地市州第一大商场,1,1.0,1.0,0,0,0,,,,,1,14.4592,0.0,,,,0,4,1,1,,,,,,,,,,,,,,,,,,,,,,,,,,,,,,,,,0,,,0,,,,,,,,,,商场样本/点评为商圈聚合；人口、收入、社零、交通、餐饮、政策多为城市级代理；客流/核心租金仅部分重点商圈有明细。,正向: 商场样本数、收入社零、公共交通客运、餐饮集聚、年轻客群、政策支持；逆向或成本约束: 租金/空置率。
中南区,湖北,宜昌,雅斯购物广场,商圈/商场聚合,雅斯购物广场,夷陵路工艺大楼,当地知名日用品连锁超级市场,1,1.0,1.0,0,0,0,,,,,1,14.4592,0.0,,,,0,4,1,1,,,,,,,,,,,,,,,,,,,,,,,,,,,,,,,,,0,,,0,,,,,,,,,,商场样本/点评为商圈聚合；人口、收入、社零、交通、餐饮、政策多为城市级代理；客流/核心租金仅部分重点商圈有明细。,正向: 商场样本数、收入社零、公共交通客运、餐饮集聚、年轻客群、政策支持；逆向或成本约束: 租金/空置率。
中南区,江西,宜春,国光百货,商圈/商场聚合,国光百货,宜春市中山西路6号,,1,1.0,0.0,0,0,0,,,,,1,14.4592,0.0,,,,0,4,1,0,,,,,,,,,,,,,,,,,,,,,,,,,,,,,,,,,0,,,0,,,,,,,,,,商场样本/点评为商圈聚合；人口、收入、社零、交通、餐饮、政策多为城市级代理；客流/核心租金仅部分重点商圈有明细。,正向: 商场样本数、收入社零、公共交通客运、餐饮集聚、年轻客群、政策支持；逆向或成本约束: 租金/空置率。
西北区,陕西,宝鸡,人民商场,商圈/商场聚合,人民商场,经二路141号,大型百货商场,1,1.0,1.0,0,0,0,,,,,1,14.4592,0.0,,,,0,4,1,1,,,,,,,,,,,,,,,,,,,,,,,,,,,,,,,,,0,,,0,,,,,,,,,,商场样本/点评为商圈聚合；人口、收入、社零、交通、餐饮、政策多为城市级代理；客流/核心租金仅部分重点商圈有明细。,正向: 商场样本数、收入社零、公共交通客运、餐饮集聚、年轻客群、政策支持；逆向或成本约束: 租金/空置率。
西北区,陕西,宝鸡,天下汇,商圈/商场聚合,天下汇,经二路,聚丰天下汇大型国际购物中心地处宝鸡核心商业圈，定位于都市时尚百货，全力打造经二路时尚消费第一站。,1,1.0,1.0,0,0,0,,,,,1,14.4592,0.0,,,,0,4,1,1,,,,,,,,,,,,,,,,,,,,,,,,,,,,,,,,,0,,,0,,,,,,,,,,商场样本/点评为商圈聚合；人口、收入、社零、交通、餐饮、政策多为城市级代理；客流/核心租金仅部分重点商圈有明细。,正向: 商场样本数、收入社零、公共交通客运、餐饮集聚、年轻客群、政策支持；逆向或成本约束: 租金/空置率。
西北区,陕西,宝鸡,银座,商圈/商场聚合,银座,经二路４９号,是聚丰集团以服装为主的大型百货商场，地处市商为中心，是市民和周边购物必选之所，面积最大，也将成为现代商业的新型标志,1,1.0,1.0,0,0,0,,,,,1,14.4592,0.0,,,,0,4,1,1,,,,,,,,,,,,,,,,,,,,,,,,,,,,,,,,,0,,,0,,,,,,,,,,商场样本/点评为商圈聚合；人口、收入、社零、交通、餐饮、政策多为城市级代理；客流/核心租金仅部分重点商圈有明细。,正向: 商场样本数、收入社零、公共交通客运、餐饮集聚、年轻客群、政策支持；逆向或成本约束: 租金/空置率。
中南区,湖南,岳阳,光宏国际购物广场,商圈/商场聚合,光宏国际购物广场,,,1,0.0,0.0,0,0,0,,,,,1,14.4592,0.0,,,,0,4,0,0,,,,,,,,,,,,,,,,,,,,,,,,,,,,,,,,,0,,,0,,,,,,,,,,商场样本/点评为商圈聚合；人口、收入、社零、交通、餐饮、政策多为城市级代理；客流/核心租金仅部分重点商圈有明细。,正向: 商场样本数、收入社零、公共交通客运、餐饮集聚、年轻客群、政策支持；逆向或成本约束: 租金/空置率。
中南区,湖南,岳阳,百盛,商圈/商场聚合,百盛,,,1,0.0,0.0,0,0,0,,,,,1,14.4592,0.0,,,,0,4,0,0,,,,,,,,,,,,,,,,,,,,,,,,,,,,,,,,,0,,,0,,,,,,,,,,商场样本/点评为商圈聚合；人口、收入、社零、交通、餐饮、政策多为城市级代理；客流/核心租金仅部分重点商圈有明细。,正向: 商场样本数、收入社零、公共交通客运、餐饮集聚、年轻客群、政策支持；逆向或成本约束: 租金/空置率。
西南区,四川,峨眉山,无商场,商圈/商场聚合,无商场,,以街铺为主,1,0.0,1.0,0,0,0,,,,,1,14.4592,0.0,,,,0,4,0,1,,,,,,,,,,,,,,,,,,,,,,,,,,,,,,,,,0,,,0,,,,,,,,,,商场样本/点评为商圈聚合；人口、收入、社零、交通、餐饮、政策多为城市级代理；客流/核心租金仅部分重点商圈有明细。,正向: 商场样本数、收入社零、公共交通客运、餐饮集聚、年轻客群、政策支持；逆向或成本约束: 租金/空置率。
华东区,安徽,巢湖,世纪联华,商圈/商场聚合,世纪联华,,正在筹建中,1,0.0,1.0,0,0,0,,,,,1,14.4592,0.0,,,,0,4,0,1,,,,,,,,,,,,,,,,,,,,,,,,,,,,,,,,,0,,,0,,,,,,,,,,商场样本/点评为商圈聚合；人口、收入、社零、交通、餐饮、政策多为城市级代理；客流/核心租金仅部分重点商圈有明细。,正向: 商场样本数、收入社零、公共交通客运、餐饮集聚、年轻客群、政策支持；逆向或成本约束: 租金/空置率。
华东区,安徽,巢湖,乐购,商圈/商场聚合,乐购,,,1,0.0,0.0,0,0,0,,,,,1,14.4592,0.0,,,,0,4,0,0,,,,,,,,,,,,,,,,,,,,,,,,,,,,,,,,,0,,,0,,,,,,,,,,商场样本/点评为商圈聚合；人口、收入、社零、交通、餐饮、政策多为城市级代理；客流/核心租金仅部分重点商圈有明细。,正向: 商场样本数、收入社零、公共交通客运、餐饮集聚、年轻客群、政策支持；逆向或成本约束: 租金/空置率。
华东区,安徽,巢湖,商之都,商圈/商场聚合,商之都,,,1,0.0,0.0,0,0,0,,,,,1,14.4592,0.0,,,,0,4,0,0,,,,,,,,,,,,,,,,,,,,,,,,,,,,,,,,,0,,,0,,,,,,,,,,商场样本/点评为商圈聚合；人口、收入、社零、交通、餐饮、政策多为城市级代理；客流/核心租金仅部分重点商圈有明细。,正向: 商场样本数、收入社零、公共交通客运、餐饮集聚、年轻客群、政策支持；逆向或成本约束: 租金/空置率。
华东区,安徽,巢湖,安德利,商圈/商场聚合,安德利,,,1,0.0,0.0,0,0,0,,,,,1,14.4592,0.0,,,,0,4,0,0,,,,,,,,,,,,,,,,,,,,,,,,,,,,,,,,,0,,,0,,,,,,,,,,商场样本/点评为商圈聚合；人口、收入、社零、交通、餐饮、政策多为城市级代理；客流/核心租金仅部分重点商圈有明细。,正向: 商场样本数、收入社零、公共交通客运、餐饮集聚、年轻客群、政策支持；逆向或成本约束: 租金/空置率。
西南区,四川,巴中,九洲百货,商圈/商场聚合,九洲百货,,,1,0.0,0.0,0,0,0,,,,,1,14.4592,0.0,,,,0,4,0,0,,,,,,,,,,,,,,,,,,,,,,,,,,,,,,,,,0,,,0,,,,,,,,,,商场样本/点评为商圈聚合；人口、收入、社零、交通、餐饮、政策多为城市级代理；客流/核心租金仅部分重点商圈有明细。,正向: 商场样本数、收入社零、公共交通客运、餐饮集聚、年轻客群、政策支持；逆向或成本约束: 租金/空置率。
西南区,四川,巴中,人民商场,商圈/商场聚合,人民商场,,散货,1,0.0,1.0,0,0,0,,,,,1,14.4592,0.0,,,,0,4,0,1,,,,,,,,,,,,,,,,,,,,,,,,,,,,,,,,,0,,,0,,,,,,,,,,商场样本/点评为商圈聚合；人口、收入、社零、交通、餐饮、政策多为城市级代理；客流/核心租金仅部分重点商圈有明细。,正向: 商场样本数、收入社零、公共交通客运、餐饮集聚、年轻客群、政策支持；逆向或成本约束: 租金/空置率。
西南区,四川,巴中,盛华堂百货,商圈/商场聚合,盛华堂百货,,,1,0.0,0.0,0,0,0,,,,,1,14.4592,0.0,,,,0,4,0,0,,,,,,,,,,,,,,,,,,,,,,,,,,,,,,,,,0,,,0,,,,,,,,,,商场样本/点评为商圈聚合；人口、收入、社零、交通、餐饮、政策多为城市级代理；客流/核心租金仅部分重点商圈有明细。,正向: 商场样本数、收入社零、公共交通客运、餐饮集聚、年轻客群、政策支持；逆向或成本约束: 租金/空置率。
西南区,四川,巴中,街心花园步行街,商圈/商场聚合,街心花园步行街,,,1,0.0,0.0,0,0,1,,,,,1,14.4592,0.0,,,,0,4,0,0,,,,,,,,,,,,,,,,,,,,,,,,,,,,,,,,,0,,,0,,,,,,,,,,商场样本/点评为商圈聚合；人口、收入、社零、交通、餐饮、政策多为城市级代理；客流/核心租金仅部分重点商圈有明细。,正向: 商场样本数、收入社零、公共交通客运、餐饮集聚、年轻客群、政策支持；逆向或成本约束: 租金/空置率。
华东区,江苏,常州,常州新世纪商城,商圈/商场聚合,常州新世纪商城,常州市北大街2号,商城现有A、B、C三座大楼，A座为时尚名品苑，B座为精品名都， C座为家电总汇，以精品服饰、化妆品、黄金珠宝等为主营商品，定位时尚、流行、经典，以都市白领和社会成功人士为主力客群，力求引领百货时尚潮流，满足都市主流消费，构建经典流行生活。,1,1.0,1.0,1,0,0,,,,,1,14.4592,0.0,,,,0,4,1,1,,,,,,,,,,,,,,,,,,,,,,,,,,,,,,,,,0,,,0,,,,,,,,,,商场样本/点评为商圈聚合；人口、收入、社零、交通、餐饮、政策多为城市级代理；客流/核心租金仅部分重点商圈有明细。,正向: 商场样本数、收入社零、公共交通客运、餐饮集聚、年轻客群、政策支持；逆向或成本约束: 租金/空置率。
华东区,江苏,常州,百货大楼（购物中心）,商圈/商场聚合,百货大楼（购物中心）,常州市市区延陵西路1号,综合性购物商场，三四楼为少淑区！,1,1.0,1.0,0,0,0,,,,,1,14.4592,0.0,,,,0,4,1,1,,,,,,,,,,,,,,,,,,,,,,,,,,,,,,,,,0,,,0,,,,,,,,,,商场样本/点评为商圈聚合；人口、收入、社零、交通、餐饮、政策多为城市级代理；客流/核心租金仅部分重点商圈有明细。,正向: 商场样本数、收入社零、公共交通客运、餐饮集聚、年轻客群、政策支持；逆向或成本约束: 租金/空置率。
中南区,湖南,常德,华隆步步高,商圈/商场聚合,华隆步步高,,,1,0.0,0.0,0,0,0,,,,,1,14.4592,0.0,,,,0,4,0,0,,,,,,,,,,,,,,,,,,,,,,,,,,,,,,,,,0,,,0,,,,,,,,,,商场样本/点评为商圈聚合；人口、收入、社零、交通、餐饮、政策多为城市级代理；客流/核心租金仅部分重点商圈有明细。,正向: 商场样本数、收入社零、公共交通客运、餐饮集聚、年轻客群、政策支持；逆向或成本约束: 租金/空置率。
中南区,湖南,常德,春天百货,商圈/商场聚合,春天百货,,,1,0.0,0.0,0,0,0,,,,,1,14.4592,0.0,,,,0,4,0,0,,,,,,,,,,,,,,,,,,,,,,,,,,,,,,,,,0,,,0,,,,,,,,,,商场样本/点评为商圈聚合；人口、收入、社零、交通、餐饮、政策多为城市级代理；客流/核心租金仅部分重点商圈有明细。,正向: 商场样本数、收入社零、公共交通客运、餐饮集聚、年轻客群、政策支持；逆向或成本约束: 租金/空置率。
中南区,湖南,常德,步行街,商圈/商场聚合,步行街,当地人认专卖店,,1,1.0,0.0,0,0,1,,,,,1,14.4592,0.0,,,,0,4,1,0,,,,,,,,,,,,,,,,,,,,,,,,,,,,,,,,,0,,,0,,,,,,,,,,商场样本/点评为商圈聚合；人口、收入、社零、交通、餐饮、政策多为城市级代理；客流/核心租金仅部分重点商圈有明细。,正向: 商场样本数、收入社零、公共交通客运、餐饮集聚、年轻客群、政策支持；逆向或成本约束: 租金/空置率。
中南区,河南,平顶山,万家百货,商圈/商场聚合,万家百货,平顶山市新华区中兴居委会,超市、百货、便利店,1,1.0,1.0,0,0,0,,,,,1,14.4592,0.0,,,,0,4,1,1,,,,,,,,,,,,,,,,,,,,,,,,,,,,,,,,,0,,,0,,,,,,,,,,商场样本/点评为商圈聚合；人口、收入、社零、交通、餐饮、政策多为城市级代理；客流/核心租金仅部分重点商圈有明细。,正向: 商场样本数、收入社零、公共交通客运、餐饮集聚、年轻客群、政策支持；逆向或成本约束: 租金/空置率。
中南区,河南,平顶山,中心商城,商圈/商场聚合,中心商城,,,1,0.0,0.0,0,0,0,,,,,1,14.4592,0.0,,,,0,4,0,0,,,,,,,,,,,,,,,,,,,,,,,,,,,,,,,,,0,,,0,,,,,,,,,,商场样本/点评为商圈聚合；人口、收入、社零、交通、餐饮、政策多为城市级代理；客流/核心租金仅部分重点商圈有明细。,正向: 商场样本数、收入社零、公共交通客运、餐饮集聚、年轻客群、政策支持；逆向或成本约束: 租金/空置率。
中南区,河南,平顶山,华府广场,商圈/商场聚合,华府广场,,,1,0.0,0.0,0,0,0,,,,,1,14.4592,0.0,,,,0,4,0,0,,,,,,,,,,,,,,,,,,,,,,,,,,,,,,,,,0,,,0,,,,,,,,,,商场样本/点评为商圈聚合；人口、收入、社零、交通、餐饮、政策多为城市级代理；客流/核心租金仅部分重点商圈有明细。,正向: 商场样本数、收入社零、公共交通客运、餐饮集聚、年轻客群、政策支持；逆向或成本约束: 租金/空置率。
中南区,河南,平顶山,双丰商厦,商圈/商场聚合,双丰商厦,,,1,0.0,0.0,0,0,0,,,,,1,14.4592,0.0,,,,0,4,0,0,,,,,,,,,,,,,,,,,,,,,,,,,,,,,,,,,0,,,0,,,,,,,,,,商场样本/点评为商圈聚合；人口、收入、社零、交通、餐饮、政策多为城市级代理；客流/核心租金仅部分重点商圈有明细。,正向: 商场样本数、收入社零、公共交通客运、餐饮集聚、年轻客群、政策支持；逆向或成本约束: 租金/空置率。
中南区,河南,平顶山,和平路步行街,商圈/商场聚合,和平路步行街,,,1,0.0,0.0,0,0,1,,,,,1,14.4592,0.0,,,,0,4,0,0,,,,,,,,,,,,,,,,,,,,,,,,,,,,,,,,,0,,,0,,,,,,,,,,商场样本/点评为商圈聚合；人口、收入、社零、交通、餐饮、政策多为城市级代理；客流/核心租金仅部分重点商圈有明细。,正向: 商场样本数、收入社零、公共交通客运、餐饮集聚、年轻客群、政策支持；逆向或成本约束: 租金/空置率。
中南区,河南,平顶山,平顶山商场,商圈/商场聚合,平顶山商场,,,1,0.0,0.0,0,0,0,,,,,1,14.4592,0.0,,,,0,4,0,0,,,,,,,,,,,,,,,,,,,,,,,,,,,,,,,,,0,,,0,,,,,,,,,,商场样本/点评为商圈聚合；人口、收入、社零、交通、餐饮、政策多为城市级代理；客流/核心租金仅部分重点商圈有明细。,正向: 商场样本数、收入社零、公共交通客运、餐饮集聚、年轻客群、政策支持；逆向或成本约束: 租金/空置率。
中南区,河南,平顶山,鹰城国贸,商圈/商场聚合,鹰城国贸,市开源路与大众路交叉口鹰城大厦B座五楼,成熟的生活配套，集高档住宅，名品商场，百姓超市，24小时停车场，为您提供一流的都市生活便利.,1,1.0,1.0,1,0,0,,,,,1,14.4592,0.0,,,,0,4,1,1,,,,,,,,,,,,,,,,,,,,,,,,,,,,,,,,,0,,,0,,,,,,,,,,商场样本/点评为商圈聚合；人口、收入、社零、交通、餐饮、政策多为城市级代理；客流/核心租金仅部分重点商圈有明细。,正向: 商场样本数、收入社零、公共交通客运、餐饮集聚、年轻客群、政策支持；逆向或成本约束: 租金/空置率。
西南区,四川,广元,东坝德惠购物中心,商圈/商场聚合,东坝德惠购物中心,,,1,0.0,0.0,0,0,0,,,,,1,14.4592,0.0,,,,0,4,0,0,,,,,,,,,,,,,,,,,,,,,,,,,,,,,,,,,0,,,0,,,,,,,,,,商场样本/点评为商圈聚合；人口、收入、社零、交通、餐饮、政策多为城市级代理；客流/核心租金仅部分重点商圈有明细。,正向: 商场样本数、收入社零、公共交通客运、餐饮集聚、年轻客群、政策支持；逆向或成本约束: 租金/空置率。
西南区,四川,广元,摩尔天城购物广场,商圈/商场聚合,摩尔天城购物广场,,,1,0.0,0.0,0,0,0,,,,,1,14.4592,0.0,,,,0,4,0,0,,,,,,,,,,,,,,,,,,,,,,,,,,,,,,,,,0,,,0,,,,,,,,,,商场样本/点评为商圈聚合；人口、收入、社零、交通、餐饮、政策多为城市级代理；客流/核心租金仅部分重点商圈有明细。,正向: 商场样本数、收入社零、公共交通客运、餐饮集聚、年轻客群、政策支持；逆向或成本约束: 租金/空置率。
西南区,四川,广元,政府街,商圈/商场聚合,政府街,,以品牌为主,1,0.0,1.0,0,0,1,,,,,1,14.4592,0.0,,,,0,4,0,1,,,,,,,,,,,,,,,,,,,,,,,,,,,,,,,,,0,,,0,,,,,,,,,,商场样本/点评为商圈聚合；人口、收入、社零、交通、餐饮、政策多为城市级代理；客流/核心租金仅部分重点商圈有明细。,正向: 商场样本数、收入社零、公共交通客运、餐饮集聚、年轻客群、政策支持；逆向或成本约束: 租金/空置率。
西南区,四川,广元,温州商城(散货),商圈/商场聚合,温州商城(散货),,步行商业街,1,0.0,1.0,0,0,0,,,,,1,14.4592,0.0,,,,0,4,0,1,,,,,,,,,,,,,,,,,,,,,,,,,,,,,,,,,0,,,0,,,,,,,,,,商场样本/点评为商圈聚合；人口、收入、社零、交通、餐饮、政策多为城市级代理；客流/核心租金仅部分重点商圈有明细。,正向: 商场样本数、收入社零、公共交通客运、餐饮集聚、年轻客群、政策支持；逆向或成本约束: 租金/空置率。
西南区,四川,广安,华蓉市,商圈/商场聚合,华蓉市,,"民安街,有一老城区步行街,属于中低档,有待发展,新城区的步行街还未形成",1,0.0,1.0,0,0,0,,,,,1,14.4592,0.0,,,,0,4,0,1,,,,,,,,,,,,,,,,,,,,,,,,,,,,,,,,,0,,,0,,,,,,,,,,商场样本/点评为商圈聚合；人口、收入、社零、交通、餐饮、政策多为城市级代理；客流/核心租金仅部分重点商圈有明细。,正向: 商场样本数、收入社零、公共交通客运、餐饮集聚、年轻客群、政策支持；逆向或成本约束: 租金/空置率。
西北区,陕西,延安,百货大楼,商圈/商场聚合,百货大楼,,,1,0.0,0.0,0,0,0,,,,,1,14.4592,0.0,,,,0,4,0,0,,,,,,,,,,,,,,,,,,,,,,,,,,,,,,,,,0,,,0,,,,,,,,,,商场样本/点评为商圈聚合；人口、收入、社零、交通、餐饮、政策多为城市级代理；客流/核心租金仅部分重点商圈有明细。,正向: 商场样本数、收入社零、公共交通客运、餐饮集聚、年轻客群、政策支持；逆向或成本约束: 租金/空置率。
中南区,河南,开封,以街铺为主,商圈/商场聚合,航天铜锣湾,,,1,0.0,0.0,0,0,1,,,,,1,14.4592,0.0,,,,0,4,0,0,,,,,,,,,,,,,,,,,,,,,,,,,,,,,,,,,0,,,0,,,,,,,,,,商场样本/点评为商圈聚合；人口、收入、社零、交通、餐饮、政策多为城市级代理；客流/核心租金仅部分重点商圈有明细。,正向: 商场样本数、收入社零、公共交通客运、餐饮集聚、年轻客群、政策支持；逆向或成本约束: 租金/空置率。
中南区,湖南,张家界,广和购物中心,商圈/商场聚合,广和购物中心,,,1,0.0,0.0,0,0,0,,,,,1,14.4592,0.0,,,,0,4,0,0,,,,,,,,,,,,,,,,,,,,,,,,,,,,,,,,,0,,,0,,,,,,,,,,商场样本/点评为商圈聚合；人口、收入、社零、交通、餐饮、政策多为城市级代理；客流/核心租金仅部分重点商圈有明细。,正向: 商场样本数、收入社零、公共交通客运、餐饮集聚、年轻客群、政策支持；逆向或成本约束: 租金/空置率。
中南区,湖南,张家界,晶珠购物广场,商圈/商场聚合,晶珠购物广场,,,1,0.0,0.0,0,0,0,,,,,1,14.4592,0.0,,,,0,4,0,0,,,,,,,,,,,,,,,,,,,,,,,,,,,,,,,,,0,,,0,,,,,,,,,,商场样本/点评为商圈聚合；人口、收入、社零、交通、餐饮、政策多为城市级代理；客流/核心租金仅部分重点商圈有明细。,正向: 商场样本数、收入社零、公共交通客运、餐饮集聚、年轻客群、政策支持；逆向或成本约束: 租金/空置率。
中南区,湖南,张家界,香江百货超市,商圈/商场聚合,香江百货超市,,,1,0.0,0.0,0,0,0,,,,,1,14.4592,0.0,,,,0,4,0,0,,,,,,,,,,,,,,,,,,,,,,,,,,,,,,,,,0,,,0,,,,,,,,,,商场样本/点评为商圈聚合；人口、收入、社零、交通、餐饮、政策多为城市级代理；客流/核心租金仅部分重点商圈有明细。,正向: 商场样本数、收入社零、公共交通客运、餐饮集聚、年轻客群、政策支持；逆向或成本约束: 租金/空置率。
华东区,江苏,徐州,中央百货大楼,商圈/商场聚合,中央百货大楼,徐州市中山南路1号,,1,1.0,0.0,0,0,0,,,,,1,14.4592,0.0,,,,0,4,1,0,,,,,,,,,,,,,,,,,,,,,,,,,,,,,,,,,0,,,0,,,,,,,,,,商场样本/点评为商圈聚合；人口、收入、社零、交通、餐饮、政策多为城市级代理；客流/核心租金仅部分重点商圈有明细。,正向: 商场样本数、收入社零、公共交通客运、餐饮集聚、年轻客群、政策支持；逆向或成本约束: 租金/空置率。
华东区,江苏,徐州,古彭商业大厦,商圈/商场聚合,古彭商业大厦,徐州市淮海西路1号,,1,1.0,0.0,0,0,0,,,,,1,14.4592,0.0,,,,0,4,1,0,,,,,,,,,,,,,,,,,,,,,,,,,,,,,,,,,0,,,0,,,,,,,,,,商场样本/点评为商圈聚合；人口、收入、社零、交通、餐饮、政策多为城市级代理；客流/核心租金仅部分重点商圈有明细。,正向: 商场样本数、收入社零、公共交通客运、餐饮集聚、年轻客群、政策支持；逆向或成本约束: 租金/空置率。
华东区,江苏,徐州,徐州华联商厦,商圈/商场聚合,徐州华联商厦,徐州市淮海东路51号,已被王府井重组，是一家综合性购物商场·,1,1.0,1.0,0,0,0,,,,,1,14.4592,0.0,,,,0,4,1,1,,,,,,,,,,,,,,,,,,,,,,,,,,,,,,,,,0,,,0,,,,,,,,,,商场样本/点评为商圈聚合；人口、收入、社零、交通、餐饮、政策多为城市级代理；客流/核心租金仅部分重点商圈有明细。,正向: 商场样本数、收入社零、公共交通客运、餐饮集聚、年轻客群、政策支持；逆向或成本约束: 租金/空置率。
华东区,江苏,徐州,蓝天大楼,商圈/商场聚合,蓝天大楼,徐州市淮海东路184号,,1,1.0,0.0,0,0,0,,,,,1,14.4592,0.0,,,,0,4,1,0,,,,,,,,,,,,,,,,,,,,,,,,,,,,,,,,,0,,,0,,,,,,,,,,商场样本/点评为商圈聚合；人口、收入、社零、交通、餐饮、政策多为城市级代理；客流/核心租金仅部分重点商圈有明细。,正向: 商场样本数、收入社零、公共交通客运、餐饮集聚、年轻客群、政策支持；逆向或成本约束: 租金/空置率。
华东区,江苏,徐州,金鹰国际购物中心,商圈/商场聚合,金鹰国际购物中心,徐州市彭城广场正北侧,位于徐州最繁华的彭城广场北侧，集购物、休闲、娱乐为一体的高档购物中心。,1,1.0,1.0,1,0,0,,,,,1,14.4592,0.0,,,,0,4,1,1,,,,,,,,,,,,,,,,,,,,,,,,,,,,,,,,,0,,,0,,,,,,,,,,商场样本/点评为商圈聚合；人口、收入、社零、交通、餐饮、政策多为城市级代理；客流/核心租金仅部分重点商圈有明细。,正向: 商场样本数、收入社零、公共交通客运、餐饮集聚、年轻客群、政策支持；逆向或成本约束: 租金/空置率。
西南区,四川,德阳,"什邡市庭江西路,什邡广场,有桂湖摩尔,百货经营惨淡,在街铺为主,春熙路步行街刚建成,有待发展",商圈/商场聚合,"什邡市庭江西路,什邡广场,有桂湖摩尔,百货经营惨淡,在街铺为主,春熙路步行街刚建成,有待发展",,,1,0.0,0.0,0,0,1,,,,,1,14.4592,0.0,,,,0,4,0,0,,,,,,,,,,,,,,,,,,,,,,,,,,,,,,,,,0,,,0,,,,,,,,,,商场样本/点评为商圈聚合；人口、收入、社零、交通、餐饮、政策多为城市级代理；客流/核心租金仅部分重点商圈有明细。,正向: 商场样本数、收入社零、公共交通客运、餐饮集聚、年轻客群、政策支持；逆向或成本约束: 租金/空置率。
西南区,四川,德阳,洋洋百盛,商圈/商场聚合,洋洋百盛,,北街商圈,1,0.0,1.0,0,0,0,,,,,1,14.4592,0.0,,,,0,4,0,1,,,,,,,,,,,,,,,,,,,,,,,,,,,,,,,,,0,,,0,,,,,,,,,,商场样本/点评为商圈聚合；人口、收入、社零、交通、餐饮、政策多为城市级代理；客流/核心租金仅部分重点商圈有明细。,正向: 商场样本数、收入社零、公共交通客运、餐饮集聚、年轻客群、政策支持；逆向或成本约束: 租金/空置率。
西南区,四川,德阳,百货大楼,商圈/商场聚合,百货大楼,市区岷江西路一段550号,已末落.,1,1.0,1.0,0,0,0,,,,,1,14.4592,0.0,,,,0,4,1,1,,,,,,,,,,,,,,,,,,,,,,,,,,,,,,,,,0,,,0,,,,,,,,,,商场样本/点评为商圈聚合；人口、收入、社零、交通、餐饮、政策多为城市级代理；客流/核心租金仅部分重点商圈有明细。,正向: 商场样本数、收入社零、公共交通客运、餐饮集聚、年轻客群、政策支持；逆向或成本约束: 租金/空置率。
西南区,四川,德阳,"绵竹很富裕.洋洋百货,新城市购物广场",商圈/商场聚合,"绵竹很富裕.洋洋百货,新城市购物广场",,,1,0.0,0.0,0,0,0,,,,,1,14.4592,0.0,,,,0,4,0,0,,,,,,,,,,,,,,,,,,,,,,,,,,,,,,,,,0,,,0,,,,,,,,,,商场样本/点评为商圈聚合；人口、收入、社零、交通、餐饮、政策多为城市级代理；客流/核心租金仅部分重点商圈有明细。,正向: 商场样本数、收入社零、公共交通客运、餐饮集聚、年轻客群、政策支持；逆向或成本约束: 租金/空置率。
中南区,广东,惠州,丽日购物广场,商圈/商场聚合,丽日购物广场,文昌二路,,1,1.0,0.0,0,0,0,,,,,1,14.4592,0.0,,,,0,4,1,0,,,,,,,,,,,,,,,,,,,,,,,,,,,,,,,,,0,,,0,,,,,,,,,,商场样本/点评为商圈聚合；人口、收入、社零、交通、餐饮、政策多为城市级代理；客流/核心租金仅部分重点商圈有明细。,正向: 商场样本数、收入社零、公共交通客运、餐饮集聚、年轻客群、政策支持；逆向或成本约束: 租金/空置率。
中南区,广东,惠州,人人乐购物中心,商圈/商场聚合,人人乐购物中心,麦地路,"天虹对面.以前生意好,现在都不如以前.",1,1.0,1.0,0,0,0,,,,,1,14.4592,0.0,,,,0,4,1,1,,,,,,,,,,,,,,,,,,,,,,,,,,,,,,,,,0,,,0,,,,,,,,,,商场样本/点评为商圈聚合；人口、收入、社零、交通、餐饮、政策多为城市级代理；客流/核心租金仅部分重点商圈有明细。,正向: 商场样本数、收入社零、公共交通客运、餐饮集聚、年轻客群、政策支持；逆向或成本约束: 租金/空置率。
中南区,广东,惠州,新天地,商圈/商场聚合,新天地,,"以租赁为主,联营方式,规模较大,是新场,5月份开业,有沃尔玛",1,0.0,1.0,0,0,0,,,,,1,14.4592,0.0,,,,0,4,0,1,,,,,,,,,,,,,,,,,,,,,,,,,,,,,,,,,0,,,0,,,,,,,,,,商场样本/点评为商圈聚合；人口、收入、社零、交通、餐饮、政策多为城市级代理；客流/核心租金仅部分重点商圈有明细。,正向: 商场样本数、收入社零、公共交通客运、餐饮集聚、年轻客群、政策支持；逆向或成本约束: 租金/空置率。
中南区,广东,惠州,海雅百货,商圈/商场聚合,海雅百货,,,1,0.0,0.0,0,0,0,,,,,1,14.4592,0.0,,,,0,4,0,0,,,,,,,,,,,,,,,,,,,,,,,,,,,,,,,,,0,,,0,,,,,,,,,,商场样本/点评为商圈聚合；人口、收入、社零、交通、餐饮、政策多为城市级代理；客流/核心租金仅部分重点商圈有明细。,正向: 商场样本数、收入社零、公共交通客运、餐饮集聚、年轻客群、政策支持；逆向或成本约束: 租金/空置率。
中南区,广东,惠州,西湖边的步行街,商圈/商场聚合,天虹商场,麦地路,"3楼少淑,是当地最具规模的商场",1,1.0,1.0,0,0,1,,,,,1,14.4592,0.0,,,,0,4,1,1,,,,,,,,,,,,,,,,,,,,,,,,,,,,,,,,,0,,,0,,,,,,,,,,商场样本/点评为商圈聚合；人口、收入、社零、交通、餐饮、政策多为城市级代理；客流/核心租金仅部分重点商圈有明细。,正向: 商场样本数、收入社零、公共交通客运、餐饮集聚、年轻客群、政策支持；逆向或成本约束: 租金/空置率。
西北区,陕西,愉林,富康购物中心,商圈/商场聚合,富康购物中心,,"当地最具有规模的品牌服装商场,二期正在招商中",1,0.0,1.0,0,0,0,,,,,1,14.4592,0.0,,,,0,4,0,1,,,,,,,,,,,,,,,,,,,,,,,,,,,,,,,,,0,,,0,,,,,,,,,,商场样本/点评为商圈聚合；人口、收入、社零、交通、餐饮、政策多为城市级代理；客流/核心租金仅部分重点商圈有明细。,正向: 商场样本数、收入社零、公共交通客运、餐饮集聚、年轻客群、政策支持；逆向或成本约束: 租金/空置率。
华东区,江苏,扬州,万家福商城,商圈/商场聚合,万家福商城,扬州市汶河北路一号,中外合资扬州万家福商城所处的文昌阁商业中心，是扬州最繁华的商业地段，文昌中路、汶河路在这里纵横交合，会聚了四方客流，成为扬州市经济生活最活跃的区域。万家福商城以穿着类商品为主，经营众多优秀品牌。,1,1.0,1.0,0,0,0,,,,,1,14.4592,0.0,,,,0,4,1,1,,,,,,,,,,,,,,,,,,,,,,,,,,,,,,,,,0,,,0,,,,,,,,,,商场样本/点评为商圈聚合；人口、收入、社零、交通、餐饮、政策多为城市级代理；客流/核心租金仅部分重点商圈有明细。,正向: 商场样本数、收入社零、公共交通客运、餐饮集聚、年轻客群、政策支持；逆向或成本约束: 租金/空置率。
华东区,江苏,扬州,世纪联华超市,商圈/商场聚合,世纪联华超市,国庆路290号,超市+精品百货。,1,1.0,1.0,0,0,0,,,,,1,14.4592,0.0,,,,0,4,1,1,,,,,,,,,,,,,,,,,,,,,,,,,,,,,,,,,0,,,0,,,,,,,,,,商场样本/点评为商圈聚合；人口、收入、社零、交通、餐饮、政策多为城市级代理；客流/核心租金仅部分重点商圈有明细。,正向: 商场样本数、收入社零、公共交通客运、餐饮集聚、年轻客群、政策支持；逆向或成本约束: 租金/空置率。
华东区,江苏,扬州,时代广场,商圈/商场聚合,时代广场,文昌中路269号,集购物、美食、休闲、娱乐、文化、健身、旅游及停车服务等八大业态于一体，开创苏中地区“一站式”立体消费之先河，是扬州市现代商业文明的代表和时尚潮流的平台。,1,1.0,1.0,0,0,0,,,,,1,14.4592,0.0,,,,0,4,1,1,,,,,,,,,,,,,,,,,,,,,,,,,,,,,,,,,0,,,0,,,,,,,,,,商场样本/点评为商圈聚合；人口、收入、社零、交通、餐饮、政策多为城市级代理；客流/核心租金仅部分重点商圈有明细。,正向: 商场样本数、收入社零、公共交通客运、餐饮集聚、年轻客群、政策支持；逆向或成本约束: 租金/空置率。
华东区,江苏,扬州,百盛商业大厦,商圈/商场聚合,百盛商业大厦,文昌中路98号,定位于中高档消费群体，二楼为少淑区！,1,1.0,1.0,1,0,0,,,,,1,14.4592,0.0,,,,0,4,1,1,,,,,,,,,,,,,,,,,,,,,,,,,,,,,,,,,0,,,0,,,,,,,,,,商场样本/点评为商圈聚合；人口、收入、社零、交通、餐饮、政策多为城市级代理；客流/核心租金仅部分重点商圈有明细。,正向: 商场样本数、收入社零、公共交通客运、餐饮集聚、年轻客群、政策支持；逆向或成本约束: 租金/空置率。
华东区,江苏,扬州,金鹰国际购物中心,商圈/商场聚合,金鹰国际购物中心,扬州市汶河南路120号,综合性购物商场·,1,1.0,1.0,0,0,0,,,,,1,14.4592,0.0,,,,0,4,1,1,,,,,,,,,,,,,,,,,,,,,,,,,,,,,,,,,0,,,0,,,,,,,,,,商场样本/点评为商圈聚合；人口、收入、社零、交通、餐饮、政策多为城市级代理；客流/核心租金仅部分重点商圈有明细。,正向: 商场样本数、收入社零、公共交通客运、餐饮集聚、年轻客群、政策支持；逆向或成本约束: 租金/空置率。
华北区,河北,承德,百货大楼,商圈/商场聚合,百货大楼,承德溢家沟1号新一百2楼,老牌商场！,1,1.0,1.0,0,0,0,,,,,1,14.4592,0.0,,,,0,4,1,1,,,,,,,,,,,,,,,,,,,,,,,,,,,,,,,,,0,,,0,,,,,,,,,,商场样本/点评为商圈聚合；人口、收入、社零、交通、餐饮、政策多为城市级代理；客流/核心租金仅部分重点商圈有明细。,正向: 商场样本数、收入社零、公共交通客运、餐饮集聚、年轻客群、政策支持；逆向或成本约束: 租金/空置率。
华北区,河北,承德,蓝岛,商圈/商场聚合,蓝岛,,,1,0.0,0.0,0,0,0,,,,,1,14.4592,0.0,,,,0,4,0,0,,,,,,,,,,,,,,,,,,,,,,,,,,,,,,,,,0,,,0,,,,,,,,,,商场样本/点评为商圈聚合；人口、收入、社零、交通、餐饮、政策多为城市级代理；客流/核心租金仅部分重点商圈有明细。,正向: 商场样本数、收入社零、公共交通客运、餐饮集聚、年轻客群、政策支持；逆向或成本约束: 租金/空置率。
中南区,江西,抚州,洪客隆百货,商圈/商场聚合,洪客隆百货,,,1,0.0,0.0,0,0,0,,,,,1,14.4592,0.0,,,,0,4,0,0,,,,,,,,,,,,,,,,,,,,,,,,,,,,,,,,,0,,,0,,,,,,,,,,商场样本/点评为商圈聚合；人口、收入、社零、交通、餐饮、政策多为城市级代理；客流/核心租金仅部分重点商圈有明细。,正向: 商场样本数、收入社零、公共交通客运、餐饮集聚、年轻客群、政策支持；逆向或成本约束: 租金/空置率。
东北区,辽宁,抚顺,罕王商场,商圈/商场聚合,罕王商场,抚顺新抚区民主路15号,集购物、休闲、娱乐为一体的大型综合性商场,1,1.0,1.0,0,0,0,,,,,1,14.4592,0.0,,,,0,4,1,1,,,,,,,,,,,,,,,,,,,,,,,,,,,,,,,,,0,,,0,,,,,,,,,,商场样本/点评为商圈聚合；人口、收入、社零、交通、餐饮、政策多为城市级代理；客流/核心租金仅部分重点商圈有明细。,正向: 商场样本数、收入社零、公共交通客运、餐饮集聚、年轻客群、政策支持；逆向或成本约束: 租金/空置率。
西南区,四川,攀枝花,德铭阳光,商圈/商场聚合,德铭阳光,,炳草岗商圈,1,0.0,1.0,0,0,0,,,,,1,14.4592,0.0,,,,0,4,0,1,,,,,,,,,,,,,,,,,,,,,,,,,,,,,,,,,0,,,0,,,,,,,,,,商场样本/点评为商圈聚合；人口、收入、社零、交通、餐饮、政策多为城市级代理；客流/核心租金仅部分重点商圈有明细。,正向: 商场样本数、收入社零、公共交通客运、餐饮集聚、年轻客群、政策支持；逆向或成本约束: 租金/空置率。
西南区,四川,攀枝花,摩尔百盛,商圈/商场聚合,摩尔百盛,,,1,0.0,0.0,0,0,0,,,,,1,14.4592,0.0,,,,0,4,0,0,,,,,,,,,,,,,,,,,,,,,,,,,,,,,,,,,0,,,0,,,,,,,,,,商场样本/点评为商圈聚合；人口、收入、社零、交通、餐饮、政策多为城市级代理；客流/核心租金仅部分重点商圈有明细。,正向: 商场样本数、收入社零、公共交通客运、餐饮集聚、年轻客群、政策支持；逆向或成本约束: 租金/空置率。
西南区,四川,攀枝花,金实百货,商圈/商场聚合,金实百货,,仁和商圈,1,0.0,1.0,0,0,0,,,,,1,14.4592,0.0,,,,0,4,0,1,,,,,,,,,,,,,,,,,,,,,,,,,,,,,,,,,0,,,0,,,,,,,,,,商场样本/点评为商圈聚合；人口、收入、社零、交通、餐饮、政策多为城市级代理；客流/核心租金仅部分重点商圈有明细。,正向: 商场样本数、收入社零、公共交通客运、餐饮集聚、年轻客群、政策支持；逆向或成本约束: 租金/空置率。
西南区,四川,攀枝花,阳光大梯道,商圈/商场聚合,阳光大梯道,"以中老年为主,以成熟女装为主.",哥力思\歌娣\纳帕佳\安瑞井\奥菲,1,1.0,1.0,0,0,0,,,,,1,14.4592,0.0,,,,0,4,1,1,,,,,,,,,,,,,,,,,,,,,,,,,,,,,,,,,0,,,0,,,,,,,,,,商场样本/点评为商圈聚合；人口、收入、社零、交通、餐饮、政策多为城市级代理；客流/核心租金仅部分重点商圈有明细。,正向: 商场样本数、收入社零、公共交通客运、餐饮集聚、年轻客群、政策支持；逆向或成本约束: 租金/空置率。
中南区,河南,新乡,一级,商圈/商场聚合,胖东来百货,新乡市平原路139号,集超市、服装、家电、珠宝、餐饮、休闲、娱乐为一体综合商场！,1,1.0,1.0,0,0,0,,,,,1,14.4592,0.0,,,,0,4,1,1,,,,,,,,,,,,,,,,,,,,,,,,,,,,,,,,,0,,,0,,,,,,,,,,商场样本/点评为商圈聚合；人口、收入、社零、交通、餐饮、政策多为城市级代理；客流/核心租金仅部分重点商圈有明细。,正向: 商场样本数、收入社零、公共交通客运、餐饮集聚、年轻客群、政策支持；逆向或成本约束: 租金/空置率。
中南区,河南,新乡,平原商场,商圈/商场聚合,平原商场,新乡市平原路,集购物、休闲、娱乐、餐饮为一体的时尚业态。,1,1.0,1.0,0,0,0,,,,,1,14.4592,0.0,,,,0,4,1,1,,,,,,,,,,,,,,,,,,,,,,,,,,,,,,,,,0,,,0,,,,,,,,,,商场样本/点评为商圈聚合；人口、收入、社零、交通、餐饮、政策多为城市级代理；客流/核心租金仅部分重点商圈有明细。,正向: 商场样本数、收入社零、公共交通客运、餐饮集聚、年轻客群、政策支持；逆向或成本约束: 租金/空置率。
中南区,河南,新乡,新大新购物大厦,商圈/商场聚合,新大新购物大厦,平原路,定位中高档的综合性购物商场！,1,1.0,1.0,1,0,0,,,,,1,14.4592,0.0,,,,0,4,1,1,,,,,,,,,,,,,,,,,,,,,,,,,,,,,,,,,0,,,0,,,,,,,,,,商场样本/点评为商圈聚合；人口、收入、社零、交通、餐饮、政策多为城市级代理；客流/核心租金仅部分重点商圈有明细。,正向: 商场样本数、收入社零、公共交通客运、餐饮集聚、年轻客群、政策支持；逆向或成本约束: 租金/空置率。
中南区,河南,新乡,百货大楼,商圈/商场聚合,百货大楼,平原路,老牌的综合性购物商场！,1,1.0,1.0,0,0,0,,,,,1,14.4592,0.0,,,,0,4,1,1,,,,,,,,,,,,,,,,,,,,,,,,,,,,,,,,,0,,,0,,,,,,,,,,商场样本/点评为商圈聚合；人口、收入、社零、交通、餐饮、政策多为城市级代理；客流/核心租金仅部分重点商圈有明细。,正向: 商场样本数、收入社零、公共交通客运、餐饮集聚、年轻客群、政策支持；逆向或成本约束: 租金/空置率。
中南区,河南,新乡,被胖东来打垮.,商圈/商场聚合,华彬大厦,平原路,定位中高档的综合性购物商场！,1,1.0,1.0,1,0,0,,,,,1,14.4592,0.0,,,,0,4,1,1,,,,,,,,,,,,,,,,,,,,,,,,,,,,,,,,,0,,,0,,,,,,,,,,商场样本/点评为商圈聚合；人口、收入、社零、交通、餐饮、政策多为城市级代理；客流/核心租金仅部分重点商圈有明细。,正向: 商场样本数、收入社零、公共交通客运、餐饮集聚、年轻客群、政策支持；逆向或成本约束: 租金/空置率。
中南区,河南,新乡,金利来,商圈/商场聚合,金利来,,批发市场,1,0.0,1.0,0,0,0,,,,,1,14.4592,0.0,,,,0,4,0,1,,,,,,,,,,,,,,,,,,,,,,,,,,,,,,,,,0,,,0,,,,,,,,,,商场样本/点评为商圈聚合；人口、收入、社零、交通、餐饮、政策多为城市级代理；客流/核心租金仅部分重点商圈有明细。,正向: 商场样本数、收入社零、公共交通客运、餐饮集聚、年轻客群、政策支持；逆向或成本约束: 租金/空置率。
中南区,河南,新乡,银基,商圈/商场聚合,银基,,,1,0.0,0.0,0,0,0,,,,,1,14.4592,0.0,,,,0,4,0,0,,,,,,,,,,,,,,,,,,,,,,,,,,,,,,,,,0,,,0,,,,,,,,,,商场样本/点评为商圈聚合；人口、收入、社零、交通、餐饮、政策多为城市级代理；客流/核心租金仅部分重点商圈有明细。,正向: 商场样本数、收入社零、公共交通客运、餐饮集聚、年轻客群、政策支持；逆向或成本约束: 租金/空置率。
中南区,山东,日照,兴隆步行街,商圈/商场聚合,银座,日照广场-海曲西路155号,集购物、休闲、餐饮、娱乐于一体的大型现代化商业连锁商场！,1,1.0,1.0,0,0,1,,,,,1,14.4592,0.0,,,,0,4,1,1,,,,,,,,,,,,,,,,,,,,,,,,,,,,,,,,,0,,,0,,,,,,,,,,商场样本/点评为商圈聚合；人口、收入、社零、交通、餐饮、政策多为城市级代理；客流/核心租金仅部分重点商圈有明细。,正向: 商场样本数、收入社零、公共交通客运、餐饮集聚、年轻客群、政策支持；逆向或成本约束: 租金/空置率。
西南区,四川,旺苍县,新华路和步行街,商圈/商场聚合,新华路和步行街,,品牌氛围很好,1,0.0,1.0,0,0,1,,,,,1,14.4592,0.0,,,,0,4,0,1,,,,,,,,,,,,,,,,,,,,,,,,,,,,,,,,,0,,,0,,,,,,,,,,商场样本/点评为商圈聚合；人口、收入、社零、交通、餐饮、政策多为城市级代理；客流/核心租金仅部分重点商圈有明细。,正向: 商场样本数、收入社零、公共交通客运、餐饮集聚、年轻客群、政策支持；逆向或成本约束: 租金/空置率。
西南区,四川,旺苍县,盛唐摩尔,商圈/商场聚合,盛唐摩尔,,,1,0.0,0.0,0,0,0,,,,,1,14.4592,0.0,,,,0,4,0,0,,,,,,,,,,,,,,,,,,,,,,,,,,,,,,,,,0,,,0,,,,,,,,,,商场样本/点评为商圈聚合；人口、收入、社零、交通、餐饮、政策多为城市级代理；客流/核心租金仅部分重点商圈有明细。,正向: 商场样本数、收入社零、公共交通客运、餐饮集聚、年轻客群、政策支持；逆向或成本约束: 租金/空置率。
华东区,江苏,昆山,昆山商厦,商圈/商场聚合,昆山商厦,昆山市人民南路146号,是集购物、餐饮、休闲于一体的大型综合性场所。,1,1.0,1.0,0,0,0,,,,,1,14.4592,0.0,,,,0,4,1,1,,,,,,,,,,,,,,,,,,,,,,,,,,,,,,,,,0,,,0,,,,,,,,,,商场样本/点评为商圈聚合；人口、收入、社零、交通、餐饮、政策多为城市级代理；客流/核心租金仅部分重点商圈有明细。,正向: 商场样本数、收入社零、公共交通客运、餐饮集聚、年轻客群、政策支持；逆向或成本约束: 租金/空置率。
华北区,山西,晋城,凤展商业大厦,商圈/商场聚合,凤展商业大厦,,当地最高档购物商场,1,0.0,1.0,1,0,0,,,,,1,14.4592,0.0,,,,0,4,0,1,,,,,,,,,,,,,,,,,,,,,,,,,,,,,,,,,0,,,0,,,,,,,,,,商场样本/点评为商圈聚合；人口、收入、社零、交通、餐饮、政策多为城市级代理；客流/核心租金仅部分重点商圈有明细。,正向: 商场样本数、收入社零、公共交通客运、餐饮集聚、年轻客群、政策支持；逆向或成本约束: 租金/空置率。
华北区,山西,晋城,华鑫商厦,商圈/商场聚合,华鑫商厦,,属于二档品牌商场,1,0.0,1.0,0,0,0,,,,,1,14.4592,0.0,,,,0,4,0,1,,,,,,,,,,,,,,,,,,,,,,,,,,,,,,,,,0,,,0,,,,,,,,,,商场样本/点评为商圈聚合；人口、收入、社零、交通、餐饮、政策多为城市级代理；客流/核心租金仅部分重点商圈有明细。,正向: 商场样本数、收入社零、公共交通客运、餐饮集聚、年轻客群、政策支持；逆向或成本约束: 租金/空置率。
华北区,山西,晋城,商业大厦,商圈/商场聚合,商业大厦,,三流商场，讨价还价的风气,1,0.0,1.0,0,0,0,,,,,1,14.4592,0.0,,,,0,4,0,1,,,,,,,,,,,,,,,,,,,,,,,,,,,,,,,,,0,,,0,,,,,,,,,,商场样本/点评为商圈聚合；人口、收入、社零、交通、餐饮、政策多为城市级代理；客流/核心租金仅部分重点商圈有明细。,正向: 商场样本数、收入社零、公共交通客运、餐饮集聚、年轻客群、政策支持；逆向或成本约束: 租金/空置率。
华北区,山西,晋城,大华商场,商圈/商场聚合,大华商场,,三流商场，讨价还价的风气,1,0.0,1.0,0,0,0,,,,,1,14.4592,0.0,,,,0,4,0,1,,,,,,,,,,,,,,,,,,,,,,,,,,,,,,,,,0,,,0,,,,,,,,,,商场样本/点评为商圈聚合；人口、收入、社零、交通、餐饮、政策多为城市级代理；客流/核心租金仅部分重点商圈有明细。,正向: 商场样本数、收入社零、公共交通客运、餐饮集聚、年轻客群、政策支持；逆向或成本约束: 租金/空置率。
华北区,山西,晋城,白云商场,商圈/商场聚合,白云商场,,三流商场，讨价还价的风气,1,0.0,1.0,0,0,0,,,,,1,14.4592,0.0,,,,0,4,0,1,,,,,,,,,,,,,,,,,,,,,,,,,,,,,,,,,0,,,0,,,,,,,,,,商场样本/点评为商圈聚合；人口、收入、社零、交通、餐饮、政策多为城市级代理；客流/核心租金仅部分重点商圈有明细。,正向: 商场样本数、收入社零、公共交通客运、餐饮集聚、年轻客群、政策支持；逆向或成本约束: 租金/空置率。
华北区,山西,晋城,盛亚品牌时代广场,商圈/商场聚合,盛亚品牌时代广场,,属于二档品牌商场,1,0.0,1.0,0,0,0,,,,,1,14.4592,0.0,,,,0,4,0,1,,,,,,,,,,,,,,,,,,,,,,,,,,,,,,,,,0,,,0,,,,,,,,,,商场样本/点评为商圈聚合；人口、收入、社零、交通、餐饮、政策多为城市级代理；客流/核心租金仅部分重点商圈有明细。,正向: 商场样本数、收入社零、公共交通客运、餐饮集聚、年轻客群、政策支持；逆向或成本约束: 租金/空置率。
华北区,山西,晋城,金凤巢购物中心,商圈/商场聚合,金凤巢购物中心,,,1,0.0,0.0,0,0,0,,,,,1,14.4592,0.0,,,,0,4,0,0,,,,,,,,,,,,,,,,,,,,,,,,,,,,,,,,,0,,,0,,,,,,,,,,商场样本/点评为商圈聚合；人口、收入、社零、交通、餐饮、政策多为城市级代理；客流/核心租金仅部分重点商圈有明细。,正向: 商场样本数、收入社零、公共交通客运、餐饮集聚、年轻客群、政策支持；逆向或成本约束: 租金/空置率。
华北区,山西,晋城,银都,商圈/商场聚合,银都,,属于二档品牌商场,1,0.0,1.0,0,0,0,,,,,1,14.4592,0.0,,,,0,4,0,1,,,,,,,,,,,,,,,,,,,,,,,,,,,,,,,,,0,,,0,,,,,,,,,,商场样本/点评为商圈聚合；人口、收入、社零、交通、餐饮、政策多为城市级代理；客流/核心租金仅部分重点商圈有明细。,正向: 商场样本数、收入社零、公共交通客运、餐饮集聚、年轻客群、政策支持；逆向或成本约束: 租金/空置率。
中南区,福建,晋江,莱雅,商圈/商场聚合,莱雅,,,1,0.0,0.0,0,0,0,,,,,1,14.4592,0.0,,,,0,4,0,0,,,,,,,,,,,,,,,,,,,,,,,,,,,,,,,,,0,,,0,,,,,,,,,,商场样本/点评为商圈聚合；人口、收入、社零、交通、餐饮、政策多为城市级代理；客流/核心租金仅部分重点商圈有明细。,正向: 商场样本数、收入社零、公共交通客运、餐饮集聚、年轻客群、政策支持；逆向或成本约束: 租金/空置率。
东北区,辽宁,本溪,邻里中心商场,商圈/商场聚合,邻里中心商场,本溪市广新街,综合性购物商场·,1,1.0,1.0,0,0,0,,,,,1,14.4592,0.0,,,,0,4,1,1,,,,,,,,,,,,,,,,,,,,,,,,,,,,,,,,,0,,,0,,,,,,,,,,商场样本/点评为商圈聚合；人口、收入、社零、交通、餐饮、政策多为城市级代理；客流/核心租金仅部分重点商圈有明细。,正向: 商场样本数、收入社零、公共交通客运、餐饮集聚、年轻客群、政策支持；逆向或成本约束: 租金/空置率。
中南区,广西,柳州,东都百货,商圈/商场聚合,东都百货,,,1,0.0,0.0,0,0,0,,,,,1,14.4592,0.0,,,,0,4,0,0,,,,,,,,,,,,,,,,,,,,,,,,,,,,,,,,,0,,,0,,,,,,,,,,商场样本/点评为商圈聚合；人口、收入、社零、交通、餐饮、政策多为城市级代理；客流/核心租金仅部分重点商圈有明细。,正向: 商场样本数、收入社零、公共交通客运、餐饮集聚、年轻客群、政策支持；逆向或成本约束: 租金/空置率。
中南区,广西,柳州,五星商业大厦,商圈/商场聚合,五星商业大厦,柳州市中山中路1号,,1,1.0,0.0,0,0,0,,,,,1,14.4592,0.0,,,,0,4,1,0,,,,,,,,,,,,,,,,,,,,,,,,,,,,,,,,,0,,,0,,,,,,,,,,商场样本/点评为商圈聚合；人口、收入、社零、交通、餐饮、政策多为城市级代理；客流/核心租金仅部分重点商圈有明细。,正向: 商场样本数、收入社零、公共交通客运、餐饮集聚、年轻客群、政策支持；逆向或成本约束: 租金/空置率。
中南区,广西,柳州,工贸大厦,商圈/商场聚合,工贸大厦,柳州市工贸大厦,,1,1.0,0.0,0,0,0,,,,,1,14.4592,0.0,,,,0,4,1,0,,,,,,,,,,,,,,,,,,,,,,,,,,,,,,,,,0,,,0,,,,,,,,,,商场样本/点评为商圈聚合；人口、收入、社零、交通、餐饮、政策多为城市级代理；客流/核心租金仅部分重点商圈有明细。,正向: 商场样本数、收入社零、公共交通客运、餐饮集聚、年轻客群、政策支持；逆向或成本约束: 租金/空置率。
西北区,青海,格尔木,新华购物中心,商圈/商场聚合,新华购物中心,三层经营：服装,八一路中段昆仑广场西侧,1,1.0,1.0,0,0,0,,,,,1,14.4592,0.0,,,,0,4,1,1,,,,,,,,,,,,,,,,,,,,,,,,,,,,,,,,,0,,,0,,,,,,,,,,商场样本/点评为商圈聚合；人口、收入、社零、交通、餐饮、政策多为城市级代理；客流/核心租金仅部分重点商圈有明细。,正向: 商场样本数、收入社零、公共交通客运、餐饮集聚、年轻客群、政策支持；逆向或成本约束: 租金/空置率。
中南区,广西,桂林,微笑堂商厦,商圈/商场聚合,微笑堂商厦,桂林中山路37号,,1,1.0,0.0,0,0,0,,,,,1,14.4592,0.0,,,,0,4,1,0,,,,,,,,,,,,,,,,,,,,,,,,,,,,,,,,,0,,,0,,,,,,,,,,商场样本/点评为商圈聚合；人口、收入、社零、交通、餐饮、政策多为城市级代理；客流/核心租金仅部分重点商圈有明细。,正向: 商场样本数、收入社零、公共交通客运、餐饮集聚、年轻客群、政策支持；逆向或成本约束: 租金/空置率。
中南区,广西,桂林,步行街生意较好,商圈/商场聚合,百货大楼,桂林市中山路122号,"价格便宜,适宜于大众消费",1,1.0,1.0,0,1,1,,,,,1,14.4592,0.0,,,,0,4,1,1,,,,,,,,,,,,,,,,,,,,,,,,,,,,,,,,,0,,,0,,,,,,,,,,商场样本/点评为商圈聚合；人口、收入、社零、交通、餐饮、政策多为城市级代理；客流/核心租金仅部分重点商圈有明细。,正向: 商场样本数、收入社零、公共交通客运、餐饮集聚、年轻客群、政策支持；逆向或成本约束: 租金/空置率。
西北区,陕西,汉中,汉中商场,商圈/商场聚合,汉中商场,,,1,0.0,0.0,0,0,0,,,,,1,14.4592,0.0,,,,0,4,0,0,,,,,,,,,,,,,,,,,,,,,,,,,,,,,,,,,0,,,0,,,,,,,,,,商场样本/点评为商圈聚合；人口、收入、社零、交通、餐饮、政策多为城市级代理；客流/核心租金仅部分重点商圈有明细。,正向: 商场样本数、收入社零、公共交通客运、餐饮集聚、年轻客群、政策支持；逆向或成本约束: 租金/空置率。
中南区,广东,汕头,中友商场,商圈/商场聚合,中友商场,,,1,0.0,0.0,0,0,0,,,,,1,14.4592,0.0,,,,0,4,0,0,,,,,,,,,,,,,,,,,,,,,,,,,,,,,,,,,0,,,0,,,,,,,,,,商场样本/点评为商圈聚合；人口、收入、社零、交通、餐饮、政策多为城市级代理；客流/核心租金仅部分重点商圈有明细。,正向: 商场样本数、收入社零、公共交通客运、餐饮集聚、年轻客群、政策支持；逆向或成本约束: 租金/空置率。
中南区,广东,汕头,南国商城,商圈/商场聚合,南国商城,,,1,0.0,0.0,0,0,0,,,,,1,14.4592,0.0,,,,0,4,0,0,,,,,,,,,,,,,,,,,,,,,,,,,,,,,,,,,0,,,0,,,,,,,,,,商场样本/点评为商圈聚合；人口、收入、社零、交通、餐饮、政策多为城市级代理；客流/核心租金仅部分重点商圈有明细。,正向: 商场样本数、收入社零、公共交通客运、餐饮集聚、年轻客群、政策支持；逆向或成本约束: 租金/空置率。
中南区,广东,汕头,南方友谊商厦,商圈/商场聚合,南方友谊商厦,,,1,0.0,0.0,0,0,0,,,,,1,14.4592,0.0,,,,0,4,0,0,,,,,,,,,,,,,,,,,,,,,,,,,,,,,,,,,0,,,0,,,,,,,,,,商场样本/点评为商圈聚合；人口、收入、社零、交通、餐饮、政策多为城市级代理；客流/核心租金仅部分重点商圈有明细。,正向: 商场样本数、收入社零、公共交通客运、餐饮集聚、年轻客群、政策支持；逆向或成本约束: 租金/空置率。
中南区,广东,汕头,国芳百盛,商圈/商场聚合,国芳百盛,,,1,0.0,0.0,0,0,0,,,,,1,14.4592,0.0,,,,0,4,0,0,,,,,,,,,,,,,,,,,,,,,,,,,,,,,,,,,0,,,0,,,,,,,,,,商场样本/点评为商圈聚合；人口、收入、社零、交通、餐饮、政策多为城市级代理；客流/核心租金仅部分重点商圈有明细。,正向: 商场样本数、收入社零、公共交通客运、餐饮集聚、年轻客群、政策支持；逆向或成本约束: 租金/空置率。
中南区,广东,汕头,天虹商场,商圈/商场聚合,天虹商场,,,1,0.0,0.0,0,0,0,,,,,1,14.4592,0.0,,,,0,4,0,0,,,,,,,,,,,,,,,,,,,,,,,,,,,,,,,,,0,,,0,,,,,,,,,,商场样本/点评为商圈聚合；人口、收入、社零、交通、餐饮、政策多为城市级代理；客流/核心租金仅部分重点商圈有明细。,正向: 商场样本数、收入社零、公共交通客运、餐饮集聚、年轻客群、政策支持；逆向或成本约束: 租金/空置率。
西南区,四川,江油市,摩尔玛特,商圈/商场聚合,摩尔玛特,,以解放碑路,1,0.0,1.0,0,0,0,,,,,1,14.4592,0.0,,,,0,4,0,1,,,,,,,,,,,,,,,,,,,,,,,,,,,,,,,,,0,,,0,,,,,,,,,,商场样本/点评为商圈聚合；人口、收入、社零、交通、餐饮、政策多为城市级代理；客流/核心租金仅部分重点商圈有明细。,正向: 商场样本数、收入社零、公共交通客运、餐饮集聚、年轻客群、政策支持；逆向或成本约束: 租金/空置率。
西南区,四川,江油市,汇星百货,商圈/商场聚合,汇星百货,,,1,0.0,0.0,0,0,0,,,,,1,14.4592,0.0,,,,0,4,0,0,,,,,,,,,,,,,,,,,,,,,,,,,,,,,,,,,0,,,0,,,,,,,,,,商场样本/点评为商圈聚合；人口、收入、社零、交通、餐饮、政策多为城市级代理；客流/核心租金仅部分重点商圈有明细。,正向: 商场样本数、收入社零、公共交通客运、餐饮集聚、年轻客群、政策支持；逆向或成本约束: 租金/空置率。
中南区,广东,江门,益华百货,商圈/商场聚合,益华百货,江门迎宾大道118号,定位为一个城市综合商业服务与日常“吃、喝、玩、乐、住”众功能的“生活馆”。是中山市最早诠释的国际流行商业模式MALL。,1,1.0,1.0,0,0,0,,,,,1,14.4592,0.0,,,,0,4,1,1,,,,,,,,,,,,,,,,,,,,,,,,,,,,,,,,,0,,,0,,,,,,,,,,商场样本/点评为商圈聚合；人口、收入、社零、交通、餐饮、政策多为城市级代理；客流/核心租金仅部分重点商圈有明细。,正向: 商场样本数、收入社零、公共交通客运、餐饮集聚、年轻客群、政策支持；逆向或成本约束: 租金/空置率。
华东区,江苏,江阴,华联商厦有限公司,商圈/商场聚合,华联商厦有限公司,江阴市人民中路85号,座落在江阴市中心最繁华的人民中路，集购物、餐饮、娱乐、休闲于一体。,1,1.0,1.0,0,0,0,,,,,1,14.4592,0.0,,,,0,4,1,1,,,,,,,,,,,,,,,,,,,,,,,,,,,,,,,,,0,,,0,,,,,,,,,,商场样本/点评为商圈聚合；人口、收入、社零、交通、餐饮、政策多为城市级代理；客流/核心租金仅部分重点商圈有明细。,正向: 商场样本数、收入社零、公共交通客运、餐饮集聚、年轻客群、政策支持；逆向或成本约束: 租金/空置率。
华东区,江苏,江阴,江阴国际购物中心,商圈/商场聚合,江阴国际购物中心,江阴市人民中路51号,处江阴市人民中路的繁华商业地段，定位上，坚持以高、中档为主；在结构上以国产精品为主，同时经销各国的名牌商品。,1,1.0,1.0,0,1,0,,,,,1,14.4592,0.0,,,,0,4,1,1,,,,,,,,,,,,,,,,,,,,,,,,,,,,,,,,,0,,,0,,,,,,,,,,商场样本/点评为商圈聚合；人口、收入、社零、交通、餐饮、政策多为城市级代理；客流/核心租金仅部分重点商圈有明细。,正向: 商场样本数、收入社零、公共交通客运、餐饮集聚、年轻客群、政策支持；逆向或成本约束: 租金/空置率。
中南区,福建,泉州,中旅商场,商圈/商场聚合,中旅商场,鲤城区百源路,综合性购物商场！,1,1.0,1.0,0,0,0,,,,,1,14.4592,0.0,,,,0,4,1,1,,,,,,,,,,,,,,,,,,,,,,,,,,,,,,,,,0,,,0,,,,,,,,,,商场样本/点评为商圈聚合；人口、收入、社零、交通、餐饮、政策多为城市级代理；客流/核心租金仅部分重点商圈有明细。,正向: 商场样本数、收入社零、公共交通客运、餐饮集聚、年轻客群、政策支持；逆向或成本约束: 租金/空置率。
中南区,福建,泉州,大洋百货,商圈/商场聚合,大洋百货,丰泽区泉秀街,综合性购物商场！,1,1.0,1.0,0,0,0,,,,,1,14.4592,0.0,,,,0,4,1,1,,,,,,,,,,,,,,,,,,,,,,,,,,,,,,,,,0,,,0,,,,,,,,,,商场样本/点评为商圈聚合；人口、收入、社零、交通、餐饮、政策多为城市级代理；客流/核心租金仅部分重点商圈有明细。,正向: 商场样本数、收入社零、公共交通客运、餐饮集聚、年轻客群、政策支持；逆向或成本约束: 租金/空置率。
中南区,福建,泉州,百汇购物中心,商圈/商场聚合,百汇购物中心,泉州市涂门街82号(百源路口),是目前泉州最大且综合性、开放式的商场，经营面积近万平方米，集购物、娱乐、休闲为一体。,1,1.0,1.0,0,0,0,,,,,1,14.4592,0.0,,,,0,4,1,1,,,,,,,,,,,,,,,,,,,,,,,,,,,,,,,,,0,,,0,,,,,,,,,,商场样本/点评为商圈聚合；人口、收入、社零、交通、餐饮、政策多为城市级代理；客流/核心租金仅部分重点商圈有明细。,正向: 商场样本数、收入社零、公共交通客运、餐饮集聚、年轻客群、政策支持；逆向或成本约束: 租金/空置率。
中南区,福建,泉州,钟楼百货,商圈/商场聚合,钟楼百货,鲤城区东街,老百货商场！,1,1.0,1.0,0,0,0,,,,,1,14.4592,0.0,,,,0,4,1,1,,,,,,,,,,,,,,,,,,,,,,,,,,,,,,,,,0,,,0,,,,,,,,,,商场样本/点评为商圈聚合；人口、收入、社零、交通、餐饮、政策多为城市级代理；客流/核心租金仅部分重点商圈有明细。,正向: 商场样本数、收入社零、公共交通客运、餐饮集聚、年轻客群、政策支持；逆向或成本约束: 租金/空置率。
华东区,江苏,泰州,第一百货,商圈/商场聚合,第一百货,泰州市海陵北路33号,,1,1.0,0.0,0,0,0,,,,,1,14.4592,0.0,,,,0,4,1,0,,,,,,,,,,,,,,,,,,,,,,,,,,,,,,,,,0,,,0,,,,,,,,,,商场样本/点评为商圈聚合；人口、收入、社零、交通、餐饮、政策多为城市级代理；客流/核心租金仅部分重点商圈有明细。,正向: 商场样本数、收入社零、公共交通客运、餐饮集聚、年轻客群、政策支持；逆向或成本约束: 租金/空置率。
西南区,四川,泸州,人民商场,商圈/商场聚合,人民商场,,最差的.,1,0.0,1.0,0,0,0,,,,,1,14.4592,0.0,,,,0,4,0,1,,,,,,,,,,,,,,,,,,,,,,,,,,,,,,,,,0,,,0,,,,,,,,,,商场样本/点评为商圈聚合；人口、收入、社零、交通、餐饮、政策多为城市级代理；客流/核心租金仅部分重点商圈有明细。,正向: 商场样本数、收入社零、公共交通客运、餐饮集聚、年轻客群、政策支持；逆向或成本约束: 租金/空置率。
西南区,四川,泸州,摩尔玛,商圈/商场聚合,摩尔玛,,与汇通隔街相望,1,0.0,1.0,0,0,0,,,,,1,14.4592,0.0,,,,0,4,0,1,,,,,,,,,,,,,,,,,,,,,,,,,,,,,,,,,0,,,0,,,,,,,,,,商场样本/点评为商圈聚合；人口、收入、社零、交通、餐饮、政策多为城市级代理；客流/核心租金仅部分重点商圈有明细。,正向: 商场样本数、收入社零、公共交通客运、餐饮集聚、年轻客群、政策支持；逆向或成本约束: 租金/空置率。
西南区,四川,泸州,汇通百货,商圈/商场聚合,汇通百货,,一流商场,1,0.0,1.0,0,0,0,,,,,1,14.4592,0.0,,,,0,4,0,1,,,,,,,,,,,,,,,,,,,,,,,,,,,,,,,,,0,,,0,,,,,,,,,,商场样本/点评为商圈聚合；人口、收入、社零、交通、餐饮、政策多为城市级代理；客流/核心租金仅部分重点商圈有明细。,正向: 商场样本数、收入社零、公共交通客运、餐饮集聚、年轻客群、政策支持；逆向或成本约束: 租金/空置率。
中南区,河南,洛阳,丹尼斯,商圈/商场聚合,丹尼斯,涧西区南昌路80号,定位在百货零售商场！,1,1.0,1.0,0,0,0,,,,,1,14.4592,0.0,,,,0,4,1,1,,,,,,,,,,,,,,,,,,,,,,,,,,,,,,,,,0,,,0,,,,,,,,,,商场样本/点评为商圈聚合；人口、收入、社零、交通、餐饮、政策多为城市级代理；客流/核心租金仅部分重点商圈有明细。,正向: 商场样本数、收入社零、公共交通客运、餐饮集聚、年轻客群、政策支持；逆向或成本约束: 租金/空置率。
中南区,河南,洛阳,时代购物广场,商圈/商场聚合,时代购物广场,洛阳市纱厂东路28号,大型的综合性购物商场！,1,1.0,1.0,0,0,0,,,,,1,14.4592,0.0,,,,0,4,1,1,,,,,,,,,,,,,,,,,,,,,,,,,,,,,,,,,0,,,0,,,,,,,,,,商场样本/点评为商圈聚合；人口、收入、社零、交通、餐饮、政策多为城市级代理；客流/核心租金仅部分重点商圈有明细。,正向: 商场样本数、收入社零、公共交通客运、餐饮集聚、年轻客群、政策支持；逆向或成本约束: 租金/空置率。
中南区,河南,洛阳,王府井,商圈/商场聚合,王府井,洛阳市中州中路429号,定位在中高档综合性购物商场，二楼为少淑区！,1,1.0,1.0,1,0,0,,,,,1,14.4592,0.0,,,,0,4,1,1,,,,,,,,,,,,,,,,,,,,,,,,,,,,,,,,,0,,,0,,,,,,,,,,商场样本/点评为商圈聚合；人口、收入、社零、交通、餐饮、政策多为城市级代理；客流/核心租金仅部分重点商圈有明细。,正向: 商场样本数、收入社零、公共交通客运、餐饮集聚、年轻客群、政策支持；逆向或成本约束: 租金/空置率。
中南区,河南,洛阳,百货大楼,商圈/商场聚合,百货大楼,中州中路287号,南京中央百货的强势进驻使其旧貌换新颜，大型的综合性购物商场！,1,1.0,1.0,0,0,0,,,,,1,14.4592,0.0,,,,0,4,1,1,,,,,,,,,,,,,,,,,,,,,,,,,,,,,,,,,0,,,0,,,,,,,,,,商场样本/点评为商圈聚合；人口、收入、社零、交通、餐饮、政策多为城市级代理；客流/核心租金仅部分重点商圈有明细。,正向: 商场样本数、收入社零、公共交通客运、餐饮集聚、年轻客群、政策支持；逆向或成本约束: 租金/空置率。
中南区,湖南,浏阳,西美百货,商圈/商场聚合,西美百货,,,1,0.0,0.0,0,0,0,,,,,1,14.4592,0.0,,,,0,4,0,0,,,,,,,,,,,,,,,,,,,,,,,,,,,,,,,,,0,,,0,,,,,,,,,,商场样本/点评为商圈聚合；人口、收入、社零、交通、餐饮、政策多为城市级代理；客流/核心租金仅部分重点商圈有明细。,正向: 商场样本数、收入社零、公共交通客运、餐饮集聚、年轻客群、政策支持；逆向或成本约束: 租金/空置率。
中南区,山东,淄博,淄博银座,商圈/商场聚合,淄博银座,张店区柳泉路128号,集购物、休闲、餐饮、娱乐于一体的大型现代化商业连锁商场！,1,1.0,1.0,0,0,0,,,,,1,14.4592,0.0,,,,0,4,1,1,,,,,,,,,,,,,,,,,,,,,,,,,,,,,,,,,0,,,0,,,,,,,,,,商场样本/点评为商圈聚合；人口、收入、社零、交通、餐饮、政策多为城市级代理；客流/核心租金仅部分重点商圈有明细。,正向: 商场样本数、收入社零、公共交通客运、餐饮集聚、年轻客群、政策支持；逆向或成本约束: 租金/空置率。
中南区,山东,淄博,百货大楼,商圈/商场聚合,百货大楼,,,1,0.0,0.0,0,0,0,,,,,1,14.4592,0.0,,,,0,4,0,0,,,,,,,,,,,,,,,,,,,,,,,,,,,,,,,,,0,,,0,,,,,,,,,,商场样本/点评为商圈聚合；人口、收入、社零、交通、餐饮、政策多为城市级代理；客流/核心租金仅部分重点商圈有明细。,正向: 商场样本数、收入社零、公共交通客运、餐饮集聚、年轻客群、政策支持；逆向或成本约束: 租金/空置率。
华东区,江苏,淮安,中央百货新亚商城,商圈/商场聚合,中央百货新亚商城,淮安市淮海北路29号,,1,1.0,0.0,0,0,0,,,,,1,14.4592,0.0,,,,0,4,1,0,,,,,,,,,,,,,,,,,,,,,,,,,,,,,,,,,0,,,0,,,,,,,,,,商场样本/点评为商圈聚合；人口、收入、社零、交通、餐饮、政策多为城市级代理；客流/核心租金仅部分重点商圈有明细。,正向: 商场样本数、收入社零、公共交通客运、餐饮集聚、年轻客群、政策支持；逆向或成本约束: 租金/空置率。
华东区,江苏,淮安,乐园休闲服饰广场,商圈/商场聚合,乐园休闲服饰广场,,新开业综合商场,1,0.0,1.0,0,0,0,,,,,1,14.4592,0.0,,,,0,4,0,1,,,,,,,,,,,,,,,,,,,,,,,,,,,,,,,,,0,,,0,,,,,,,,,,商场样本/点评为商圈聚合；人口、收入、社零、交通、餐饮、政策多为城市级代理；客流/核心租金仅部分重点商圈有明细。,正向: 商场样本数、收入社零、公共交通客运、餐饮集聚、年轻客群、政策支持；逆向或成本约束: 租金/空置率。
华东区,江苏,淮安,新清江商场,商圈/商场聚合,新清江商场,淮安市淮海北路214号,,1,1.0,0.0,0,0,0,,,,,1,14.4592,0.0,,,,0,4,1,0,,,,,,,,,,,,,,,,,,,,,,,,,,,,,,,,,0,,,0,,,,,,,,,,商场样本/点评为商圈聚合；人口、收入、社零、交通、餐饮、政策多为城市级代理；客流/核心租金仅部分重点商圈有明细。,正向: 商场样本数、收入社零、公共交通客运、餐饮集聚、年轻客群、政策支持；逆向或成本约束: 租金/空置率。
中南区,广东,清远,步行街生意较好,商圈/商场聚合,益华百货,清远市先锋中路 18 号城市广场,定位为一个城市综合商业服务与日常“吃、喝、玩、乐、住”众功能的“生活馆”。是中山市最早诠释的国际流行商业模式MALL。,1,1.0,1.0,0,0,1,,,,,1,14.4592,0.0,,,,0,4,1,1,,,,,,,,,,,,,,,,,,,,,,,,,,,,,,,,,0,,,0,,,,,,,,,,商场样本/点评为商圈聚合；人口、收入、社零、交通、餐饮、政策多为城市级代理；客流/核心租金仅部分重点商圈有明细。,正向: 商场样本数、收入社零、公共交通客运、餐饮集聚、年轻客群、政策支持；逆向或成本约束: 租金/空置率。
西北区,陕西,渭南,人民商场,商圈/商场聚合,人民商场,,,1,0.0,0.0,0,0,0,,,,,1,14.4592,0.0,,,,0,4,0,0,,,,,,,,,,,,,,,,,,,,,,,,,,,,,,,,,0,,,0,,,,,,,,,,商场样本/点评为商圈聚合；人口、收入、社零、交通、餐饮、政策多为城市级代理；客流/核心租金仅部分重点商圈有明细。,正向: 商场样本数、收入社零、公共交通客运、餐饮集聚、年轻客群、政策支持；逆向或成本约束: 租金/空置率。
华东区,浙江,湖州,中百,商圈/商场聚合,中百,,,1,0.0,0.0,0,0,0,,,,,1,14.4592,0.0,,,,0,4,0,0,,,,,,,,,,,,,,,,,,,,,,,,,,,,,,,,,0,,,0,,,,,,,,,,商场样本/点评为商圈聚合；人口、收入、社零、交通、餐饮、政策多为城市级代理；客流/核心租金仅部分重点商圈有明细。,正向: 商场样本数、收入社零、公共交通客运、餐饮集聚、年轻客群、政策支持；逆向或成本约束: 租金/空置率。
中南区,湖南,湘潭,华隆步步高,商圈/商场聚合,华隆步步高,建设南路102号（原华隆大厦,步步高超市发展成为湖南最大的连锁超市，是湖南省唯一2000年、2001年连续两年进入全国连锁百强的企业。,1,1.0,1.0,0,0,0,,,,,1,14.4592,0.0,,,,0,4,1,1,,,,,,,,,,,,,,,,,,,,,,,,,,,,,,,,,0,,,0,,,,,,,,,,商场样本/点评为商圈聚合；人口、收入、社零、交通、餐饮、政策多为城市级代理；客流/核心租金仅部分重点商圈有明细。,正向: 商场样本数、收入社零、公共交通客运、餐饮集聚、年轻客群、政策支持；逆向或成本约束: 租金/空置率。
中南区,湖南,湘潭,基建营步步高,商圈/商场聚合,基建营步步高,河西基建营路口,,1,1.0,0.0,0,0,0,,,,,1,14.4592,0.0,,,,0,4,1,0,,,,,,,,,,,,,,,,,,,,,,,,,,,,,,,,,0,,,0,,,,,,,,,,商场样本/点评为商圈聚合；人口、收入、社零、交通、餐饮、政策多为城市级代理；客流/核心租金仅部分重点商圈有明细。,正向: 商场样本数、收入社零、公共交通客运、餐饮集聚、年轻客群、政策支持；逆向或成本约束: 租金/空置率。
中南区,湖南,湘潭,心连心百货,商圈/商场聚合,心连心百货,湘潭市韶山中路,心连心百货综合性购物广场位于河西基建营，主营化妆品、黄金珠宝、精品服饰、时尚家居、运动休闲、名优家电等中高档品牌。,1,1.0,1.0,1,0,0,,,,,1,14.4592,0.0,,,,0,4,1,1,,,,,,,,,,,,,,,,,,,,,,,,,,,,,,,,,0,,,0,,,,,,,,,,商场样本/点评为商圈聚合；人口、收入、社零、交通、餐饮、政策多为城市级代理；客流/核心租金仅部分重点商圈有明细。,正向: 商场样本数、收入社零、公共交通客运、餐饮集聚、年轻客群、政策支持；逆向或成本约束: 租金/空置率。
中南区,广东,湛江,广百百货,商圈/商场聚合,广百百货,湛江市霞山区海滨路,广百百货、广百电器双品牌同场经营,1,1.0,1.0,0,0,0,,,,,1,14.4592,0.0,,,,0,4,1,1,,,,,,,,,,,,,,,,,,,,,,,,,,,,,,,,,0,,,0,,,,,,,,,,商场样本/点评为商圈聚合；人口、收入、社零、交通、餐饮、政策多为城市级代理；客流/核心租金仅部分重点商圈有明细。,正向: 商场样本数、收入社零、公共交通客运、餐饮集聚、年轻客群、政策支持；逆向或成本约束: 租金/空置率。
中南区,山东,滨州,滨州银座,商圈/商场聚合,滨州银座,黄河四路539号,集购物、休闲、餐饮、娱乐于一体的大型现代化商业连锁商场！,1,1.0,1.0,0,0,0,,,,,1,14.4592,0.0,,,,0,4,1,1,,,,,,,,,,,,,,,,,,,,,,,,,,,,,,,,,0,,,0,,,,,,,,,,商场样本/点评为商圈聚合；人口、收入、社零、交通、餐饮、政策多为城市级代理；客流/核心租金仅部分重点商圈有明细。,正向: 商场样本数、收入社零、公共交通客运、餐饮集聚、年轻客群、政策支持；逆向或成本约束: 租金/空置率。
中南区,福建,漳州,江汉路商业一条街,商圈/商场聚合,中闽百汇,漳州市市区延安北路1号,综合性、开放式的商场，经营面积近万平方米，集购物、娱乐、休闲为一体。,1,1.0,1.0,0,0,1,,,,,1,14.4592,0.0,,,,0,4,1,1,,,,,,,,,,,,,,,,,,,,,,,,,,,,,,,,,0,,,0,,,,,,,,,,商场样本/点评为商圈聚合；人口、收入、社零、交通、餐饮、政策多为城市级代理；客流/核心租金仅部分重点商圈有明细。,正向: 商场样本数、收入社零、公共交通客运、餐饮集聚、年轻客群、政策支持；逆向或成本约束: 租金/空置率。
中南区,山东,潍坊,潍坊银座,商圈/商场聚合,潍坊银座,潍坊市奎文区胜利东街389号,集购物、休闲、餐饮、娱乐于一体的大型现代化商业连锁商场！,1,1.0,1.0,0,0,0,,,,,1,14.4592,0.0,,,,0,4,1,1,,,,,,,,,,,,,,,,,,,,,,,,,,,,,,,,,0,,,0,,,,,,,,,,商场样本/点评为商圈聚合；人口、收入、社零、交通、餐饮、政策多为城市级代理；客流/核心租金仅部分重点商圈有明细。,正向: 商场样本数、收入社零、公共交通客运、餐饮集聚、年轻客群、政策支持；逆向或成本约束: 租金/空置率。
中南区,河南,濮阳,联华,商圈/商场聚合,联华,,,1,0.0,0.0,0,0,0,,,,,1,14.4592,0.0,,,,0,4,0,0,,,,,,,,,,,,,,,,,,,,,,,,,,,,,,,,,0,,,0,,,,,,,,,,商场样本/点评为商圈聚合；人口、收入、社零、交通、餐饮、政策多为城市级代理；客流/核心租金仅部分重点商圈有明细。,正向: 商场样本数、收入社零、公共交通客运、餐饮集聚、年轻客群、政策支持；逆向或成本约束: 租金/空置率。
中南区,山东,烟台,南大街购物城,商圈/商场聚合,南大街购物城,芝罘区南大街205号,集购物、文化娱乐、体育健身为一体的大型综合性楼宇,1,1.0,1.0,0,0,1,,,,,1,14.4592,0.0,,,,0,4,1,1,,,,,,,,,,,,,,,,,,,,,,,,,,,,,,,,,0,,,0,,,,,,,,,,商场样本/点评为商圈聚合；人口、收入、社零、交通、餐饮、政策多为城市级代理；客流/核心租金仅部分重点商圈有明细。,正向: 商场样本数、收入社零、公共交通客运、餐饮集聚、年轻客群、政策支持；逆向或成本约束: 租金/空置率。
中南区,山东,烟台,振华商厦,商圈/商场聚合,振华商厦,烟台市西大街8号,集购物、餐饮、娱乐、商住、服务、房地产开发等多功能、多业态于一体的大型商贸集团。,1,1.0,1.0,0,0,0,,,,,1,14.4592,0.0,,,,0,4,1,1,,,,,,,,,,,,,,,,,,,,,,,,,,,,,,,,,0,,,0,,,,,,,,,,商场样本/点评为商圈聚合；人口、收入、社零、交通、餐饮、政策多为城市级代理；客流/核心租金仅部分重点商圈有明细。,正向: 商场样本数、收入社零、公共交通客运、餐饮集聚、年轻客群、政策支持；逆向或成本约束: 租金/空置率。
中南区,山东,烟台,昌隆购物中心,商圈/商场聚合,昌隆购物中心,烟台市芝罘区海港路18号,,1,1.0,0.0,0,0,0,,,,,1,14.4592,0.0,,,,0,4,1,0,,,,,,,,,,,,,,,,,,,,,,,,,,,,,,,,,0,,,0,,,,,,,,,,商场样本/点评为商圈聚合；人口、收入、社零、交通、餐饮、政策多为城市级代理；客流/核心租金仅部分重点商圈有明细。,正向: 商场样本数、收入社零、公共交通客运、餐饮集聚、年轻客群、政策支持；逆向或成本约束: 租金/空置率。
中南区,山东,烟台,海德购物中心,商圈/商场聚合,海德购物中心,牟平区政府大街52号,,1,1.0,0.0,0,0,0,,,,,1,14.4592,0.0,,,,0,4,1,0,,,,,,,,,,,,,,,,,,,,,,,,,,,,,,,,,0,,,0,,,,,,,,,,商场样本/点评为商圈聚合；人口、收入、社零、交通、餐饮、政策多为城市级代理；客流/核心租金仅部分重点商圈有明细。,正向: 商场样本数、收入社零、公共交通客运、餐饮集聚、年轻客群、政策支持；逆向或成本约束: 租金/空置率。
中南区,河南,焦作,三维商业广场,商圈/商场聚合,三维商业广场,焦作解放路与民主路交叉口,定位中高档的综合性购物商场，三楼为少淑区！,1,1.0,1.0,1,0,0,,,,,1,14.4592,0.0,,,,0,4,1,1,,,,,,,,,,,,,,,,,,,,,,,,,,,,,,,,,0,,,0,,,,,,,,,,商场样本/点评为商圈聚合；人口、收入、社零、交通、餐饮、政策多为城市级代理；客流/核心租金仅部分重点商圈有明细。,正向: 商场样本数、收入社零、公共交通客运、餐饮集聚、年轻客群、政策支持；逆向或成本约束: 租金/空置率。
中南区,河南,焦作,新亚商厦,商圈/商场聚合,新亚商厦,解放路137号,定位中高档的综合性购物商场，四楼为少淑区！,1,1.0,1.0,1,0,0,,,,,1,14.4592,0.0,,,,0,4,1,1,,,,,,,,,,,,,,,,,,,,,,,,,,,,,,,,,0,,,0,,,,,,,,,,商场样本/点评为商圈聚合；人口、收入、社零、交通、餐饮、政策多为城市级代理；客流/核心租金仅部分重点商圈有明细。,正向: 商场样本数、收入社零、公共交通客运、餐饮集聚、年轻客群、政策支持；逆向或成本约束: 租金/空置率。
东北区,黑龙江,牡丹江,新玛特购物广场,商圈/商场聚合,新玛特购物广场,牡丹江市市区太平路31号,集购物、娱乐、休闲、旅游为一体的大型现代化商业企业。,1,1.0,1.0,0,0,0,,,,,1,14.4592,0.0,,,,0,4,1,1,,,,,,,,,,,,,,,,,,,,,,,,,,,,,,,,,0,,,0,,,,,,,,,,商场样本/点评为商圈聚合；人口、收入、社零、交通、餐饮、政策多为城市级代理；客流/核心租金仅部分重点商圈有明细。,正向: 商场样本数、收入社零、公共交通客运、餐饮集聚、年轻客群、政策支持；逆向或成本约束: 租金/空置率。
东北区,黑龙江,牡丹江,百货大楼,商圈/商场聚合,百货大楼,牡丹江市市区太平路31号,综合性购物商场·,1,1.0,1.0,0,0,0,,,,,1,14.4592,0.0,,,,0,4,1,1,,,,,,,,,,,,,,,,,,,,,,,,,,,,,,,,,0,,,0,,,,,,,,,,商场样本/点评为商圈聚合；人口、收入、社零、交通、餐饮、政策多为城市级代理；客流/核心租金仅部分重点商圈有明细。,正向: 商场样本数、收入社零、公共交通客运、餐饮集聚、年轻客群、政策支持；逆向或成本约束: 租金/空置率。
中南区,广西,玉林,美家园百货,商圈/商场聚合,美家园百货,玉林市人民东路730号,,1,1.0,0.0,0,0,0,,,,,1,14.4592,0.0,,,,0,4,1,0,,,,,,,,,,,,,,,,,,,,,,,,,,,,,,,,,0,,,0,,,,,,,,,,商场样本/点评为商圈聚合；人口、收入、社零、交通、餐饮、政策多为城市级代理；客流/核心租金仅部分重点商圈有明细。,正向: 商场样本数、收入社零、公共交通客运、餐饮集聚、年轻客群、政策支持；逆向或成本约束: 租金/空置率。
中南区,广西,百色,步行街,商圈/商场聚合,步行街,,,1,0.0,0.0,0,0,1,,,,,1,14.4592,0.0,,,,0,4,0,0,,,,,,,,,,,,,,,,,,,,,,,,,,,,,,,,,0,,,0,,,,,,,,,,商场样本/点评为商圈聚合；人口、收入、社零、交通、餐饮、政策多为城市级代理；客流/核心租金仅部分重点商圈有明细。,正向: 商场样本数、收入社零、公共交通客运、餐饮集聚、年轻客群、政策支持；逆向或成本约束: 租金/空置率。
中南区,湖南,益阳,桃花仑商业街,商圈/商场聚合,步步高,,,1,0.0,0.0,0,0,1,,,,,1,14.4592,0.0,,,,0,4,0,0,,,,,,,,,,,,,,,,,,,,,,,,,,,,,,,,,0,,,0,,,,,,,,,,商场样本/点评为商圈聚合；人口、收入、社零、交通、餐饮、政策多为城市级代理；客流/核心租金仅部分重点商圈有明细。,正向: 商场样本数、收入社零、公共交通客运、餐饮集聚、年轻客群、政策支持；逆向或成本约束: 租金/空置率。
华东区,江苏,盐城,盐城商业大厦,商圈/商场聚合,盐城商业大厦,盐城市建军中路132号,,1,1.0,0.0,0,0,0,,,,,1,14.4592,0.0,,,,0,4,1,0,,,,,,,,,,,,,,,,,,,,,,,,,,,,,,,,,0,,,0,,,,,,,,,,商场样本/点评为商圈聚合；人口、收入、社零、交通、餐饮、政策多为城市级代理；客流/核心租金仅部分重点商圈有明细。,正向: 商场样本数、收入社零、公共交通客运、餐饮集聚、年轻客群、政策支持；逆向或成本约束: 租金/空置率。
东北区,辽宁,盘锦,新赛特购物中心,商圈/商场聚合,新赛特购物中心,兴隆台区兴隆大街南中兴步行街北端,精品百货+社区超市+商务酒店+休闲娱乐,1,1.0,1.0,0,1,0,,,,,1,14.4592,0.0,,,,0,4,1,1,,,,,,,,,,,,,,,,,,,,,,,,,,,,,,,,,0,,,0,,,,,,,,,,商场样本/点评为商圈聚合；人口、收入、社零、交通、餐饮、政策多为城市级代理；客流/核心租金仅部分重点商圈有明细。,正向: 商场样本数、收入社零、公共交通客运、餐饮集聚、年轻客群、政策支持；逆向或成本约束: 租金/空置率。
西北区,宁夏,石嘴山,仁和春天,商圈/商场聚合,仁和春天,大武口步行街,餐饮购物商场！,1,1.0,1.0,0,0,0,,,,,1,14.4592,0.0,,,,0,4,1,1,,,,,,,,,,,,,,,,,,,,,,,,,,,,,,,,,0,,,0,,,,,,,,,,商场样本/点评为商圈聚合；人口、收入、社零、交通、餐饮、政策多为城市级代理；客流/核心租金仅部分重点商圈有明细。,正向: 商场样本数、收入社零、公共交通客运、餐饮集聚、年轻客群、政策支持；逆向或成本约束: 租金/空置率。
西北区,宁夏,石嘴山,太平洋,商圈/商场聚合,太平洋,贺兰山北路,综合购物商场·,1,1.0,1.0,0,0,0,,,,,1,14.4592,0.0,,,,0,4,1,1,,,,,,,,,,,,,,,,,,,,,,,,,,,,,,,,,0,,,0,,,,,,,,,,商场样本/点评为商圈聚合；人口、收入、社零、交通、餐饮、政策多为城市级代理；客流/核心租金仅部分重点商圈有明细。,正向: 商场样本数、收入社零、公共交通客运、餐饮集聚、年轻客群、政策支持；逆向或成本约束: 租金/空置率。
华北区,河北,秦皇岛,华联商厦,商圈/商场聚合,华联商厦,,,1,0.0,0.0,0,0,0,,,,,1,14.4592,0.0,,,,0,4,0,0,,,,,,,,,,,,,,,,,,,,,,,,,,,,,,,,,0,,,0,,,,,,,,,,商场样本/点评为商圈聚合；人口、收入、社零、交通、餐饮、政策多为城市级代理；客流/核心租金仅部分重点商圈有明细。,正向: 商场样本数、收入社零、公共交通客运、餐饮集聚、年轻客群、政策支持；逆向或成本约束: 租金/空置率。
华北区,河北,秦皇岛,天洋购物广场,商圈/商场聚合,天洋购物广场,,,1,0.0,0.0,0,0,0,,,,,1,14.4592,0.0,,,,0,4,0,0,,,,,,,,,,,,,,,,,,,,,,,,,,,,,,,,,0,,,0,,,,,,,,,,商场样本/点评为商圈聚合；人口、收入、社零、交通、餐饮、政策多为城市级代理；客流/核心租金仅部分重点商圈有明细。,正向: 商场样本数、收入社零、公共交通客运、餐饮集聚、年轻客群、政策支持；逆向或成本约束: 租金/空置率。
华北区,河北,秦皇岛,柳巷商品街,商圈/商场聚合,商城商场,河北大街152号,老商场，属于较高端消费，成熟类,1,1.0,1.0,1,0,1,,,,,1,14.4592,0.0,,,,0,4,1,1,,,,,,,,,,,,,,,,,,,,,,,,,,,,,,,,,0,,,0,,,,,,,,,,商场样本/点评为商圈聚合；人口、收入、社零、交通、餐饮、政策多为城市级代理；客流/核心租金仅部分重点商圈有明细。,正向: 商场样本数、收入社零、公共交通客运、餐饮集聚、年轻客群、政策支持；逆向或成本约束: 租金/空置率。
华北区,河北,秦皇岛,金原购物中心,商圈/商场聚合,金原购物中心,河北省秦皇岛市海港区河北大街150号,,1,1.0,0.0,0,0,0,,,,,1,14.4592,0.0,,,,0,4,1,0,,,,,,,,,,,,,,,,,,,,,,,,,,,,,,,,,0,,,0,,,,,,,,,,商场样本/点评为商圈聚合；人口、收入、社零、交通、餐饮、政策多为城市级代理；客流/核心租金仅部分重点商圈有明细。,正向: 商场样本数、收入社零、公共交通客运、餐饮集聚、年轻客群、政策支持；逆向或成本约束: 租金/空置率。
华北区,河北,秦皇岛,钟楼街,商圈/商场聚合,现代购物中心,秦皇岛市海港区民族路,都市型主题式时尚休闲商业广场,1,1.0,1.0,0,0,1,,,,,1,14.4592,0.0,,,,0,4,1,1,,,,,,,,,,,,,,,,,,,,,,,,,,,,,,,,,0,,,0,,,,,,,,,,商场样本/点评为商圈聚合；人口、收入、社零、交通、餐饮、政策多为城市级代理；客流/核心租金仅部分重点商圈有明细。,正向: 商场样本数、收入社零、公共交通客运、餐饮集聚、年轻客群、政策支持；逆向或成本约束: 租金/空置率。
西南区,四川,绵阳,富安百货,商圈/商场聚合,富安百货,,,1,0.0,0.0,0,0,0,,,,,1,14.4592,0.0,,,,0,4,0,0,,,,,,,,,,,,,,,,,,,,,,,,,,,,,,,,,0,,,0,,,,,,,,,,商场样本/点评为商圈聚合；人口、收入、社零、交通、餐饮、政策多为城市级代理；客流/核心租金仅部分重点商圈有明细。,正向: 商场样本数、收入社零、公共交通客运、餐饮集聚、年轻客群、政策支持；逆向或成本约束: 租金/空置率。
西南区,四川,绵阳,摩尔玛,商圈/商场聚合,摩尔玛,,,1,0.0,0.0,0,0,0,,,,,1,14.4592,0.0,,,,0,4,0,0,,,,,,,,,,,,,,,,,,,,,,,,,,,,,,,,,0,,,0,,,,,,,,,,商场样本/点评为商圈聚合；人口、收入、社零、交通、餐饮、政策多为城市级代理；客流/核心租金仅部分重点商圈有明细。,正向: 商场样本数、收入社零、公共交通客运、餐饮集聚、年轻客群、政策支持；逆向或成本约束: 租金/空置率。
西南区,四川,绵阳,每一天百货,商圈/商场聚合,每一天百货,,当地最旺的商场,1,0.0,1.0,0,0,0,,,,,1,14.4592,0.0,,,,0,4,0,1,,,,,,,,,,,,,,,,,,,,,,,,,,,,,,,,,0,,,0,,,,,,,,,,商场样本/点评为商圈聚合；人口、收入、社零、交通、餐饮、政策多为城市级代理；客流/核心租金仅部分重点商圈有明细。,正向: 商场样本数、收入社零、公共交通客运、餐饮集聚、年轻客群、政策支持；逆向或成本约束: 租金/空置率。
西南区,四川,绵阳,百盛,商圈/商场聚合,百盛,,,1,0.0,0.0,0,0,0,,,,,1,14.4592,0.0,,,,0,4,0,0,,,,,,,,,,,,,,,,,,,,,,,,,,,,,,,,,0,,,0,,,,,,,,,,商场样本/点评为商圈聚合；人口、收入、社零、交通、餐饮、政策多为城市级代理；客流/核心租金仅部分重点商圈有明细。,正向: 商场样本数、收入社零、公共交通客运、餐饮集聚、年轻客群、政策支持；逆向或成本约束: 租金/空置率。
中南区,广东,肇庆,肇庆广百时代广场,商圈/商场聚合,肇庆广百时代广场,肇庆市端州五路牌坊广场西侧,首个集零售百货、旅游展贸、餐饮娱乐、休闲配套、地王豪宅于一体的大型地标建筑，使消费者在一站式购物旅程中享受全方位、缤纷多彩的消闲服务。,1,1.0,1.0,0,0,0,,,,,1,14.4592,0.0,,,,0,4,1,1,,,,,,,,,,,,,,,,,,,,,,,,,,,,,,,,,0,,,0,,,,,,,,,,商场样本/点评为商圈聚合；人口、收入、社零、交通、餐饮、政策多为城市级代理；客流/核心租金仅部分重点商圈有明细。,正向: 商场样本数、收入社零、公共交通客运、餐饮集聚、年轻客群、政策支持；逆向或成本约束: 租金/空置率。
西南区,四川,自贡,东方广场步行街,商圈/商场聚合,东方广场步行街,,,1,0.0,0.0,0,0,1,,,,,1,14.4592,0.0,,,,0,4,0,0,,,,,,,,,,,,,,,,,,,,,,,,,,,,,,,,,0,,,0,,,,,,,,,,商场样本/点评为商圈聚合；人口、收入、社零、交通、餐饮、政策多为城市级代理；客流/核心租金仅部分重点商圈有明细。,正向: 商场样本数、收入社零、公共交通客运、餐饮集聚、年轻客群、政策支持；逆向或成本约束: 租金/空置率。
西南区,四川,自贡,九鼎百货,商圈/商场聚合,九鼎百货,,"两个连锁店,属于本地品牌商场,老的在五星路,新的",1,0.0,1.0,0,0,0,,,,,1,14.4592,0.0,,,,0,4,0,1,,,,,,,,,,,,,,,,,,,,,,,,,,,,,,,,,0,,,0,,,,,,,,,,商场样本/点评为商圈聚合；人口、收入、社零、交通、餐饮、政策多为城市级代理；客流/核心租金仅部分重点商圈有明细。,正向: 商场样本数、收入社零、公共交通客运、餐饮集聚、年轻客群、政策支持；逆向或成本约束: 租金/空置率。
西南区,四川,自贡,千盛百货,商圈/商场聚合,千盛百货,,"前身是摩尔玛,现被大商集团收购,更名为千盛百货",1,0.0,1.0,0,0,0,,,,,1,14.4592,0.0,,,,0,4,0,1,,,,,,,,,,,,,,,,,,,,,,,,,,,,,,,,,0,,,0,,,,,,,,,,商场样本/点评为商圈聚合；人口、收入、社零、交通、餐饮、政策多为城市级代理；客流/核心租金仅部分重点商圈有明细。,正向: 商场样本数、收入社零、公共交通客运、餐饮集聚、年轻客群、政策支持；逆向或成本约束: 租金/空置率。
华东区,安徽,芜湖,新百大厦,商圈/商场聚合,新百大厦,,,1,0.0,0.0,0,0,0,,,,,1,14.4592,0.0,,,,0,4,0,0,,,,,,,,,,,,,,,,,,,,,,,,,,,,,,,,,0,,,0,,,,,,,,,,商场样本/点评为商圈聚合；人口、收入、社零、交通、餐饮、政策多为城市级代理；客流/核心租金仅部分重点商圈有明细。,正向: 商场样本数、收入社零、公共交通客运、餐饮集聚、年轻客群、政策支持；逆向或成本约束: 租金/空置率。
中南区,湖北,荆州,中商百货,商圈/商场聚合,中商百货,沙市,,1,1.0,0.0,0,0,0,,,,,1,14.4592,0.0,,,,0,4,1,0,,,,,,,,,,,,,,,,,,,,,,,,,,,,,,,,,0,,,0,,,,,,,,,,商场样本/点评为商圈聚合；人口、收入、社零、交通、餐饮、政策多为城市级代理；客流/核心租金仅部分重点商圈有明细。,正向: 商场样本数、收入社零、公共交通客运、餐饮集聚、年轻客群、政策支持；逆向或成本约束: 租金/空置率。
中南区,湖北,荆州,宝安商业步行街,商圈/商场聚合,时代广场,荆州市市区北京中路282号,,1,1.0,0.0,0,0,1,,,,,1,14.4592,0.0,,,,0,4,1,0,,,,,,,,,,,,,,,,,,,,,,,,,,,,,,,,,0,,,0,,,,,,,,,,商场样本/点评为商圈聚合；人口、收入、社零、交通、餐饮、政策多为城市级代理；客流/核心租金仅部分重点商圈有明细。,正向: 商场样本数、收入社零、公共交通客运、餐饮集聚、年轻客群、政策支持；逆向或成本约束: 租金/空置率。
中南区,湖北,荆州,红旗商场,商圈/商场聚合,红旗商场,荆州市市区北京中路173号,,1,1.0,0.0,0,0,0,,,,,1,14.4592,0.0,,,,0,4,1,0,,,,,,,,,,,,,,,,,,,,,,,,,,,,,,,,,0,,,0,,,,,,,,,,商场样本/点评为商圈聚合；人口、收入、社零、交通、餐饮、政策多为城市级代理；客流/核心租金仅部分重点商圈有明细。,正向: 商场样本数、收入社零、公共交通客运、餐饮集聚、年轻客群、政策支持；逆向或成本约束: 租金/空置率。
中南区,湖北,荆门,东方百货,商圈/商场聚合,东方百货,,,1,0.0,0.0,0,0,0,,,,,1,14.4592,0.0,,,,0,4,0,0,,,,,,,,,,,,,,,,,,,,,,,,,,,,,,,,,0,,,0,,,,,,,,,,商场样本/点评为商圈聚合；人口、收入、社零、交通、餐饮、政策多为城市级代理；客流/核心租金仅部分重点商圈有明细。,正向: 商场样本数、收入社零、公共交通客运、餐饮集聚、年轻客群、政策支持；逆向或成本约束: 租金/空置率。
中南区,山东,莱芜,莱芜银座,商圈/商场聚合,莱芜银座,莱芜市文化南路8号,集购物、休闲、餐饮、娱乐于一体的大型现代化商业连锁商场！,1,1.0,1.0,0,0,0,,,,,1,14.4592,0.0,,,,0,4,1,1,,,,,,,,,,,,,,,,,,,,,,,,,,,,,,,,,0,,,0,,,,,,,,,,商场样本/点评为商圈聚合；人口、收入、社零、交通、餐饮、政策多为城市级代理；客流/核心租金仅部分重点商圈有明细。,正向: 商场样本数、收入社零、公共交通客运、餐饮集聚、年轻客群、政策支持；逆向或成本约束: 租金/空置率。
中南区,山东,菏泽,菏泽银座,商圈/商场聚合,菏泽银座,中华路与和平路相交路口东南角,集购物、休闲、餐饮、娱乐于一体的大型现代化商业连锁商场！,1,1.0,1.0,0,0,0,,,,,1,14.4592,0.0,,,,0,4,1,1,,,,,,,,,,,,,,,,,,,,,,,,,,,,,,,,,0,,,0,,,,,,,,,,商场样本/点评为商圈聚合；人口、收入、社零、交通、餐饮、政策多为城市级代理；客流/核心租金仅部分重点商圈有明细。,正向: 商场样本数、收入社零、公共交通客运、餐饮集聚、年轻客群、政策支持；逆向或成本约束: 租金/空置率。
华北区,河北,衡水,爱特购物中心,商圈/商场聚合,爱特购物中心,衡水和平路32号,现代化综合性大型零售商场，位处繁华地段！,1,1.0,1.0,0,0,0,,,,,1,14.4592,0.0,,,,0,4,1,1,,,,,,,,,,,,,,,,,,,,,,,,,,,,,,,,,0,,,0,,,,,,,,,,商场样本/点评为商圈聚合；人口、收入、社零、交通、餐饮、政策多为城市级代理；客流/核心租金仅部分重点商圈有明细。,正向: 商场样本数、收入社零、公共交通客运、餐饮集聚、年轻客群、政策支持；逆向或成本约束: 租金/空置率。
中南区,湖南,衡阳,广百百货,商圈/商场聚合,广百百货,衡阳市繁华商业中心中国名牌大厦,衡阳乃到湘南地区最大一家现代百货商场,1,1.0,1.0,0,0,0,,,,,1,14.4592,0.0,,,,0,4,1,1,,,,,,,,,,,,,,,,,,,,,,,,,,,,,,,,,0,,,0,,,,,,,,,,商场样本/点评为商圈聚合；人口、收入、社零、交通、餐饮、政策多为城市级代理；客流/核心租金仅部分重点商圈有明细。,正向: 商场样本数、收入社零、公共交通客运、餐饮集聚、年轻客群、政策支持；逆向或成本约束: 租金/空置率。
中南区,湖北,襄樊,天贸商场,商圈/商场聚合,天贸商场,,,1,0.0,0.0,0,0,0,,,,,1,14.4592,0.0,,,,0,4,0,0,,,,,,,,,,,,,,,,,,,,,,,,,,,,,,,,,0,,,0,,,,,,,,,,商场样本/点评为商圈聚合；人口、收入、社零、交通、餐饮、政策多为城市级代理；客流/核心租金仅部分重点商圈有明细。,正向: 商场样本数、收入社零、公共交通客运、餐饮集聚、年轻客群、政策支持；逆向或成本约束: 租金/空置率。
中南区,湖北,襄樊,王府井,商圈/商场聚合,王府井,,集商场、购物、休闲、娱乐等为一体的大型购物中   07开业,1,0.0,1.0,0,0,0,,,,,1,14.4592,0.0,,,,0,4,0,1,,,,,,,,,,,,,,,,,,,,,,,,,,,,,,,,,0,,,0,,,,,,,,,,商场样本/点评为商圈聚合；人口、收入、社零、交通、餐饮、政策多为城市级代理；客流/核心租金仅部分重点商圈有明细。,正向: 商场样本数、收入社零、公共交通客运、餐饮集聚、年轻客群、政策支持；逆向或成本约束: 租金/空置率。
西南区,四川,西昌,名店街,商圈/商场聚合,名店街,"品牌组合很好,但人气未形成.",,1,1.0,0.0,0,0,1,,,,,1,14.4592,0.0,,,,0,4,1,0,,,,,,,,,,,,,,,,,,,,,,,,,,,,,,,,,0,,,0,,,,,,,,,,商场样本/点评为商圈聚合；人口、收入、社零、交通、餐饮、政策多为城市级代理；客流/核心租金仅部分重点商圈有明细。,正向: 商场样本数、收入社零、公共交通客运、餐饮集聚、年轻客群、政策支持；逆向或成本约束: 租金/空置率。
西南区,四川,西昌,步行街,商圈/商场聚合,步行街,,,1,0.0,0.0,0,0,1,,,,,1,14.4592,0.0,,,,0,4,0,0,,,,,,,,,,,,,,,,,,,,,,,,,,,,,,,,,0,,,0,,,,,,,,,,商场样本/点评为商圈聚合；人口、收入、社零、交通、餐饮、政策多为城市级代理；客流/核心租金仅部分重点商圈有明细。,正向: 商场样本数、收入社零、公共交通客运、餐饮集聚、年轻客群、政策支持；逆向或成本约束: 租金/空置率。
西南区,四川,西昌,达达购物中心,商圈/商场聚合,达达购物中心,,"属于长安街商圈,市中心",1,0.0,1.0,0,0,0,,,,,1,14.4592,0.0,,,,0,4,0,1,,,,,,,,,,,,,,,,,,,,,,,,,,,,,,,,,0,,,0,,,,,,,,,,商场样本/点评为商圈聚合；人口、收入、社零、交通、餐饮、政策多为城市级代理；客流/核心租金仅部分重点商圈有明细。,正向: 商场样本数、收入社零、公共交通客运、餐饮集聚、年轻客群、政策支持；逆向或成本约束: 租金/空置率。
中南区,河南,许昌,鸿宝百货,商圈/商场聚合,鸿宝百货,许昌市建设中路中段,集购物、休闲、餐饮、娱乐于一体的流行百货公司,1,1.0,1.0,0,0,0,,,,,1,14.4592,0.0,,,,0,4,1,1,,,,,,,,,,,,,,,,,,,,,,,,,,,,,,,,,0,,,0,,,,,,,,,,商场样本/点评为商圈聚合；人口、收入、社零、交通、餐饮、政策多为城市级代理；客流/核心租金仅部分重点商圈有明细。,正向: 商场样本数、收入社零、公共交通客运、餐饮集聚、年轻客群、政策支持；逆向或成本约束: 租金/空置率。
中南区,广西,贵巷,凤凰街商圈,商圈/商场聚合,凤凰街商圈,,,1,0.0,0.0,0,0,1,,,,,1,14.4592,0.0,,,,0,4,0,0,,,,,,,,,,,,,,,,,,,,,,,,,,,,,,,,,0,,,0,,,,,,,,,,商场样本/点评为商圈聚合；人口、收入、社零、交通、餐饮、政策多为城市级代理；客流/核心租金仅部分重点商圈有明细。,正向: 商场样本数、收入社零、公共交通客运、餐饮集聚、年轻客群、政策支持；逆向或成本约束: 租金/空置率。
中南区,广西,贵巷,微笑堂购物广场,商圈/商场聚合,微笑堂购物广场,,,1,0.0,0.0,0,0,0,,,,,1,14.4592,0.0,,,,0,4,0,0,,,,,,,,,,,,,,,,,,,,,,,,,,,,,,,,,0,,,0,,,,,,,,,,商场样本/点评为商圈聚合；人口、收入、社零、交通、餐饮、政策多为城市级代理；客流/核心租金仅部分重点商圈有明细。,正向: 商场样本数、收入社零、公共交通客运、餐饮集聚、年轻客群、政策支持；逆向或成本约束: 租金/空置率。
西南区,四川,资中,摩尔玛特,商圈/商场聚合,摩尔玛特,,"步行街上,",1,0.0,1.0,0,0,0,,,,,1,14.4592,0.0,,,,0,4,0,1,,,,,,,,,,,,,,,,,,,,,,,,,,,,,,,,,0,,,0,,,,,,,,,,商场样本/点评为商圈聚合；人口、收入、社零、交通、餐饮、政策多为城市级代理；客流/核心租金仅部分重点商圈有明细。,正向: 商场样本数、收入社零、公共交通客运、餐饮集聚、年轻客群、政策支持；逆向或成本约束: 租金/空置率。
中南区,江西,赣州,文清路,商圈/商场聚合,国光百货,赣州红旗大道68号,,1,1.0,0.0,0,0,0,,,,,1,14.4592,0.0,,,,0,4,1,0,,,,,,,,,,,,,,,,,,,,,,,,,,,,,,,,,0,,,0,,,,,,,,,,商场样本/点评为商圈聚合；人口、收入、社零、交通、餐饮、政策多为城市级代理；客流/核心租金仅部分重点商圈有明细。,正向: 商场样本数、收入社零、公共交通客运、餐饮集聚、年轻客群、政策支持；逆向或成本约束: 租金/空置率。
中南区,江西,赣州,经典购物广场,商圈/商场聚合,经典购物广场,,当地最高档购物商场,1,0.0,1.0,1,0,0,,,,,1,14.4592,0.0,,,,0,4,0,1,,,,,,,,,,,,,,,,,,,,,,,,,,,,,,,,,0,,,0,,,,,,,,,,商场样本/点评为商圈聚合；人口、收入、社零、交通、餐饮、政策多为城市级代理；客流/核心租金仅部分重点商圈有明细。,正向: 商场样本数、收入社零、公共交通客运、餐饮集聚、年轻客群、政策支持；逆向或成本约束: 租金/空置率。
中南区,江西,赣州,豪通国际百货大楼,商圈/商场聚合,豪通国际百货大楼,,当地属于二流商场,1,0.0,1.0,0,0,0,,,,,1,14.4592,0.0,,,,0,4,0,1,,,,,,,,,,,,,,,,,,,,,,,,,,,,,,,,,0,,,0,,,,,,,,,,商场样本/点评为商圈聚合；人口、收入、社零、交通、餐饮、政策多为城市级代理；客流/核心租金仅部分重点商圈有明细。,正向: 商场样本数、收入社零、公共交通客运、餐饮集聚、年轻客群、政策支持；逆向或成本约束: 租金/空置率。
东北区,辽宁,辽阳,光华购物中心,商圈/商场聚合,光华购物中心,宏伟区荣华街18号,综合性购物商场·,1,1.0,1.0,0,0,0,,,,,1,14.4592,0.0,,,,0,4,1,1,,,,,,,,,,,,,,,,,,,,,,,,,,,,,,,,,0,,,0,,,,,,,,,,商场样本/点评为商圈聚合；人口、收入、社零、交通、餐饮、政策多为城市级代理；客流/核心租金仅部分重点商圈有明细。,正向: 商场样本数、收入社零、公共交通客运、餐饮集聚、年轻客群、政策支持；逆向或成本约束: 租金/空置率。
西南区,四川,达州,地下商场,商圈/商场聚合,地下商场,散货,,1,1.0,0.0,0,0,0,,,,,1,14.4592,0.0,,,,0,4,1,0,,,,,,,,,,,,,,,,,,,,,,,,,,,,,,,,,0,,,0,,,,,,,,,,商场样本/点评为商圈聚合；人口、收入、社零、交通、餐饮、政策多为城市级代理；客流/核心租金仅部分重点商圈有明细。,正向: 商场样本数、收入社零、公共交通客运、餐饮集聚、年轻客群、政策支持；逆向或成本约束: 租金/空置率。
西南区,四川,达州,城市中心广场,商圈/商场聚合,城市中心广场,,,1,0.0,0.0,0,0,0,,,,,1,14.4592,0.0,,,,0,4,0,0,,,,,,,,,,,,,,,,,,,,,,,,,,,,,,,,,0,,,0,,,,,,,,,,商场样本/点评为商圈聚合；人口、收入、社零、交通、餐饮、政策多为城市级代理；客流/核心租金仅部分重点商圈有明细。,正向: 商场样本数、收入社零、公共交通客运、餐饮集聚、年轻客群、政策支持；逆向或成本约束: 租金/空置率。
西南区,四川,达州,新世纪百货,商圈/商场聚合,新世纪百货,,,1,0.0,0.0,0,0,0,,,,,1,14.4592,0.0,,,,0,4,0,0,,,,,,,,,,,,,,,,,,,,,,,,,,,,,,,,,0,,,0,,,,,,,,,,商场样本/点评为商圈聚合；人口、收入、社零、交通、餐饮、政策多为城市级代理；客流/核心租金仅部分重点商圈有明细。,正向: 商场样本数、收入社零、公共交通客运、餐饮集聚、年轻客群、政策支持；逆向或成本约束: 租金/空置率。
西南区,四川,达州,柴市街\荷叶街\翠平路\来凤路,商圈/商场聚合,柴市街\荷叶街\翠平路\来凤路,,翠平路是品牌街,1,0.0,1.0,0,0,1,,,,,1,14.4592,0.0,,,,0,4,0,1,,,,,,,,,,,,,,,,,,,,,,,,,,,,,,,,,0,,,0,,,,,,,,,,商场样本/点评为商圈聚合；人口、收入、社零、交通、餐饮、政策多为城市级代理；客流/核心租金仅部分重点商圈有明细。,正向: 商场样本数、收入社零、公共交通客运、餐饮集聚、年轻客群、政策支持；逆向或成本约束: 租金/空置率。
西南区,四川,达州,通川中路,商圈/商场聚合,通川中路,,运动类品牌居多,1,0.0,1.0,0,0,0,,,,,1,14.4592,0.0,,,,0,4,0,1,,,,,,,,,,,,,,,,,,,,,,,,,,,,,,,,,0,,,0,,,,,,,,,,商场样本/点评为商圈聚合；人口、收入、社零、交通、餐饮、政策多为城市级代理；客流/核心租金仅部分重点商圈有明细。,正向: 商场样本数、收入社零、公共交通客运、餐饮集聚、年轻客群、政策支持；逆向或成本约束: 租金/空置率。
西南区,四川,达州,通州百货,商圈/商场聚合,通州百货,,,1,0.0,0.0,0,0,0,,,,,1,14.4592,0.0,,,,0,4,0,0,,,,,,,,,,,,,,,,,,,,,,,,,,,,,,,,,0,,,0,,,,,,,,,,商场样本/点评为商圈聚合；人口、收入、社零、交通、餐饮、政策多为城市级代理；客流/核心租金仅部分重点商圈有明细。,正向: 商场样本数、收入社零、公共交通客运、餐饮集聚、年轻客群、政策支持；逆向或成本约束: 租金/空置率。
西南区,四川,遂宁,摩尔春天,商圈/商场聚合,摩尔春天,,"步行街商圈,最好商场",1,0.0,1.0,0,0,0,,,,,1,14.4592,0.0,,,,0,4,0,1,,,,,,,,,,,,,,,,,,,,,,,,,,,,,,,,,0,,,0,,,,,,,,,,商场样本/点评为商圈聚合；人口、收入、社零、交通、餐饮、政策多为城市级代理；客流/核心租金仅部分重点商圈有明细。,正向: 商场样本数、收入社零、公共交通客运、餐饮集聚、年轻客群、政策支持；逆向或成本约束: 租金/空置率。
西南区,四川,遂宁,永逸百货,商圈/商场聚合,永逸百货,,,1,0.0,0.0,0,0,0,,,,,1,14.4592,0.0,,,,0,4,0,0,,,,,,,,,,,,,,,,,,,,,,,,,,,,,,,,,0,,,0,,,,,,,,,,商场样本/点评为商圈聚合；人口、收入、社零、交通、餐饮、政策多为城市级代理；客流/核心租金仅部分重点商圈有明细。,正向: 商场样本数、收入社零、公共交通客运、餐饮集聚、年轻客群、政策支持；逆向或成本约束: 租金/空置率。
西南区,四川,遂宁,重庆新世纪百货,商圈/商场聚合,重庆新世纪百货,,,1,0.0,0.0,0,0,0,,,,,1,14.4592,0.0,,,,0,4,0,0,,,,,,,,,,,,,,,,,,,,,,,,,,,,,,,,,0,,,0,,,,,,,,,,商场样本/点评为商圈聚合；人口、收入、社零、交通、餐饮、政策多为城市级代理；客流/核心租金仅部分重点商圈有明细。,正向: 商场样本数、收入社零、公共交通客运、餐饮集聚、年轻客群、政策支持；逆向或成本约束: 租金/空置率。
西南区,四川,遂宁,银丰百货,商圈/商场聚合,银丰百货,,,1,0.0,0.0,0,0,0,,,,,1,14.4592,0.0,,,,0,4,0,0,,,,,,,,,,,,,,,,,,,,,,,,,,,,,,,,,0,,,0,,,,,,,,,,商场样本/点评为商圈聚合；人口、收入、社零、交通、餐饮、政策多为城市级代理；客流/核心租金仅部分重点商圈有明细。,正向: 商场样本数、收入社零、公共交通客运、餐饮集聚、年轻客群、政策支持；逆向或成本约束: 租金/空置率。
华北区,河北,邢台,亿德隆购物广场,商圈/商场聚合,亿德隆购物广场,桥东区中兴东大街,商业街所在位！,1,1.0,1.0,0,0,0,,,,,1,14.4592,0.0,,,,0,4,1,1,,,,,,,,,,,,,,,,,,,,,,,,,,,,,,,,,0,,,0,,,,,,,,,,商场样本/点评为商圈聚合；人口、收入、社零、交通、餐饮、政策多为城市级代理；客流/核心租金仅部分重点商圈有明细。,正向: 商场样本数、收入社零、公共交通客运、餐饮集聚、年轻客群、政策支持；逆向或成本约束: 租金/空置率。
华北区,河北,邯郸,世贸广场,商圈/商场聚合,世贸广场,,,1,0.0,0.0,0,0,0,,,,,1,14.4592,0.0,,,,0,4,0,0,,,,,,,,,,,,,,,,,,,,,,,,,,,,,,,,,0,,,0,,,,,,,,,,商场样本/点评为商圈聚合；人口、收入、社零、交通、餐饮、政策多为城市级代理；客流/核心租金仅部分重点商圈有明细。,正向: 商场样本数、收入社零、公共交通客运、餐饮集聚、年轻客群、政策支持；逆向或成本约束: 租金/空置率。
华北区,河北,邯郸,新世纪百货,商圈/商场聚合,新世纪百货,,,1,0.0,0.0,0,0,0,,,,,1,14.4592,0.0,,,,0,4,0,0,,,,,,,,,,,,,,,,,,,,,,,,,,,,,,,,,0,,,0,,,,,,,,,,商场样本/点评为商圈聚合；人口、收入、社零、交通、餐饮、政策多为城市级代理；客流/核心租金仅部分重点商圈有明细。,正向: 商场样本数、收入社零、公共交通客运、餐饮集聚、年轻客群、政策支持；逆向或成本约束: 租金/空置率。
中南区,湖南,郴州,万众百货,商圈/商场聚合,万众百货,郴州市北湖路万众百货二楼,,1,1.0,0.0,0,0,0,,,,,1,14.4592,0.0,,,,0,4,1,0,,,,,,,,,,,,,,,,,,,,,,,,,,,,,,,,,0,,,0,,,,,,,,,,商场样本/点评为商圈聚合；人口、收入、社零、交通、餐饮、政策多为城市级代理；客流/核心租金仅部分重点商圈有明细。,正向: 商场样本数、收入社零、公共交通客运、餐饮集聚、年轻客群、政策支持；逆向或成本约束: 租金/空置率。
中南区,湖南,郴州,大润发,商圈/商场聚合,大润发,,,1,0.0,0.0,0,0,0,,,,,1,14.4592,0.0,,,,0,4,0,0,,,,,,,,,,,,,,,,,,,,,,,,,,,,,,,,,0,,,0,,,,,,,,,,商场样本/点评为商圈聚合；人口、收入、社零、交通、餐饮、政策多为城市级代理；客流/核心租金仅部分重点商圈有明细。,正向: 商场样本数、收入社零、公共交通客运、餐饮集聚、年轻客群、政策支持；逆向或成本约束: 租金/空置率。
中南区,湖南,郴州,步步高,商圈/商场聚合,步步高,,,1,0.0,0.0,0,0,0,,,,,1,14.4592,0.0,,,,0,4,0,0,,,,,,,,,,,,,,,,,,,,,,,,,,,,,,,,,0,,,0,,,,,,,,,,商场样本/点评为商圈聚合；人口、收入、社零、交通、餐饮、政策多为城市级代理；客流/核心租金仅部分重点商圈有明细。,正向: 商场样本数、收入社零、公共交通客运、餐饮集聚、年轻客群、政策支持；逆向或成本约束: 租金/空置率。
西南区,四川,都匀,富万家购物广场,商圈/商场聚合,富万家购物广场,都匀人民广场,集购物、娱乐、休闲、餐饮、停车为一体的大型现代购物中心。,1,1.0,1.0,0,0,0,,,,,1,14.4592,0.0,,,,0,4,1,1,,,,,,,,,,,,,,,,,,,,,,,,,,,,,,,,,0,,,0,,,,,,,,,,商场样本/点评为商圈聚合；人口、收入、社零、交通、餐饮、政策多为城市级代理；客流/核心租金仅部分重点商圈有明细。,正向: 商场样本数、收入社零、公共交通客运、餐饮集聚、年轻客群、政策支持；逆向或成本约束: 租金/空置率。
西北区,内蒙古,鄂尔多斯,亚欧商场,商圈/商场聚合,亚欧商场,,,1,0.0,0.0,0,0,0,,,,,1,14.4592,0.0,,,,0,4,0,0,,,,,,,,,,,,,,,,,,,,,,,,,,,,,,,,,0,,,0,,,,,,,,,,商场样本/点评为商圈聚合；人口、收入、社零、交通、餐饮、政策多为城市级代理；客流/核心租金仅部分重点商圈有明细。,正向: 商场样本数、收入社零、公共交通客运、餐饮集聚、年轻客群、政策支持；逆向或成本约束: 租金/空置率。
西北区,内蒙古,鄂尔多斯,西单商场,商圈/商场聚合,西单商场,,,1,0.0,0.0,0,0,0,,,,,1,14.4592,0.0,,,,0,4,0,0,,,,,,,,,,,,,,,,,,,,,,,,,,,,,,,,,0,,,0,,,,,,,,,,商场样本/点评为商圈聚合；人口、收入、社零、交通、餐饮、政策多为城市级代理；客流/核心租金仅部分重点商圈有明细。,正向: 商场样本数、收入社零、公共交通客运、餐饮集聚、年轻客群、政策支持；逆向或成本约束: 租金/空置率。
西南区,四川,铜仁,地王广场,商圈/商场聚合,地王广场,,,1,0.0,0.0,0,0,0,,,,,1,14.4592,0.0,,,,0,4,0,0,,,,,,,,,,,,,,,,,,,,,,,,,,,,,,,,,0,,,0,,,,,,,,,,商场样本/点评为商圈聚合；人口、收入、社零、交通、餐饮、政策多为城市级代理；客流/核心租金仅部分重点商圈有明细。,正向: 商场样本数、收入社零、公共交通客运、餐饮集聚、年轻客群、政策支持；逆向或成本约束: 租金/空置率。
西南区,四川,铜仁,天天见购物广场,商圈/商场聚合,天天见购物广场,民主路,综合性购物商场。,1,1.0,1.0,0,0,0,,,,,1,14.4592,0.0,,,,0,4,1,1,,,,,,,,,,,,,,,,,,,,,,,,,,,,,,,,,0,,,0,,,,,,,,,,商场样本/点评为商圈聚合；人口、收入、社零、交通、餐饮、政策多为城市级代理；客流/核心租金仅部分重点商圈有明细。,正向: 商场样本数、收入社零、公共交通客运、餐饮集聚、年轻客群、政策支持；逆向或成本约束: 租金/空置率。
西北区,陕西,铜川,正大百货商城,商圈/商场聚合,正大百货商城,,是目前铜川市实力最强、规模最大、地理位置最好、配套最全、管理最专业的以“流行、时尚”为主题的中高档现代百货,1,0.0,1.0,1,0,0,,,,,1,14.4592,0.0,,,,0,4,0,1,,,,,,,,,,,,,,,,,,,,,,,,,,,,,,,,,0,,,0,,,,,,,,,,商场样本/点评为商圈聚合；人口、收入、社零、交通、餐饮、政策多为城市级代理；客流/核心租金仅部分重点商圈有明细。,正向: 商场样本数、收入社零、公共交通客运、餐饮集聚、年轻客群、政策支持；逆向或成本约束: 租金/空置率。
华东区,安徽,铜陵,合百商厦,商圈/商场聚合,合百商厦,长江路,当地的老字号商场，硬件较好，但商场女装品牌以淑女装为主，较为成熟、以武汉的散货品牌为主。,1,1.0,1.0,0,0,0,,,,,1,14.4592,0.0,,,,0,4,1,1,,,,,,,,,,,,,,,,,,,,,,,,,,,,,,,,,0,,,0,,,,,,,,,,商场样本/点评为商圈聚合；人口、收入、社零、交通、餐饮、政策多为城市级代理；客流/核心租金仅部分重点商圈有明细。,正向: 商场样本数、收入社零、公共交通客运、餐饮集聚、年轻客群、政策支持；逆向或成本约束: 租金/空置率。
华东区,安徽,铜陵,品牌专卖店,商圈/商场聚合,品牌专卖店,长江路,有爱格、波斯登、雪儿、粉红玛利、季侯风等。,1,1.0,1.0,0,0,0,,,,,1,14.4592,0.0,,,,0,4,1,1,,,,,,,,,,,,,,,,,,,,,,,,,,,,,,,,,0,,,0,,,,,,,,,,商场样本/点评为商圈聚合；人口、收入、社零、交通、餐饮、政策多为城市级代理；客流/核心租金仅部分重点商圈有明细。,正向: 商场样本数、收入社零、公共交通客运、餐饮集聚、年轻客群、政策支持；逆向或成本约束: 租金/空置率。
华东区,安徽,铜陵,铜官广场,商圈/商场聚合,铜官广场,淮河路,商场二楼为少淑女装（我品牌在此楼层）、三楼为淑女装。,1,1.0,1.0,0,0,0,,,,,1,14.4592,0.0,,,,0,4,1,1,,,,,,,,,,,,,,,,,,,,,,,,,,,,,,,,,0,,,0,,,,,,,,,,商场样本/点评为商圈聚合；人口、收入、社零、交通、餐饮、政策多为城市级代理；客流/核心租金仅部分重点商圈有明细。,正向: 商场样本数、收入社零、公共交通客运、餐饮集聚、年轻客群、政策支持；逆向或成本约束: 租金/空置率。
华东区,安徽,铜陵,铜陵商城,商圈/商场聚合,铜陵商城,淮河路与长江路交汇处,服装集中在中福商城，一楼以品牌专卖店中店形式，有曼娅奴、粉红玛利等,1,1.0,1.0,0,0,0,,,,,1,14.4592,0.0,,,,0,4,1,1,,,,,,,,,,,,,,,,,,,,,,,,,,,,,,,,,0,,,0,,,,,,,,,,商场样本/点评为商圈聚合；人口、收入、社零、交通、餐饮、政策多为城市级代理；客流/核心租金仅部分重点商圈有明细。,正向: 商场样本数、收入社零、公共交通客运、餐饮集聚、年轻客群、政策支持；逆向或成本约束: 租金/空置率。
西北区,宁夏,银川,世纪朝阳时代购物中心,商圈/商场聚合,世纪朝阳时代购物中心,,,1,0.0,0.0,0,0,0,,,,,1,14.4592,0.0,,,,0,4,0,0,,,,,,,,,,,,,,,,,,,,,,,,,,,,,,,,,0,,,0,,,,,,,,,,商场样本/点评为商圈聚合；人口、收入、社零、交通、餐饮、政策多为城市级代理；客流/核心租金仅部分重点商圈有明细。,正向: 商场样本数、收入社零、公共交通客运、餐饮集聚、年轻客群、政策支持；逆向或成本约束: 租金/空置率。
西北区,宁夏,银川,华联商场,商圈/商场聚合,华联商场,新华东街繁华地段,集购物、休闲、餐饮、娱乐为一体的商业中心。,1,1.0,1.0,0,0,0,,,,,1,14.4592,0.0,,,,0,4,1,1,,,,,,,,,,,,,,,,,,,,,,,,,,,,,,,,,0,,,0,,,,,,,,,,商场样本/点评为商圈聚合；人口、收入、社零、交通、餐饮、政策多为城市级代理；客流/核心租金仅部分重点商圈有明细。,正向: 商场样本数、收入社零、公共交通客运、餐饮集聚、年轻客群、政策支持；逆向或成本约束: 租金/空置率。
西北区,宁夏,银川,美佳铭城,商圈/商场聚合,美佳铭城,银川市鼓楼南街37号,综合购物商场·,1,1.0,1.0,0,0,0,,,,,1,14.4592,0.0,,,,0,4,1,1,,,,,,,,,,,,,,,,,,,,,,,,,,,,,,,,,0,,,0,,,,,,,,,,商场样本/点评为商圈聚合；人口、收入、社零、交通、餐饮、政策多为城市级代理；客流/核心租金仅部分重点商圈有明细。,正向: 商场样本数、收入社零、公共交通客运、餐饮集聚、年轻客群、政策支持；逆向或成本约束: 租金/空置率。
西北区,宁夏,银川,老百货大楼,商圈/商场聚合,老百货大楼,最繁华的黄金地段新华街闹市区,三楼为服装区。,1,1.0,1.0,0,0,0,,,,,1,14.4592,0.0,,,,0,4,1,1,,,,,,,,,,,,,,,,,,,,,,,,,,,,,,,,,0,,,0,,,,,,,,,,商场样本/点评为商圈聚合；人口、收入、社零、交通、餐饮、政策多为城市级代理；客流/核心租金仅部分重点商圈有明细。,正向: 商场样本数、收入社零、公共交通客运、餐饮集聚、年轻客群、政策支持；逆向或成本约束: 租金/空置率。
东北区,辽宁,锦州,中大购物中心,商圈/商场聚合,中大购物中心,中央大街2段,综合性购物商场·,1,1.0,1.0,0,0,0,,,,,1,14.4592,0.0,,,,0,4,1,1,,,,,,,,,,,,,,,,,,,,,,,,,,,,,,,,,0,,,0,,,,,,,,,,商场样本/点评为商圈聚合；人口、收入、社零、交通、餐饮、政策多为城市级代理；客流/核心租金仅部分重点商圈有明细。,正向: 商场样本数、收入社零、公共交通客运、餐饮集聚、年轻客群、政策支持；逆向或成本约束: 租金/空置率。
东北区,辽宁,锦州,锦州中百商厦,商圈/商场聚合,锦州中百商厦,锦华街109-4,综合性购物商场·,1,1.0,1.0,0,0,0,,,,,1,14.4592,0.0,,,,0,4,1,1,,,,,,,,,,,,,,,,,,,,,,,,,,,,,,,,,0,,,0,,,,,,,,,,商场样本/点评为商圈聚合；人口、收入、社零、交通、餐饮、政策多为城市级代理；客流/核心租金仅部分重点商圈有明细。,正向: 商场样本数、收入社零、公共交通客运、餐饮集聚、年轻客群、政策支持；逆向或成本约束: 租金/空置率。
东北区,辽宁,锦州,锦州百货大楼,商圈/商场聚合,锦州百货大楼,上海路3段28号,老牌综合性购物商场！,1,1.0,1.0,0,0,0,,,,,1,14.4592,0.0,,,,0,4,1,1,,,,,,,,,,,,,,,,,,,,,,,,,,,,,,,,,0,,,0,,,,,,,,,,商场样本/点评为商圈聚合；人口、收入、社零、交通、餐饮、政策多为城市级代理；客流/核心租金仅部分重点商圈有明细。,正向: 商场样本数、收入社零、公共交通客运、餐饮集聚、年轻客群、政策支持；逆向或成本约束: 租金/空置率。
东北区,辽宁,锦州,锦州锦华商场,商圈/商场聚合,锦州锦华商场,上海路三段24号,综合性购物商场·,1,1.0,1.0,0,0,0,,,,,1,14.4592,0.0,,,,0,4,1,1,,,,,,,,,,,,,,,,,,,,,,,,,,,,,,,,,0,,,0,,,,,,,,,,商场样本/点评为商圈聚合；人口、收入、社零、交通、餐饮、政策多为城市级代理；客流/核心租金仅部分重点商圈有明细。,正向: 商场样本数、收入社零、公共交通客运、餐饮集聚、年轻客群、政策支持；逆向或成本约束: 租金/空置率。
华东区,江苏,镇江,百盛商城,商圈/商场聚合,百盛商城,镇江市中山东路214号,,1,1.0,0.0,0,0,0,,,,,1,14.4592,0.0,,,,0,4,1,0,,,,,,,,,,,,,,,,,,,,,,,,,,,,,,,,,0,,,0,,,,,,,,,,商场样本/点评为商圈聚合；人口、收入、社零、交通、餐饮、政策多为城市级代理；客流/核心租金仅部分重点商圈有明细。,正向: 商场样本数、收入社零、公共交通客运、餐饮集聚、年轻客群、政策支持；逆向或成本约束: 租金/空置率。
中南区,湖北,随州,中商玉龙商城,商圈/商场聚合,中商玉龙商城,,是随州地区首屈一指的集购物、餐饮、休闲等多功能于一体的现代化多功能商场。,1,0.0,1.0,0,0,0,,,,,1,14.4592,0.0,,,,0,4,0,1,,,,,,,,,,,,,,,,,,,,,,,,,,,,,,,,,0,,,0,,,,,,,,,,商场样本/点评为商圈聚合；人口、收入、社零、交通、餐饮、政策多为城市级代理；客流/核心租金仅部分重点商圈有明细。,正向: 商场样本数、收入社零、公共交通客运、餐饮集聚、年轻客群、政策支持；逆向或成本约束: 租金/空置率。
中南区,湖北,随州,百货商场,商圈/商场聚合,百货商场,解放路中段,,1,1.0,0.0,0,0,0,,,,,1,14.4592,0.0,,,,0,4,1,0,,,,,,,,,,,,,,,,,,,,,,,,,,,,,,,,,0,,,0,,,,,,,,,,商场样本/点评为商圈聚合；人口、收入、社零、交通、餐饮、政策多为城市级代理；客流/核心租金仅部分重点商圈有明细。,正向: 商场样本数、收入社零、公共交通客运、餐饮集聚、年轻客群、政策支持；逆向或成本约束: 租金/空置率。
中南区,湖北,随州,购物中心,商圈/商场聚合,购物中心,,,1,0.0,0.0,0,0,0,,,,,1,14.4592,0.0,,,,0,4,0,0,,,,,,,,,,,,,,,,,,,,,,,,,,,,,,,,,0,,,0,,,,,,,,,,商场样本/点评为商圈聚合；人口、收入、社零、交通、餐饮、政策多为城市级代理；客流/核心租金仅部分重点商圈有明细。,正向: 商场样本数、收入社零、公共交通客运、餐饮集聚、年轻客群、政策支持；逆向或成本约束: 租金/空置率。
东北区,辽宁,鞍山,新亚百货,商圈/商场聚合,新亚百货,鞍山市铁东区二道街74号新亚百货四楼,地处繁华的商业区中心，二层：专营时尚女装、各种名贵珠宝首饰、工艺品。,1,1.0,1.0,0,0,0,,,,,1,14.4592,0.0,,,,0,4,1,1,,,,,,,,,,,,,,,,,,,,,,,,,,,,,,,,,0,,,0,,,,,,,,,,商场样本/点评为商圈聚合；人口、收入、社零、交通、餐饮、政策多为城市级代理；客流/核心租金仅部分重点商圈有明细。,正向: 商场样本数、收入社零、公共交通客运、餐饮集聚、年轻客群、政策支持；逆向或成本约束: 租金/空置率。
东北区,辽宁,鞍山,百盛购物中心,商圈/商场聚合,百盛购物中心,鞍山市二道街88号,集购物、餐饮、休闲为一体的大型综合性商场――百盛购物中心开业,1,1.0,1.0,0,0,0,,,,,1,14.4592,0.0,,,,0,4,1,1,,,,,,,,,,,,,,,,,,,,,,,,,,,,,,,,,0,,,0,,,,,,,,,,商场样本/点评为商圈聚合；人口、收入、社零、交通、餐饮、政策多为城市级代理；客流/核心租金仅部分重点商圈有明细。,正向: 商场样本数、收入社零、公共交通客运、餐饮集聚、年轻客群、政策支持；逆向或成本约束: 租金/空置率。
东北区,辽宁,鞍山,鞍山银座,商圈/商场聚合,鞍山银座,鞍山市铁东区二道街74号,地处黄金地段，以中高档商品为主的大型商业广场！,1,1.0,1.0,1,0,0,,,,,1,14.4592,0.0,,,,0,4,1,1,,,,,,,,,,,,,,,,,,,,,,,,,,,,,,,,,0,,,0,,,,,,,,,,商场样本/点评为商圈聚合；人口、收入、社零、交通、餐饮、政策多为城市级代理；客流/核心租金仅部分重点商圈有明细。,正向: 商场样本数、收入社零、公共交通客运、餐饮集聚、年轻客群、政策支持；逆向或成本约束: 租金/空置率。
中南区,广东,韶关,益华百货,商圈/商场聚合,益华百货,,正在启动中,1,0.0,1.0,0,0,0,,,,,1,14.4592,0.0,,,,0,4,0,1,,,,,,,,,,,,,,,,,,,,,,,,,,,,,,,,,0,,,0,,,,,,,,,,商场样本/点评为商圈聚合；人口、收入、社零、交通、餐饮、政策多为城市级代理；客流/核心租金仅部分重点商圈有明细。,正向: 商场样本数、收入社零、公共交通客运、餐饮集聚、年轻客群、政策支持；逆向或成本约束: 租金/空置率。
华东区,安徽,马鞍山,新世界百货,商圈/商场聚合,新世界百货,铁东区五一路38号,综合性购物超市！,1,1.0,1.0,0,0,0,,,,,1,14.4592,0.0,,,,0,4,1,1,,,,,,,,,,,,,,,,,,,,,,,,,,,,,,,,,0,,,0,,,,,,,,,,商场样本/点评为商圈聚合；人口、收入、社零、交通、餐饮、政策多为城市级代理；客流/核心租金仅部分重点商圈有明细。,正向: 商场样本数、收入社零、公共交通客运、餐饮集聚、年轻客群、政策支持；逆向或成本约束: 租金/空置率。
华东区,安徽,马鞍山,新亚百货大楼,商圈/商场聚合,新亚百货大楼,马鞍山湖东南路26号,,1,1.0,0.0,0,0,0,,,,,1,14.4592,0.0,,,,0,4,1,0,,,,,,,,,,,,,,,,,,,,,,,,,,,,,,,,,0,,,0,,,,,,,,,,商场样本/点评为商圈聚合；人口、收入、社零、交通、餐饮、政策多为城市级代理；客流/核心租金仅部分重点商圈有明细。,正向: 商场样本数、收入社零、公共交通客运、餐饮集聚、年轻客群、政策支持；逆向或成本约束: 租金/空置率。
中南区,河南,驻马店,乐山商场,商圈/商场聚合,乐山商场,,,1,0.0,0.0,0,0,0,,,,,1,14.4592,0.0,,,,0,4,0,0,,,,,,,,,,,,,,,,,,,,,,,,,,,,,,,,,0,,,0,,,,,,,,,,商场样本/点评为商圈聚合；人口、收入、社零、交通、餐饮、政策多为城市级代理；客流/核心租金仅部分重点商圈有明细。,正向: 商场样本数、收入社零、公共交通客运、餐饮集聚、年轻客群、政策支持；逆向或成本约束: 租金/空置率。
东北区,黑龙江,鸡西,百货大楼,商圈/商场聚合,百货大楼,中心大街３６号,主要从事：日用百货，针纺织品，服装，鞋帽,1,1.0,1.0,0,0,0,,,,,1,14.4592,0.0,,,,0,4,1,1,,,,,,,,,,,,,,,,,,,,,,,,,,,,,,,,,0,,,0,,,,,,,,,,商场样本/点评为商圈聚合；人口、收入、社零、交通、餐饮、政策多为城市级代理；客流/核心租金仅部分重点商圈有明细。,正向: 商场样本数、收入社零、公共交通客运、餐饮集聚、年轻客群、政策支持；逆向或成本约束: 租金/空置率。
中南区,河南,鹤壁,"分新区和老区,主要商圈在红旗路周围.",商圈/商场聚合,地王广场,,,1,0.0,0.0,0,0,0,,,,,1,14.4592,0.0,,,,0,4,0,0,,,,,,,,,,,,,,,,,,,,,,,,,,,,,,,,,0,,,0,,,,,,,,,,商场样本/点评为商圈聚合；人口、收入、社零、交通、餐饮、政策多为城市级代理；客流/核心租金仅部分重点商圈有明细。,正向: 商场样本数、收入社零、公共交通客运、餐饮集聚、年轻客群、政策支持；逆向或成本约束: 租金/空置率。
中南区,江西,鹰潭,中兴步行街,商圈/商场聚合,中兴百货,,大型综合性购物商场！,1,0.0,1.0,0,0,1,,,,,1,14.4592,0.0,,,,0,4,0,1,,,,,,,,,,,,,,,,,,,,,,,,,,,,,,,,,0,,,0,,,,,,,,,,商场样本/点评为商圈聚合；人口、收入、社零、交通、餐饮、政策多为城市级代理；客流/核心租金仅部分重点商圈有明细。,正向: 商场样本数、收入社零、公共交通客运、餐饮集聚、年轻客群、政策支持；逆向或成本约束: 租金/空置率。
中南区,湖北,黄石,华夏城商场,商圈/商场聚合,华夏城商场,,,1,0.0,0.0,0,0,0,,,,,1,14.4592,0.0,,,,0,4,0,0,,,,,,,,,,,,,,,,,,,,,,,,,,,,,,,,,0,,,0,,,,,,,,,,商场样本/点评为商圈聚合；人口、收入、社零、交通、餐饮、政策多为城市级代理；客流/核心租金仅部分重点商圈有明细。,正向: 商场样本数、收入社零、公共交通客运、餐饮集聚、年轻客群、政策支持；逆向或成本约束: 租金/空置率。
东北区,黑龙江,齐齐哈尔,利群,商圈/商场聚合,利群,,综合性购物商场·,1,0.0,1.0,0,0,0,,,,,1,14.4592,0.0,,,,0,4,0,1,,,,,,,,,,,,,,,,,,,,,,,,,,,,,,,,,0,,,0,,,,,,,,,,商场样本/点评为商圈聚合；人口、收入、社零、交通、餐饮、政策多为城市级代理；客流/核心租金仅部分重点商圈有明细。,正向: 商场样本数、收入社零、公共交通客运、餐饮集聚、年轻客群、政策支持；逆向或成本约束: 租金/空置率。
东北区,黑龙江,齐齐哈尔,百货大楼,商圈/商场聚合,百货大楼,龙沙区卜奎大街100号,综合性购物商场·,1,1.0,1.0,0,0,0,,,,,1,14.4592,0.0,,,,0,4,1,1,,,,,,,,,,,,,,,,,,,,,,,,,,,,,,,,,0,,,0,,,,,,,,,,商场样本/点评为商圈聚合；人口、收入、社零、交通、餐饮、政策多为城市级代理；客流/核心租金仅部分重点商圈有明细。,正向: 商场样本数、收入社零、公共交通客运、餐饮集聚、年轻客群、政策支持；逆向或成本约束: 租金/空置率。
